id,brand,name,desc,price,product_id,cluster_id
1434308545,Beco,"Comfort foam mattress ""Royal Duo KS"", Beco, 21 cm high, density: 30, orthopedic mattress core contour, white, 140 cm x 200 cm x 21 cm 140 cm x 200 cm x 21 cm","Beco: The comfort foam mattress ""Royal Duo KS"" from BeCo is approx. 21 cm high, has 7 sleeping zones and is extremely point-elastic, dimensionally stable and breathable. All firmness levels H2, H3 and H4 = 1 price. It features a special orthopedic mattress core contour that supports nighttime spinal extension and intervertebral disc regeneration. In addition, the mattress has a soft shoulder relief system. The skin-friendly, functional and elastic double-cloth cover (100% polyester) is quilted with a breathable climate fiber (100% polyester). The cover has a 4-sided zipper, is separable, removable and washable up to 60 °C. Ideal for people allergic to pet hair. The open-pored materials ensure a good sleeping climate. Made in Germany.",251.99,1739985306,2
1628142291,Bibliographisches Institut  Berlin,Easy Learning with Raven Linus: My Learning Memo with Raven Linus - Syllables (Children's Game),Easy Learning with Raven Linus: My Learning Memo with Raven Linus - Syllables (Children's Game). Which pieces belong together? Find the matching syllables and discover what the complete words look like! Children aged 5 and up can develop a feel for words and syllables in a playful way while simultaneously strengthening their concentration and memory. The memo game with Raven Linus is a playful training tool for learning to read.,7.99,2721550319,18
3082154081,Adidas,"adidas handball shoe ""Handball Spezial"", moisture-repellent, padded insole, men's, black/white, 42 2/3, 2/3","In 1979 it was the shoe of choice among professional handball players; today the classic is a celebrated streetwear favorite. This version features an upper made of soft nubuck suede. For the authentic vintage vibe, the soft natural rubber outsole is of course included.",99.95,1622655555,24
4358894069,Graef,Graef Slicer SLICED KITCHEN SKS 903 (slicer),eBay template - computeruniverse\n\n&nbsp;\n\n&nbsp;\n\n&nbsp;\n\n&nbsp;\n\n&nbsp;\n\n&nbsp;\n\n1\n\n--Notebooks & PCs\n--Notebooks & Accessories\n--Notebooks\n--Notebook Accessories\n--Notebook Bags\n--PC Systems\n--Servers & Accessories\n--Servers\n--Server Accessories\n--E-Book Readers & Accessories\n--E-Book Readers\n--E-Book Reader Accessories\n--Computers & Office\n--Monitors\n--Multifunction Devices & Printers\n--Multifunction Devices\n--Laser Printers\n--Inkjet Printers\n--Photo Printers\n--Printer Accessories\n--USB Cables\n--Specialty Printers / Plotters\n--Keyboards & Mice\n--Mice\n--Keyboards\n--Trackballs\n--Presenters\n--Graphics Tablets\n--KVM Switch Boxes\n--Cleaning Products\n--USB Sticks / External HDDs / NAS\n--USB Sticks\n--USB Accessories\n--External Hard Drives\n--Hard Drive Accessories\n--NAS\n--NAS Accessories\n--Speakers\n--Webcams\n--Headsets\n--Headset Accessories\n--Headphones\n--Headphone Accessories,632.53,1043146066,33
2073591147,BeCo EXCLUSIV,"Comfort foam mattress Wellness Deluxe, BeCo EXCLUSIV, 27 cm high, Foam density: 35, rated ""VERY GOOD"" by customers *100 cm x 200 cm x 27 cm","Details Sleeping position , side sleeper, Number of sleeping zones , 7, Firmness level , 3, Body weight from , 81 kg, Body weight up to , 100 kg, Features & functions Number of carry handles , 4 pcs., Allergy information , suitable for house dust mite allergy sufferers, Mattress properties , usable as a flippable mattress, Mattress cover properties , removable with zipper, Dimensions & weight Width , 100 cm, Length , 200 cm, Height , 27 cm, Cover Type Top cover , double cloth, Bottom cover type , double cloth, Material composition , Cover: 77% polyester, 21% viscose, 2% elastane. Quilting fill: 100% polyester, Care instructions , Cover machine wash up to 60°C, Core construction Core construction , comfort foam (wave, 24 cm high, 35 kg/m3), Additional information Warranty (core) , 5 year(s), Test seal , Tested ""GOOD"" for product quality by TÜV SÜD in size 90/200 cm firmness level 2. Tested: mechanical durability; lying properties; ingredients (identical to model ""Wellness Delux"" according to certificate Z2 12 11 21620 088) Customers rated * 11-12/2014! With an overall grade of 1.1; Lying properties: 1.1, Hygiene: 1.0; Handling: 1.2; 9 out of 10 customers would recommend this mattress. *Result of a customer survey: Nov.-Dec. 2014 (91 participants) Customers rated * 11-12/2014! With an overall grade of 1.1; Lying properties: 1.1, Hygiene: 1.0; Handling: 1.2; 9 out of 10 customers would recommend this mattress. *Result of a customer survey: Nov.-Dec. 2014 (91 participants) (the tested size was 90x200 cm in firmness level 2), Contents Number of pieces , 1 pc., Delivery , original dimensions, Delivery details , The mattress is delivered in original dimensions to your apartment/house., Ordering notes Slatted frame note , We recommend that when changing a mattress you also use a new slatted frame. Please note that for bed size 160/200 cm = 2x 80/200 cm slatted frames, for size 180/200 cm = 2x 90/200 cm slatted frames and for size 200/200 cm = 2x 100/200 cm slatted frames are required. Sizes 80/190 cm and 90/190 cm are special sizes; please double-check your bed dimensions. A slatted frame with at least 28 slats (for 200 cm length) is recommended. Before placing your order, be sure to measure the internal dimensions of the bed frame.",299.99,1285950280,36
4158629441,Nike,Nike Squad Crew Socks - White,"The Nike Squad Crew socks are made from sweat-wicking material with cushioning in high-wear areas for high performance and comfort during sports. Dri-FIT technology provides dry comfort. Cushioning in high-wear areas also adds durability. Material: 88% polyester, 9% cotton, 3% elastane",6.69,2761658531,41
1639256138,Kneer,"Fitted sheet »Exclusive-Stretch«, (1 pc.), optimal fit, sheet, 43679366-0 pink W/L: 180-200 cm x 200-220 cm (1 pc.)","With the Exclusive-Stretch fitted sheet you are getting an absolute top-quality product. Thanks to the yarn composition of 95% cotton and 5% elastane, and due to the particularly high-quality finishing, the fitted sheet has an exceptionally silky-shiny and smooth sleeping surface. The extremely elastic and hard-wearing Exclusive-Stretch fitted sheet is also suitable for very deep mattresses, box-spring beds and waterbeds up to a height of 40 cm. Its clever construction with rounded corners and a permanently sewn-in all-around elastic ensures a perfect fit on the mattress.",107.94,1324746498,48
1371718847,Beco,"Comfort foam mattress »Royal Duo KS«, Beco, 21 cm high, foam density: 30, orthopaedic mattress core contour, white, 80 cm x 200 cm x 21 cm 80 cm x 200 cm x 21 cm","Beco: The comfort foam mattress “Royal Duo KS” from BeCo is approx. 21 cm high, has 7 sleeping zones and is extremely point-elastic, dimensionally stable and breathable. All firmness levels H2, H3 and H4 = 1 price. It features a special orthopaedic mattress core contour that supports nightly spinal stretching and intervertebral disc regeneration. In addition, the mattress has a soft shoulder relief system. The skin-friendly, functional and elastic double-cloth cover (100% polyester) is quilted with a breathable climate fiber (100% polyester). The cover has a 4-sided zipper, is divisible, removable and washable up to 60 °C. Ideal for pet-hair allergy sufferers. The open-pored materials ensure a good sleeping climate. Made in Germany.",167.99,1739980608,61
2062777752,Hemafa,"Hemafa comfort foam mattress ""GEL STYLE 2200""",Gel art mattress with a one-sided topper for optimal PRESSURE RELIEF. Approx. 22 cm mattress height with 7 lying zones. Breathable cold foam support core with a one-sided high gel art topper. Mattress with,584.99,1334283705,62
3429530265,Braun,"Braun electric toothbrush Oral-B Pulsonic Slim One 2900, incl. 2nd handle",,101.85,1435573037,65
4590034064,Vision S,"Vision S sliding panel curtain OPALIA (1 pc), HxW: 245x60 cm, decorative fabric digital print 245 cm, panel carrier, 60 cm, blue curtains","This sliding panel curtain with the digital photo print ""OPALIA"" creates a great effect at your windows thanks to the photorealistic motif. The panel curtain has been digitally printed, showing brilliant colors on the dense decorative fabric with a silk-look and subtle effects. The sides have been cut using a special laser technique. Includes panel carrier with rollers and x-gliders for all common curtain tracks. The high-quality aluminium clamp bar allows you to shorten the sliding panel curtain to any desired height. Material: 100% polyester. This sliding panel curtain combines very well with other sliding panel curtains.",50.99,1538167624,75
3633533062,Walimex,"Walimex pro 650-1300-8-16 DSLR Samsung NX zoom lens, camera mount: Samsung NX","Walimex pro 650-1300-8-16 DSLR Samsung NX zoom lens, camera mount: Samsung NX",329.0,407084305,92
1372178479,Home Wohnideen,Panel curtain 'RAWLINS' Home Living Ideas Lilac,"Gone are the days when curtains served only as privacy screens. This model gives your home a completely new look. It is equipped with a panel carrier, which makes it hang especially nicely. Treat your home to a fresh look and order the curtain now—quickly and conveniently in our online shop!",54.99,1012832077,99
3926916973,Home Wohnideen,"HOME WOHNIDEEN sliding panel curtain BENARI, HxW: 245x60, incl. mounting accessories green living room curtains curtains by room drapes","This sliding panel curtain with the digital photo print ""BENARI"" creates a great effect on your windows thanks to the photorealistic motif. The panel curtain was digitally printed to show its brilliance on the dense decorative fabric with a silk look and subtle effects. The sides have been cut using a special laser technique. Includes panel carrier with rollers and x-gliders for all common curtain tracks. The high-quality aluminium clamping rail allows you to shorten the sliding panel curtain to any desired height. Material: 100% polyester. This sliding panel curtain can be very well combined with other sliding panel curtains.",59.78,1285123046,100
2071860396,Oral B,"Oral-B Pulsonic Slim One 2900 Duo white, sonic technology, with integrated timer, electric toothbrush, color/design: white, second handpiece: yes","Cleaning technology: Sonic | Oscillation rate: 31,000 rpm | Cleaning programs: 3 | Timer | Charge level indicator",55.0,1435573037,65
3214249594,Airoh,"Airoh Commander Skill Motocross Helmet, gray, size S","* Double D-ring fastener * Ventilation at chin, front and top * Visor (scratch-resistant and UV-resistant, extra wide field of view, Pinlock-ready) | Item: Airoh Commander Skill Motocross Helmet, gray, size S",359.90003,2491910760,130
1995007743,Yves Saint Laurent,YSL Rouge Volupté Shine Lip Colour,"Rouge Volupté Shine by Yves Saint Laurent is a lipstick that combines color, shine and moisture. The luminous and opaque color from Yves Saint Laurent with 8 hours of hydration and spectacular shine. Enjoy the silky and pleasant sensation as you glide it over your lips. Rouge Volupté Shine is formulated with a nutrient-rich plant complex that cares for, smooths and softens the lips while providing comfort. With a slightly melting texture and smooth feel, it is suitable for all skin types.",37.91,1511754467,132
3047893935,BABOR,AGE ID Make up Glossy Lip Colour 08 soft rose,"The Babor Lip Gloss fuses seductively with the lips as soon as it is applied. With high-quality plant oils. Available in 4 shades. Discover now. Long-lasting lipstick with an ultra-glossy finish The Babor Lip Gloss fuses seductively with the lips as soon as it is applied. With high-quality plant oils. Available in 4 shades. Discover now. Benefits at a glance: gives the lips a hint of colour with a high-shine, glossy finish allows the natural lip colour to show through the applied shade particularly harmonises well with the complexion plant oils provide a perfect caring sensation Additionally offers an optical plumping effect and long-lasting wear Application: First trace the upper lip from the inside out with the Glossy Lip Colour, then continue with the lower lip. Gently dab the inside of the lips with a tissue so that no colour sticks to the teeth.",21.17,845830827,133
3249295282,Airoh,"Airoh Commander Skill, Enduro Helmet - Matte Gray/Dark Gray/Blue/Red - XXL","Choose your route — the Commander adapts to every scenario. Its innovative design allows you to easily change its configuration, from the combination of peak and visor for off-road use, to the mode without peak and with visor for street use. To prove itself on a demanding off-road route, the helmet can also be used without the visor. The latest Airoh innovations in design and technology are combined in the Commander to redefine standards and achieve a level of performance others cannot reach: HPC (High Performance Composite), extra wide visor, integrated sun visor, Pinlock® lens included, aerodynamic peak, three-zone ventilation, Bluetooth preparation, outer shells in two sizes and a range of striking graphics. Weight 1430 g ± 50 g. Material: HPC (High Performance Composite). Ventilation: front ventilation, chin ventilation, top vents. Fastening system: double-D ring. Lining: removable and washable, hypoallergenic lining. Visor: extra wide field of view, scratch-resistant, UV-resistant, locking system, anti-fog position. Homologation: ECE 22-05. HPC (High Performance Composite): by combining composite materials with prepreg technology, highly efficient strength results can be achieved without neglecting lightness. Note: Please note that unless otherwise stated in the item description, all helmets that are supplied standard with a visor are delivered with a clear visor, even if shown differently in images.",359.9,2491910760,130
4683128574,BIRKENSTOCK,"Birkenstock ""Boston ESD"" house shoe 38","Size , 38, Sizing system , EU sizes, EU sizes, Color , black, Upper material , Upper material: leather, Lining , No lining, Closure , Buckle, Toe shape , round, Insole material , No lining, Outsole material , PU, Outsole profile , lightly profiled, Shaft width , regular shaft,",94.99,3631090120,149
4683128693,BIRKENSTOCK,Birkenstock 'Boston ESD' house shoe 40,"Size , 40, Size system , EU sizes, EU sizes, Color , blue, Upper material , Upper material: leather, Lining , No lining, Closure , Buckle, Toe shape , round, Insole material , No lining, Outsole material , PU, Outsole profile , lightly profiled, Shaft width , regular shaft,",94.99,1913270470,150
1328713620,adidas,adidas Originals HANDBALL SPEZIAL sneakers black 44.5,"Size , 44.5, Size system , EU sizes, Size note , Runs small; please order one size up., Manufacturer color designation , Core Black / Cloud White / Gum5, Color , black, white, Appearance , solid color with color accents, Upper material , Leather, Synthetic, Lining material , Synthetic, Style , casual, Embellishments , label, logo lettering, Closure , Lace-up, Closure details , adjustable, Toe shape , round, Insole material , Textile, Outsole material , Rubber, Outsole properties , slip-resistant, Outsole profile , smooth, Stud pattern outsole , indoor court, Shoe height , low,",79.63,1511483122,171
2138241335,Biederlack,Throw blanket XXL UNO COTTON (BL 220x240 cm) Biederlack,"· beige · 50% cotton, 43% polyacrylic, 7% polyester · Confidence in Textiles - Oeko‑Tex Standard 100 · Confidence in Textiles - Oeko‑Tex Made in Green · Cotton made in Africa · Made in Germany · Uno Cotton is a plain 220x240 cm XXL throw made of easy-care dralon® and breathable cotton with Cotton made in Africa. The snug, cuddly blanket in classic beige is finished with a fine velour binding, is hard-wearing and provides excellent warmth. A popular all-rounder that belongs in every home and is ideal as a sofa throw or bedspread. Material: 50% cotton, 43% polyacrylic, 7% polyester",76.9,1377073738,175
2062122607,"Bibliographisches Institut, Berlin / Duden",My Learning Memory with Raven Linus - Number Game (Children's Game) / Easy Learning with Raven Linus,"Learn the numbers up to 20 with Raven Linus and find the corresponding quantities. Children from 5 years can develop a first sense of counting in a playful way and, incidentally, strengthen their concentration and memory. The number memory game with Raven Linus is the ideal preparation for first arithmetic.",8.49,2996525770,179
4437686963,Bibliographisches Institut,My Learning Memo with Raven Linus - Number Game Dorothee Raab Game Linus Learning Games,My Learning Memo with Raven Linus - Number Game Dorothee Raab Game Linus Learning Games,10.49,2996525770,179
335140369784,MID.YOU,"Mid.you corner sofa, anthracite, silver, textile, 4-seater, filling: silicone, foam flakes, can be assembled mirrored once, 244x212 cm, made in EU, type selection, sleeping at seat height, real back, living room, sofas & couches, modular sofas, corner sofas with sleeping function","Mid.you corner sofa in the color anthracite, silver, made of textile. This is a 4-seater. The filling consists of silicone and foam flakes. The fabric composition is 100%. The shape of the item can be assembled mirrored once. The item dimensions are 244x212 cm. It is labeled: Made in EU. Special features: type selection, sleeping at seat height, real back. Included with purchase: back cushions, storage drawer (ottoman/storage box), sleeping function, storage space, sleeping surface in the original fabric.",999.0,4663839989,183
3938878589,Nike,"Nike Unisex Nike Squad team socks, Black-White, S/M (EU 34-38)",Sweat-wicking material helps keep the feet dry and comfortable.,8.9,3120778611,184
18468637596,Kneer,"Fitted sheet KNEER ""Exclusive-Stretch"" sheet Size W/L: 180-200 cm x 200-220 cm (1 pc), jersey-elastane, 40 cm, purple (blackberry) bed sheet bedding optimal fit","With the Exclusive-Stretch fitted sheet you are purchasing an absolute top product. Thanks to the yarn composition of 95% cotton and 5% elastane, as well as the particularly high-quality finish, the fitted sheet has an exceptionally silky shiny and smooth lying surface. The extremely stretchy and durable Exclusive-Stretch fitted sheet is also suitable for very high mattresses, box spring beds and waterbeds up to a height of 40 cm. Its clever construction with rounded corners and an all-around elastic band sewn in out of sight ensures a perfect fit on the mattress.",107.94,1324747237,185
4206296451,Graef,"Graef SKS903EU all-purpose slicer, 185 W, 15 mm max slicing thickness, aluminum, plastic, anodized aluminum - red","Product type: all-purpose slicer | Operation: electric | Cutting length: 230 mm | Cutting thickness: 0 to 15 mm | Max. power in W: 185 | Housing material: aluminum, stainless steel | Scope of delivery: MiniSlice attachment, stainless steel tray, food pusher",637.17,1043146066,33
3797577433,BIRKENSTOCK,"Birkenstock ""Birkenstock Boston ESD clog black narrow"" sandal 38","Size, 38, Color, black, Upper material, leather, Style, casual, Toe shape, round, Insole material, cork, latex,",93.99,3631090120,149
4683128695,BIRKENSTOCK,"Birkenstock ""Boston ESD"" slipper 38","Size , 38, Sizing system , EU sizes, EU sizes, Color , blue, Upper material , Upper material: leather, Lining , No lining, Closure , buckle, Toe shape , round, Insole material , No lining, Outsole material , PU, Outsole profile , lightly profiled, Shaft width , normal shaft,",94.99,3321918357,192
18467925256,Kneer,"Fitted sheet KNEER ""Exclusive-Stretch"" fitted sheet Size W/L: 180-200 cm x 200-220 cm (1 pc.), jersey-elastane, 40 cm, blue (lagoon) bed sheet linens optimal fit","With the Exclusive-Stretch fitted sheet you are purchasing an absolute top product. Thanks to the yarn composition of 95% cotton and 5% elastane, and due to the particularly high-quality finishing, the fitted sheet has an exceptionally silky shiny and smooth sleeping surface. The extremely stretchy and hard-wearing Exclusive-Stretch fitted sheet is also suitable for very high mattresses, box-spring beds and waterbeds up to a height of 40 cm. Its clever construction with rounded corners and a concealed sewn-in all-around elastic ensures a perfect fit on the mattress.",107.94,1324746422,199
2132712586,Goodyear,Goodyear 275/25ZR21 (92Y) Eagle F1 Supersport R X,Goodyear 275/25ZR21 (92Y) Eagle F1 Supersport R X,463.93,1626693599,206
3082148037,Adidas,"adidas handball shoe ""Handball Spezial"", moisture-repellent, padded insole, for men, black/white, 44, 44","In 1979 it was the shoe of choice among professional handball players; today the classic is a celebrated streetwear favorite. This version features an upper made of soft nubuck suede. For an authentic vintage vibe, the soft natural rubber outsole is, of course, a must.",99.95,1469578364,208
3077577348,CreaTable,"Combination set, ""Bella Casa Aqua"", dishwasher-safe, CreaTable",Combination set for 4 people from CreaTable. Made of high-quality stoneware. With hand-painted spiral decoration in trendy shades of blue. Dishwasher-safe. Microwave-safe.,59.99,1970396950,216
1512606886,adidas,"adidas handball shoe ""Handball Spezial"", moisture-repellent, padded insole, for men, black/white, size 46","adidas shoes in black. In 1979 it was the shoe of choice among professional handball players; today the classic is a celebrated streetwear favorite. This version features an upper made of soft nubuck leather. For the authentic vintage vibe, the soft natural rubber outsole is naturally included.",95.9,1622656381,221
3797571274,NIKE,NIKE Squad Crew Socks (010),"Create sporty looks even in your free time and everyday life with this sweat-wicking black model. The Nike sports sock is the right choice. It is comfortable, elastic and lightweight. A great model from the globally successful sportswear manufacturer founded in 1971, recognizable by the Swoosh. Product details: - Features: lightweight, comfortable, elastic - Material: 67% nylon, 23% cotton, 6% polyester, 4% elastane Item number: SK0030-010 Color: Black",5.97,3120778611,184
2118343045,,"Sliding panel 'Scherli', loop tape, wool-white 245 x 60 cm","Beautiful modern sliding curtain made of transparent voile with an attractive Scherli wave pattern. With the supplied panel carrier including an aluminum clamping strip, you can mount the sliding curtain very easily. The sides are laser-cut — this prevents fraying — and it is made of 100% polyester.",38.95,1257924385,241
1487880547,Bell Helme,"Bell Custom 500 DLX Streak Jet Helmet, black-gold, Size XL","* Low-profile fiberglass composite shell construction * Multi-layer EPS lining with varying densities * 5 specific shell sizes for a low-profile look and customized fit | Item: Bell Custom 500 DLX Streak Jet Helmet, black-gold, Size XL",160.99034,1913248983,248
4897654827,ASICS,Asics Gel-Kayano 29 Women's Running Shoes - Pink - 7,Asics Gel-Kayano 29 Women's Running Shoes - Pink - 7,118.99,4000562923,255
1592249119,YVES SAINT LAURENT,YVES SAINT LAURENT - Rouge Volupté Shine Lipstick - The Oil-in-Stick Lipstick - N°46 Orange Perfecto (4.5 g),"You can rely on Rouge Volupté Shine in any situation: the iconic oil-in-stick lipstick from Yves Saint Laurent combines soft color with heavenly wearing comfort and soothing care. Six sensuous oils provide long-lasting moisture to the lips. Four new spring shades — inspired by the radiant glow of metropolises — expand the iconic ROUGE VOLUPTÉ SHINE lipstick collection: N°57 ROUGE SPENCER - a powerful, vibrant pink-red, N°58 ORANGE TOURNON - an energetic, captivating orange, N°59 FUCHSIA JUMPSUIT - a rebellious, pop pink and N°60 ROSE MARCEAU - a fresh, luminous coral-pink. Contents: 4 ml",29.95,803771084,264
4099060832,Nike,NIKE Squad Crew sports socks Unisex white/black 46-50,"The NIKE Squad Crew sports socks combine sweat-wicking material with targeted cushioning to deliver high-performance wearing comfort during competition. Product details: Sweat-wicking material for dry comfort; Cushioning in high-stress areas increases durability; Material: 88% polyester, 9% cotton, 3% elastane; Machine washable.",7.99,2761658153,275
3797577168,Nike,"Nike, Squad, Mid-Length Socks, Unisex Adult, Black-White, 46-50 EU (XL)",Breathable fabric for comfort and dry skin. Cushioning in areas that are subject to the greatest wear. 88% polyester / 9% cotton / 3% spandex. Machine washable.,6.76,3003303751,284
3845755569,Nike,"Nike Squad team socks, White/Black, M",Hand wash. Fabric type: 88 percent polyester; 9 percent cotton; 3 percent elastane. Package size: 3.2 L x 21.0 H x 9.7 W (cm). Dynamic plantar support. Moisture-wicking fabric. Breathability,13.41,2761658531,41
1639155385,Kneer,"Fitted sheet »Exclusive-Stretch«, (1 pc.), optimal fit, sheet, 15383662-0 green W/L: 180-200 cm x 200-220 cm (1 pc.)","With the Exclusive-Stretch fitted sheet you are purchasing an absolute top product. Thanks to the yarn combination of 95% cotton and 5% elastane, as well as the particularly high-quality finishing, the fitted sheet has an exceptionally silky-shiny and smooth surface. The extremely stretch- and hard-wearing Exclusive-Stretch fitted sheet is also suitable for very high mattresses, box-spring beds and waterbeds up to a height of 40 cm. Its clever construction with rounded corners and a concealed all-around elastic provides a perfect fit on the mattress.",107.94,1324744550,296
1512564701,adidas,"adidas handball shoe ""Spezial Boost"" for men, blue/white, 44 2/3","adidas shoes blue suede. The legendary Spezial first appeared on professional players in the late '70s; today its 40th anniversary is celebrated with a Boost update. The handball shoe, just like the original, features clean suede, while the responsive cushioning provides a comfortable feel. In addition, the particularly grippy outsole enables quick changes of direction.",120.0,1645426542,300
2060575805,adidas,adidas Handball Spezial Sneaker black 44 2/3 EU,"Style: Retro, Sport | Cut: low/low-cut, narrow | Heel type: flat | Closure: lace-up | Insole: cushioned, textile | Outsole: slip-resistant, rubber/synthetic | Outer sole: shock-absorbing plastic | Opening: padded | Toe: round, soft toe box | Heel: logo heel tab, reinforced | Pattern: multicolored | Upper material: leather, suede | Lining: textile/synthetic | Sport: handball",68.9,1511483122,171
3993258388,Bibliographisches Institut,My Learning Memo with Raven Linus - Syllables | Dorothee Raab | Game | German | 2019,My Learning Memo with Raven Linus - Syllables | Dorothee Raab | Game | German | 2019,10.49,2721550319,18
2118343024,,SLIDING PANEL CURTAIN DECORATIVE FABRIC DIGITAL PRINT BENARI PETROL 245 X 60 CM,"This sliding panel curtain with the digital photo print ""BENARI"" creates a great effect on your windows thanks to its photorealistic motif. The sliding panel was digitally printed to show its brilliance on the dense decorative fabric with a silk look and subtle effects. The edges were cut using a special laser technique. Includes panel carrier with rollers and x-gliders for all common curtain rails. The high-quality aluminium clamp rail allows you to shorten the sliding panel to any desired height. Material: 100% polyester. This sliding panel curtain can be combined very well with other sliding curtains.",37.95,1285123046,100
1487880545,Bell Helme,"Bell Custom 500 DLX Streak Jet Helmet, black-gold, size M","* Low-profile fiberglass composite shell construction * Multi-layer EPS lining with varying densities * 5 specific shell sizes for a low-profile look and individualized fit | Item: Bell Custom 500 DLX Streak Jet Helmet, black-gold, size M",160.99034,1913248983,248
4093010754,BIEDERLACK,"Bedspread Plaid / Blanket Uno Cotton camel 220 x 240 cm, BIEDERLACK","Material Material composition, 100% of the composition can be found in the description, Material, 100% of the composition can be found in the description,",89.9,1377073738,175
1316806291,Playmobil,"PLAYMOBIL 70370 Girls Figures (Series 18), ages 5+","24 surprise bags with PLAYMOBIL figures in individual parts! For assembling, collecting or mixing heads, torsos, legs and many other parts! Disassemble again - recombine differently - endless play fun, new every day! Figure set for children ages 5 and up: Optimal for children's hands thanks to age-appropriate size and pleasant feel with rounded edges. Suitable for daily play: assembly instructions to do together with parents, high-quality and robust design, parts can be cleaned (without stickers) under running water without chemicals. Contents: 1 surprise figure. Manufacturer: Playmobil",1.99,1721487200,323
1701333915,BeCo,"Comfort foam mattresses, 101-120 kg, 7 zones, 1x 140x200 cm, ""Royal Duo KS"", BeCo",1x 140x200 cm. Special orthopedic mattress core contour. Approx. 21 cm high comfort foam mattress. With 7 sleeping zones. Supports nightly spinal extension. With soft shoulder relief.,299.99,1739985306,2
1374772550,BeCo,"Beco comfort foam mattress »Royal Duo KS«, 160x200 cm, firmness level 3, 81-100 kg, height approx. 21 cm, white",Special orthopedic mattress core contour. Approx. 21 cm high comfort foam mattress. With 7 sleeping zones. Supports nighttime spinal extension. With soft shoulder relief system. Color,314.99,1739984796,339
2062991492,Fein,"Fein compact angle grinder Ø 125 mm wsg 15-125 pq / 1,500 W",Manufacturer: Fein & - Manufacturer code: 72217960000,199.63,477408105,352
1497890852,Home Wohnideen,Home Wohnideen Sliding Curtain Orick White/Turquoise 60x245 cm (W×H) Polyester,Width: 60 cm<br>Height: 245 cm<br>Weight: 0.4 kg,46.99,1538167624,75
1709874755,Creatable,"CreaTable combination set ""Bella Casa Aqua"" (16-piece) earthenware","CreaTable combination set ""Bella Casa Aqua"", 16-piece made of high-quality earthenware in a contemporary coupe shape. The tableware is presented in a ""handmade decor"" with a hand-painted spiral and a reactive outer band in a vintage look. ""Handmade"" also means that the plates may vary in shape, glaze and coloring. This is not a reason for complaint, but intentional and supports the vintage character of this series. Four trendy blue shades in the set: aquamarine blue, light blue, medium blue, dark blue. Color: aqua blue - light blue - medium blue - dark blue",59.99,1970396950,216
1415604956,Home Fashion,Home Fashion 86914-703 Panel curtain digital print Bristol/decorative fabric 245 x 60 cm,"Panel curtain made of opaque decorative fabric, digitally printed. Can be shortened to any desired height. Includes panel carrier with complete accessories - simply hang and you're done! Finished with a high-quality aluminium clamping strip. Includes assembly instructions. Material: 100% polyester, packed in a tube.",34.9,1027555333,358
2118343114,,SLIDING PANEL DECORATIVE FABRIC DIGITAL PRINT RAWLINS LILAC 245 X 60 CM,"This sliding panel with the digital photo print ""RAWLINS"" creates a great effect on your windows thanks to the photorealistic motif. The sliding panel was digitally printed, showing brilliant results on the dense decorative fabric with a silk look and subtle effects. The edges were cut using special laser technology. Includes panel carrier with small rollers and x-gliders for all common curtain tracks. The high-quality aluminium clamping bar allows you to shorten the sliding panel to any desired height. Material: 100% polyester. This sliding panel combines very well with other sliding curtains.",39.99,1012832077,99
2059500447,Adidas,Adidas HB Spezial Boost UK 10 royal/white/gold,"The Adidas HB SPEZIAL Boost with a soft suede upper is a tribute to a design classic. The legendary Spezial, first worn by elite players in the late 1970s, celebrates its 40th anniversary with a performance-enhancing upgrade. The Spezial Boost handball shoe from Adidas retains the sleek silhouette and suede finish of its sporty predecessor and adds a layer of responsive cushioning for comfortable entry. Outsole with high traction provides the perfect platform for split-second movements. Upper: Suede for increased comfort and stability. Footbed for maximum comfort. Internal textile lining. Responsive Boost cushioning midsole. Padded heel area for high wearing comfort and optimal cushioning. Forefoot area ensures a dynamic and comfortable roll-off vo...",98.45,1645426542,300
1854625863,Goodyear,Goodyear Eagle F1 Supersport R XL FP 275/25 R21 92Y,Exceptional grip and steering precision in dry conditions on the road and racetrack. - Outstanding dry performance with - Exceptional handling on dry surfaces - Ultimate steering precision - Superior stability at high speeds Benefits Optimized tire contour for better pressure distribution in the contact patch - Ultimate steering precision Compound equipped with traction resins for better grip - Exceptional grip on dry surfaces Increased cornering stability - Connecting bridges in the first tread groove provide lateral stability Superior high-speed stability - Cap plies keep the tire in shape even at high speeds / under centrifugal forces,448.69,1626693599,206
4999204993,Birkenstock Professional,"Clog 'Boston ESD', size 40, white, shoes, 18788017-40","Birkenstock Professional Clog 'Boston ESD', Birkenstock Professional, shoes",99.99,3615316947,376
2070010942,adidas,"ADIDAS ORIGINALS Men's sneaker 'Handball Spezial' black / white, Size 11, 4116480","Pattern: Solid color; Design: 7-eyelet lacing, profile sole, reinforced heel, contrasting inserts; Material: Leather; Toe: Round cap; Material: Suede leather; Closure type: Lace-up; Extras: Padded collar, supple feel, label print, cushioning, tone-on-tone stitching; Sustainability certifications: Leather Working Group; Heel height: Flat heel (0-3 cm)",99.9,1622656381,221
1386808104,adidas,adidas Originals Handball Spezial Shoe Sneaker 44,"Size , 44, Size system , UK sizes, Color , black, Upper material , Leather, Synthetic, Lining material , Synthetic, Style , casual, Closure , Lace-up, Insole material , Synthetic, Outsole profile , profiled, Stud pattern (outsole) , indoor court, Shoe height , low,",97.43,1469578364,208
4746833491,,My Learning Memo with Raven Linus - Animals & Words (pack of 3),"My Learning Memo with Raven Linus - Animals & Words, pack of 3 - Packaging unit: from €8.99",7.64,3759869769,380
1701333923,Beco EXCLUSIV,"Comfort foam mattress »Royal Duo KS«, 160x200x21 cm (W×L×H), 7-zone, suitable for allergy sufferers, Beco EXCLUSIV, material: comfort foam","Special, orthopaedic mattress core contour. Approx. 21 cm high comfort-foam mattress. With 7 lying zones. Supports nocturnal spinal extension. With soft shoulder-relief system.",359.99,1739984796,339
4683128792,BIRKENSTOCK,Birkenstock »Boston ESD« Slipper 40,"Size , 40, Sizing system , EU sizes, EU sizes, Color , white, Upper material , Upper material: Leather, Lining , No lining, Closure , Buckle, Toe , round, Insole material , No lining, Outsole material , PU, Outsole profile , slightly profiled, Shaft width , regular shaft,",94.99,2146900507,384
4541783818,BIRKENSTOCK,BIRKENSTOCK Boston ESD narrow width white,"Since 1990 the successful BIRKENSTOCK classic Boston has also been available in an ESD version. The Boston clog model with its lightweight, antistatic EVA sole offers good support while providing ample freedom of movement in the toe area. The anatomically shaped BIRKENSTOCK cork-latex footbed with a suede leather insole additionally contributes to a pleasant, comfortable walking experience. The closed design of the shoe, including the toe cap, protects the forefoot from impact injuries. The adjustable strap with a sturdy buckle allows the shoe to be optimally adapted to the foot. Working with sensitive high-frequency technology and electronic components in particular requires pronounced protective measures. In combination with the professional ESD equipment at the workplace, the ESD models effectively protect against dangerous discharges. All BIRKENSTOCK ESD models are tested according to the specifications of DIN EN 61340.

Product features: Color: white Material: soft smooth leather Insole: suede leather Sole: cushioning EVA sole Special feature: meets ESD requirements",94.95,2146900507,384
1711995496,Home Wohnideen,"HOME WOHNIDEEN sliding panel curtain RONALD, HxW: 245x60, incl. mounting accessories, white, living room curtains, curtains by room, drapes","Beautiful modern sliding panel curtain made of transparent voile with a nice wave pattern created by a cut-and-pile technique. In this technique decorative yarns are woven into the fabric to create the motif; after weaving the decorative yarns are cut, leaving slightly raised threads. These raised threads are therefore a characteristic quality feature and typical for the product. With the attached panel carrier including an aluminum clamping strip, you can mount the sliding curtain very easily. The panel carrier is equipped with curtain rollers and X-gliders and is therefore suitable for hanging on all common curtain tracks. The fabric is 100% polyester. The sides of the sliding curtain have been finely trimmed using a laser process and complete the timeless, neat appearance.",41.99,1257924385,241
2079581946,Hemafa,"Comfort foam mattress GEL STYLE 2200, Hemafa, 22 cm high, core density: 35, 160 cm x 200 cm x 22 cm","Details Sleeping position , stomach sleeper back sleeper side sleeper, Number of lying zones , 7, Firmness , flexible, Body weight from , 0 kg, Body weight up to , 90 kg, Color , champagne, Features & functions Number of carry handles , 4 pcs., Allergy information , suitable for house dust allergy sufferers, Climate regulation , very good ventilation, Mattress properties , suitable for adjustable slatted frames, Mattress cover properties , divisible with zipper removable, Dimensions & weight Width , 160 cm, Length , 200 cm, Height , 22 cm, Weight , 29 kg, Cover Type Cover top , double jersey, Cover bottom type , double jersey, Material composition , Cover (top): 99% polyester, 1% elastane. Cover (bottom): 47% polyester, 34% lyocell, 19% polypropylene, Care instructions , Cover machine washable up to 60°C, Core construction Core construction , gel foam (smooth, 6 cm high, 35 kg/m3), cold foam (vertical cuts, 15 cm high, 40 kg/m3), Additional information Warranty (core) , 5 year(s), Scope of delivery Number of pieces , 1 pc., Delivery , original dimensions, Dispatch , The mattress will be delivered in its original dimensions into your apartment/house., Ordering notes Foam color note , The colors of the mattress cores may differ from the illustration because they can be produced in different colors., Slatted frame note , We advise you to use a new slatted frame when changing the mattress Please note that for the bed size 160/200 cm = 2x 80/200 cm slatted frames, for the size 180/200 cm = 2x 90/200 cm slatted frames and for the size 200/200 cm = 2x 100/200 cm slatted frames are required For the sizes 80/190 cm and 90/190 cm these are special sizes, please check the measurements of your bed again A slatted frame with at least 28 slats (for 200 cm length) is recommended Before placing your order, you should definitely measure the internal dimensions of the bed frame,",629.99,1334283705,62
2068979765,Walimex,Walimex Pro 19586 Zoom lens f/16 - 8 1300 - 650mm,"A classic with very good imaging performance. Despite its overall length of approx. 460 mm, this telephoto zoom lens is quite handy and lightweight. The thoughtful design (without built-in iris) uses 8 elements in 5 groups to produce excellent, color-accurate and sharp images. The relative aperture of f/8.0 provides a bright viewfinder image when shooting outdoors, for example in wildlife or detailed landscape photography. The optic has no selectable aperture: the maximum available aperture is always in use; the lens is corrected for this setting and delivers its highest performance, which is not reduced by diffraction at aperture blades. The starting aperture assigned to each zoom range is engraved on the mount for reference. User advantage: the attached 360° rotatable tripod foot allows balanced mounting on a tripod and switching between portrait and landscape orientation. A minimum focusing distance of about 5 m at the 1300 mm setting allows nature photographers to select exciting motifs. On most cameras the lens operates in shutter-priority or manual mode. Your camera manual provides further details. T2 mount, operating tip: the T2 adapter is screwed onto the lens, then the lens is locked onto the camera. The small lateral screws on the T2 adapter, when loosened, allow a slight adjustment of the lens—aligning the infinity index.",328.98,407084305,92
4717447489,Duden,"Duden Game, My Learning Memo with Raven Linus - Number Game pack of 3","Warning notices , WARNING! Not suitable for children under 3 years. Choking hazard, as small parts can be swallowed or inhaled!, Recommended age , from 5 years,",13.07,3759871110,414
2072277707,Fein,Fein WSG 15-125 PQ 72217960000 angle grinder 125 mm 1500 W,Compact 1500 W angle grinder with a high power reserve for effective grinding and cutting work.,190.99,477408105,352
4999242335,Birkenstock Professional,"BIRKENSTOCK PROFESSIONAL Clog ""Boston ESD"" Shoes 38, blue Work shoes Shoes","Color: Color: blue, Material: Upper material: leather, Upper material properties: electrostatic discharge (ESD), Details: Closure: without closure, Sole: Outsole material: EVA, Outsole properties: slip-resistant, grease-resistant, oil-resistant, Fit/Cut: Shoe width: narrow",79.76,3321918357,192
5209073328,Valentino,"Valentino Bags, Swim Re, Handbag, black","Valentino Bags Swim Re handbag, faux leather, black",144.95,4293287891,417
4717447491,Duden,"Duden Game, My Learning Memo with Raven Linus - Animals & Words...","Warnings, WARNING! Not suitable for children under 3 years. Risk of suffocation, as small parts can be swallowed or inhaled!, Recommended age, from 5 years",13.07,3759869769,380
1401982678,kneer,Kneer EXCLUSIVE-STRETCH Fitted Sheet Q93 kneer black,"Kneer EXCLUSIVE-STRETCH — the most premium fitted sheet from Kneer. With this fitted sheet made of 95% cotton, twisted, and 5% elastane, you have chosen the highest-quality and most luxurious fitted sheet from the Kneer collection. Thanks to its high-quality finishing, the EXCLUSIVE-STRETCH fitted sheet has an exceptionally silky, glossy and smooth sleeping surface. The extremely stretchable and hard-wearing EXCLUSIVE-STRETCH fitted sheet is also suitable for extra-high mattresses, waterbeds and box-spring beds as well as extra lengths up to 220 cm. With its perfect workmanship featuring sewn-in corners and a concealed all-around elastic band, we guarantee a perfect fit on the mattress. Be inspired by the enormous variety of colours. The Kneer EXCLUSIVE-STRETCH fitted sheet is particularly easy-care and washable up to 60°C (white/coloured). Our tip: To keep colours bright, we recommend washing separately before first use and using detergent without optical brighteners. Of course, Kneer EXCLUSIVE-STRETCH is certified with the OEKO-TEX label. Version: Exclusive Stretch, Quality 93 Features: very fine knit, twisted yarn, extremely low pilling, double-sided knit (right/left) Weight: approx. 250 g/m² Height (approx. cm): up to approx. 40 cm mattress height Scope of delivery: 1 fitted sheet Delivery condition: ready to use Washing: washable up to 60°C, suitable for tumble drying Additional information: All Kneer products comply with the Oeko-Tex Standard 100. Other: Returns of fitted sheets are only possible in the unopened original packaging for hygiene reasons.",47.95,1324747283,427
1372432715,adidas,adidas Originals Handball Spezial Shoe Sneaker 42 2/3,"Size , 42 2/3, Sizing system , UK sizes, Color , black, Upper material , Leather, Synthetic, Inner material , Synthetic, Style , casual, Closure , lacing, Insole material , Synthetic, Outsole profile , textured, Outsole stud pattern , indoor court, Shoe height , low,",97.43,1622655555,24
3618222408,Nike,Squad Crew Socks white/black,"Ready-to-play wearing comfort for your feet! The Nike Squad Crew Socks soccer socks combine sweat-wicking material with targeted cushioning to provide high-performance wearing comfort during competition. From the Nike Squad collection! Features: Material: 88% polyester / 9% cotton / 3% elastane Dri-FIT technology keeps the foot dry and comfortable: this high-performance microfiber polyester wicks sweat away from the skin and transports it to the fabric surface, where it evaporates. Dri-FIT therefore helps maintain dry comfort Cushioning in high-impact areas increases durability The anatomical left/right fit ensures a natural feel Stretchy elastane material supports without constricting and improves comfort and fit",9.99,2761658153,275
2063780194,Kneer,"Fitted sheet Exclusive-Stretch, Kneer, jersey-elastane, elastic all around, (1 piece), optimal fit black 180-200 cm x 200-220 cm","Details Number of pieces: 1 pc, Elastic: all around, Appearance/Style Appearance: solid color, Color: black, Measurements Width: 180-200 cm, Length: 200-220 cm, Suitable for Suitable for mattress height: 40 cm, Suitable for mattress size: 180-200 x 200-220 cm, Suitable for mattress type: box spring beds, standard mattress, waterbeds, Material Material type: jersey-elastane, Material composition: Cover: 95% cotton, 5% elastane, Fabric weight: 250 g/m2, Care instructions: 60°C machine wash, non-iron, easy care, tumble dryer friendly, Additional information Color information: Please note that the colors on your monitor may differ from the original shades.",109.95,1324747283,427
4720390456,Liebherr,Liebherr SIFNd 4155-20 Prime NoFrost (999208751),"LIEBHERR SIFNd 4155 Prime | Built-in freezer with NoFrost AUSTRIA WARRANTY security - full protection also available for 36/60 months - delivery, connection, commissioning and disposal of old appliances in Vienna possible - [ Click and Collect still possible!!! ] (Art# 03304581)",1449.0,3811418939,441
4219305672,BIRKENSTOCK,Birkenstock Boston ESD clog blue narrow width size 40,"Birkenstock Boston ESD clog blue narrow widthThis model combines the classic Birkenstock look with reliable protection against electrostatic discharges. All BIRKENSTOCK ESD models are tested according to the requirements of DIN EN 61340 and meet the ESD-range requirements from 1.0 x 10^5 to 3.5 x 10^7 ohms.MaterialsThe following materials were used to manufacture the Birkenstock shoes:* Upper: smooth leather* Footbed lining: suede leather* Outsole: EVA outsole in ESD version - antistatic properties* ESD protection tested according to EN 61340* Anatomically shaped cork-latex footbed in ESD versionApplicationsThe shoe is ideal not only for professional use but also for various activities in a private environment.Special featuresThanks to the special material composition, the shoes offer high comfort and durability.Age groupThe main target group for the shoes is adults.Product description - Upper: soft smooth leather - Footbed lining: suede leather - Sole: cushioning EVA outsole - Instep strap with individually adjustable metal pin buckle - ESD shoe, tested according to DIN EN 61340 - Anatomically shaped cork-latex footbed - Conductive (ESD) - Shoe width: narrow for women Since 1990, the successful BIRKENSTOCK classic Boston has also been available in the ESD variant. The Boston clog model with its lightweight, antistatic EVA sole offers good support while providing ample freedom of movement in the toe area. The anatomically shaped BIRKENSTOCK cork-latex footbed with suede lining also contributes to a pleasant, comfortable walking experience. The closed design of the shoe, including the toe cap, protects the forefoot from impacts. The adjustable strap with the sturdy buckle allows the shoe to be optimally adapted to the foot. Working with sensitive high-frequency technology and electrical components in particular requires pronounced protective measures. In combination with professional ESD workplace equipment, the ESD models effectively protect against dangerous discharges. All BIRKENSTOCK ESD models are tested according to the requirements of DIN EN 61340. Especially high-quality variant with a shaft made of noble, soft smooth leather. With the strap integrated into the upper edge and a sturdy metal buckle, the clog can be individually adjusted to any foot. The closed clog offers good support while allowing considerable freedom of movement in the toe area and gives sensitive feet enough room to move.Features: - ESD-compliant according to EN 61340 - Anatomically shaped cork-latex footbed - Clog with strap section, individually adjustable metal pin buckle - Two widths (regular/narrow) - Heel shape: zero offset ----------------------------- Selection criteria: Size: 40 Color: blue Footbed shape: narrow ----------------------------- Technical data: Typical resistance to ground: Rg = 10^5-10^7 ohm Material: smooth leather Footbed lining: suede leather Sole type: antistatic EVA Weight: 680 g Item number: BIR061388-40 The BIRKENSTOCK® classic model Boston features a strap across the instep. Using the integrated strap and a sturdy metal buckle, the clog can be individually adjusted to any foot. The metal buckles are color-coordinated with the upper material. The footbed lining of fine material also ensures a smooth wearing feel and a good climate around the feet. Due to its sole with the regular Birkenstock® tread, this clog is suitable for both indoor and outdoor wear. They meet the requirements under professional ESD conditions. The Boston ESD offers an ideal combination of classic look and reliable protection against electrostatic discharges. The ESD version thus protects people and materials in highly sensitive areas such as the semiconductor industry. All BIRKENSTOCK ESD models are tested according to the requirements of DIN EN 61340 and meet the necessary specifications.",78.99,1913270470,150
4424722345,BIRKENSTOCK,Birkenstock Boston ESD Professional Clog - regular - Men's - white in size 40,"Birkenstock Boston ESD Professional Clog - regular for men in size 40, white: made of grained smooth leather, adjustable buckle, leather lining, anatomically shaped cork-latex footbed in ESD version with leather cover, flexible outsole, regular width.

All ESD models are tested according to the requirements of DIN EN 61340 and meet the ESD range requirements from 1.0 x 10^5 to 3.5 x 10^7 ohms, providing reliable protection against electrostatic discharges.",95.0,3615316947,376
2120091370,Babor,"BABOR Creamy Lipstick, 08 Soft Rose, 1-pack (1 x 4 g)",Lipstick,24.4,845830827,133
1608452100,Yves Saint Laurent,Yves Saint Laurent Rouge Volupté Shine Lipstick SPF 15 4 g Coral Orange,"Protection, care, shine with a moisturizing effect, even color, long-lasting: Rouge Volupté Shine makes lips glow for hours in wonderfully seductive shades. Contains an all-round care cocktail that gives lips beauty, comfort and volume. Delicately melting textures and luminous colors, wrapped in mysterious shine – quintessentially YSL. A high proportion of soft waxes protects the lips from drying out.",28.99,1933257945,451
1592254485,YVES SAINT LAURENT,YVES SAINT LAURENT - Rouge Volupté Shine lipstick - The oil-in-stick lipstick - ROUGE VOLUPTE SHINE 104,"You can rely on Rouge Volupté Shine in any situation: the iconic oil-in-stick lipstick from Yves Saint Laurent combines soft color with heavenly comfort and nourishing care. Six sensuous oils provide long-lasting moisture to the lips. Four new spring shades — inspired by the radiant glow of the world’s metropolises — expand the iconic ROUGE VOLUPTÉ SHINE lipstick collection: N°57 ROUGE SPENCER - a powerful, vibrant pink-red; N°58 ORANGE TOURNON - an energetic, captivating orange; N°59 FUCHSIA JUMPSUIT - a rebellious, poppy pink; and N°60 ROSE MARCEAU - a fresh, luminous coral-pink. Contents: 4 ml",27.45,1933257945,451
2057145715,Yves Saint Laurent,"Yves Saint Laurent Rouge Volupté Shine Lipstick SPF 15, 80 Chili Tunique, 3.2 g","The Rouge Volupté Shine lipstick with SPF 15 from Yves Saint Laurent delivers long-lasting, saturated color. Its delicately melting texture protects and cares for the lips while providing ample moisture. Nourishing oils and macadamia butter ensure perfectly cared-for lips with a natural smooth finish.",29.0,1511754467,132
2235828707,Kneer,"Kneer Exclusive Stretch Jersey Fitted Sheet, Color: 95 Mint; Size: 180x200-200x220 cm","100% Egyptian Mako cotton, 155 g/m², Oeko-Tex Standard 100. Finely knitted, durable and shape-retaining. With sewn corners and visible all-round elastic with an additional tunnel hem. Cosy, soft, conforming and skin-friendly; wash at 60°C (white at 95°C); suitable for tumble drying. Colour selection; suitable for mattresses 90–100 cm wide and 190–200 cm long.",93.83,1324744550,296
2054734151,Yves Saint Laurent,Yves Saint Laurent Lip Makeup Lipstick 4g Red,"Protection, care, shine with a moisturizing effect, even color, long-lasting: Rouge Volupté Shine makes lips glow for hours in wonderfully seductive shades. Thanks to nourishing ingredients it gives lips volume, reveals their natural beauty and delivers pure comfort; a high proportion of soft waxes protects the delicate skin of the lips from drying out. Delicately melting textures combine with luminous colours, caressed by a mysterious shine: experience irresistible radiance and dive into a sea of pure sensuality—Rouge Volupté Shine is entirely YSL.",24.59,803771084,264
211516818734,ED-Lifestyle,ED Lifestyle Pamplona 2F OTM Sofa universal assembly wood-based material/Nosag - Silver/Anthracite - 244,"ED Lifestyle Pamplona 2F OTM Sofa What Beckhuis says about the product: We added the ED Lifestyle Pamplona 2F OTM Sofa to our range because we were impressed by its modern look, generous space and variety of functions. The cozy corner sofa is the ideal retreat for special feel-good moments. A variety of back and decorative cushions ensures maximum comfort. Thanks to the sofa bed function, you can accommodate your overnight guests comfortably. Blankets and pillows can be easily stored in the practical bed box. We are enthusiastic about the excellent price-performance ratio of this sofa. For personal advice, please feel free to contact our customer service. We are always at your disposal with help and advice and will find the right sofa for your individual needs together. Your satisfaction is our top priority. Features: With its dimensions of 210x212x91 cm, the ED Lifestyle Pamplona 2F OTM Sofa...",959.89,4663839989,183
1401983042,kneer,Kneer Fitted Sheet EXCLUSIVE-STRETCH Q93 kneer lagoon,"Kneer EXCLUSIVE-STRETCH — the most luxurious of the fitted sheets from Kneer. With this fitted sheet made of 95% cotton, ring-spun, and 5% elastane, you have chosen the highest-quality and most refined fitted sheet from the Kneer collection. With its high-quality finishing, the EXCLUSIVE-STRETCH fitted sheet gains an exceptionally silky, glossy and smooth sleeping surface. The extremely stretchy and hard-wearing EXCLUSIVE-STRETCH fitted sheet is also suitable for extra-high mattresses, waterbeds and box-spring beds, as well as extra lengths up to 220 cm. Thanks to its perfect tailoring with stitched corners and a concealed sewn-in all-around elastic, we guarantee a perfect fit on the mattress. Be inspired by the enormous variety of colors. The Kneer EXCLUSIVE-STRETCH fitted sheet is particularly easy to care for and washable up to 60°C (white/coloured). Our tip: To keep the colors bright, we recommend washing separately before first use and using detergent without optical brighteners. Of course, Kneer EXCLUSIVE-STRETCH is certified with the OEKO-TEX label. Version: Exclusive Stretch, Quality 93 Features: particularly fine-knitted, ring-spun, extremely low pilling, knit on both sides Weight: approx. 250 g/m² Height (approx. cm): up to approx. 40 cm mattress height Scope of delivery: 1 fitted sheet Condition on delivery: ready for use Washing: washable up to 60°C, suitable for tumble drying Additional information: All Kneer products comply with OEKO-TEX Standard 100. Other: Returns of fitted sheets are only possible in the unopened original packaging for hygiene reasons.",47.95,1324746422,199
5155009789,Valentino,Valentino short-handle Swim Re handbag black,"- Divided main compartment with zipper - Inside: 2 zip pockets, 2 slip pockets - 2 carrying handles - Removable length-adjustable shoulder strap - Reinforced bottom",115.95,4293287891,417
2726123301,Yves Saint Laurent,YSL Rouge Volupte Shine Oil-in-Stick Lipstick 4.5 g,Color: orange - Skin type: all skin types - Bottle content: 4 g - Coverage: medium to high,33.99,328321615,470
1743158949,Nike,"Nike Squad Crew Socks - Black, size: XL","The Nike Squad Crew socks combine moisture-wicking material with targeted cushioning, providing high-performance wearing comfort during competition.",9.99,3003303751,284
4717447481,Duden,"Duden game, My learning memo with Raven Linus - Im...","Warnings, WARNING! Not suitable for children under 3 years. Choking hazard, as small parts can be swallowed or inhaled!, Recommended age, from 5 years,",13.07,3749553287,480
4579834609,Bibliographisches Institut,My Learning Memory with Raven Linus – On Road Traffic (pack of 3) – Book,My Learning Memory with Raven Linus - On Road Traffic (pack of 3). What goes together? Find the pairs — from the pedestrian traffic light figure to the zebra crossing! Children aged 4 and up can use it to playfully match familiar objects and situations from road traffic while training their concentration.,10.0,3749553287,480
4572223100,Bibliographisches Institut,My Learning Memo with Raven Linus - Number Game (set of 3). Dorothee Raab - Book,My Learning Memo with Raven Linus - Number Game (set of 3). Learn the numbers up to 20 with Raven Linus and find the corresponding quantities. Children aged 5 and up can develop an initial sense of counting in a playful way while simultaneously strengthening their concentration and memory. The number memo game with Raven Linus is the ideal preparation for early arithmetic.,10.0,3759871110,414
1401982372,kneer,Kneer fitted sheet EXCLUSIVE-STRETCH Q93 kneer delicate rose,"Kneer EXCLUSIVE-STRETCH – the most noble of the fitted sheets from Kneer. With this fitted sheet made of 95% cotton (plied) and 5% elastane you have chosen the highest-quality and most elegant fitted sheet from the Kneer collection. With its high-quality finishing, the EXCLUSIVE-STRETCH fitted sheet gains an unusually silky glossy and smooth lying surface. The extremely stretchy and hard-wearing EXCLUSIVE-STRETCH fitted sheet is also suitable for extra-high mattresses, waterbeds and box-spring beds as well as extra lengths up to 220 cm. Thanks to its perfect workmanship with stitched corners and a concealed sewn-in all-around elastic, we guarantee a perfect fit on the mattress. Let yourself be inspired by the enormous variety of colors. The Kneer EXCLUSIVE-STRETCH fitted sheet is particularly easy-care and washable up to 60°C (white/coloured). Our tip: To keep the colors bright, we recommend washing separately before first use and using detergent without optical brighteners. Of course, Kneer EXCLUSIVE-STRETCH is certified with the OEKO-TEX label. Version: Exclusive Stretch, Quality 93 Features: particularly fine knit, plied, extremely low pilling, knit on both sides Weight: approx. 250 g/m² Height (approx. cm): up to approx. 40 cm mattress height Scope of delivery: 1 fitted sheet Condition on delivery: ready to use Washing: washable up to 60°C, suitable for tumble drying Additional information: All Kneer products comply with OEKO-TEX Standard 100. Other: Returns of fitted sheets are possible for hygiene reasons only in the unopened original packaging.",47.95,1324746498,48
1712044201,Home Wohnideen,"HOME WOHNIDEEN Sliding Panel Brakel, HxW: 245x60 gray Living Room Curtains Curtains by Room Drapes","This sliding panel with digital photo print creates a great effect on your windows thanks to the ""wave"" motif. The panel was digitally printed, which gives brilliant color on the lightweight decorative fabric. The sides were cut using a special laser technique. Hanging is via the included panel carrier with gliders for all common curtain tracks. With the supplied clamp rail you have the option to easily shorten the sliding panel to any desired height.",45.99,1027555333,358
1701333848,Beco EXCLUSIV,"Comfort foam mattress »Royal Duo KS«, 80x200x21 cm (W×L×H), 7-zone, allergy-friendly, Beco EXCLUSIV, material: comfort foam","Special, orthopedic mattress-core contour. Approx. 21 cm high comfort-foam mattress. With 7 sleeping zones. Supports nighttime spinal extension. With a soft shoulder-relief system.",209.99,1739980608,61
3235993266,,Playmobil Figures 70370 Series 18 Girls Elf Female Warrior Fighter,Playmobil Figures 70370 Series 18 Girls Elf Female Warrior Fighter,3.5,1721487200,323
1321353963,Nike,Everyday Cotton Cushioned No-Show Socks 3PPK,"Sweat-wicking comfort with an improved fit! The Nike Everyday Cotton Cushioned No-Show Socks 3PPK feature sweat-wicking technology for moisture management and great wearing comfort. The elastane support is twice as thick as previous versions and provides an improved fit. Nike offers the matching accessories for your shoes. Features: The pack includes 3 pairs of socks in white. Material: 75% cotton / 23% polyester / 1% elastane / 1% nylon. No-show length - liner: Very short sock for sneakers. Suitable in summer with a dress or shorts, as the socks are almost invisible under the shoes. The Dri-FIT material helps keep you dry. Reinforced toe seams prevent distractions and chafing. Easy brand recognition thanks to the knitted Swoosh.",14.99,2487402853,499
4893063505,Nike,"Nike Everyday Lightweight No-Show Sports Socks 3-Pack - White, Black, Size 46-50",Unisex sports socks from Nike in the colors white/black (manufacturer color designation: white/black).,14.95,2487402853,499
3054151845,Yves Saint Laurent,Yves Saint Laurent Rouge Volupté Shine Lipstick No. 16 - Orange Impertinent,The women's fragrance by Yves Saint Laurent is available as a lipstick in the size 4 g in the online shop. The scent direction of the Yves Saint Laurent Rouge Volupté Shine fragrance can be described as . The Yves Saint Laurent women's fragrance has the top notes . The lipstick in the size 4 g has the heart notes . The base notes of Gucci Guilty are . The product color of the Yves Saint Laurent fragrance is No. 16 - Orange Impertinent. The base price of the Yves Saint Laurent fragrance in the size 4 g is 57.38 EUR / 10g,22.95,328321615,470
3475253393,BeCo,"Beco comfort foam mattress ""Wellness Deluxe""","*rated ""GOOD"" by TÜV SÜD (size 90/200 cm in firmness level 2 was tested with certificate no. Z2 12 11 21620 088). ""Customers rated"" with overall score: 1.1 (tested in Nov.-Dec. 2014)",287.99,1285950280,36
4823759244,ASICS,"ASICS Gel-Kayano 29 Stability Shoe Women - Pink, White, Size 38 (also available in 37, 37.5, 39, 39.5, 40, 40.5)","There’s always a little more to give The Gel-Kayano has been on the market for nearly 30 years, and it’s hardly surprising that the latest model arrives with a few innovations and, above all, impresses! While its predecessor still relied on the Guidance Line, the Gel-Kayano 29 is equipped with a thin layer of LITETRUSS — a firm foam material that prevents the foot from collapsing inward. Together with a new heel reinforcement, your foot sits sensibly stable in the shoe, and with the FF Blast+ midsole cushioning it remains soft and comfortable and a lot of fun to run in. The Gel-Kayano remains indisputably one of the best and most sought-after stability shoes worldwide. Highlights of the 29th edition of the Gel-Kayano from Asics for women: Seamless, breathable stretch-knit upper that comfortably adapts to your feet Midsole made of highly cushioning and lightweight FF BLAST+ foam provides a springy landing and roll; for a great running experience Impact Guidance System supports the foot with a range of features to optimize shoe stability LITETRUSS as a stabilizing layer inside the shoe prevents overpronation The heel area is externally reinforced for strong support Ortholite X55 insole for even more comfort The outsole is made of AHARPLUS rubber for durability and excellent grip The effort was definitely worth it And so a Kayano was created that is lighter, softer and more stable than before, and above all more fun than any before it. Runners who need or appreciate support will take their hats off and bow deeply to it.",129.95,4000562923,255
1401982699,kneer,Kneer Fitted Sheet EXCLUSIVE-STRETCH Q93 kneer blackberry,"Kneer EXCLUSIVE-STRETCH the most noble of the fitted sheets from Kneer. With this fitted sheet made of 95% cotton, two-ply, and 5% elastane you have chosen the highest-quality and most elegant fitted sheet from the Kneer collection. With its premium finishing, the EXCLUSIVE-STRETCH fitted sheet gets its unusually silky shiny and smooth lying surface. The extremely stretchy and hard-wearing EXCLUSIVE-STRETCH fitted sheet is also suitable for extra-high mattresses, waterbeds and box-spring beds as well as extra lengths up to 220 cm. Thanks to its perfect construction with sewn-in corners and a concealed sewn-in all-around elastic band, we guarantee a perfect fit on the mattress. Let yourself be inspired by the enormous variety of colors. The Kneer EXCLUSIVE-STRETCH fitted sheet is particularly easy-care and washable up to 60°C (white/colored). Our tip: To keep the colors vibrant, we recommend: wash separately before first use and use detergent without optical brighteners. Of course, Kneer EXCLUSIVE-STRETCH is certified with the OEKO-TEX label. Version: Exclusive Stretch, Quality 93 Characteristics: particularly fine-knit, two-ply, extremely resistant to pilling, knit on both sides Weight: approx. 250 g/m² Height (approx. cm): up to approx. 40 cm mattress height Scope of delivery: 1 fitted sheet Condition on delivery: ready to use Washing: washable up to 60°C, tumble-dryer suitable Additional information: All Kneer products comply with OEKO-TEX Standard 100. Miscellaneous: Returns of fitted sheets are only possible in the unopened original packaging for hygiene reasons.",47.95,1324747237,185
4720410171,Liebherr,Liebherr SIFNd 4155-20 Prime NoFrost (999208751),Liebherr SIFNd 4155-20 white built-in freezer,1449.0,3811418939,441
1485299239,Bell Helme,Bell Custom 500 DLX Streak Jet Helmet - Black/Gold - XS,"The Custom 500 DLX is the epitome of a classic 3/4 open-face helmet. With 5 shell sizes, the Custom 500 confidently provides each rider with a tailored fit, regardless of where your size falls on the size chart. The quilted, contrast-stitched soft liner is integrated into a fiberglass composite shell. Fit and finish are impeccable. With dozens of available accessories such as visors and face shields, you can fully personalize your model. Enjoy the best open-face helmets from the people who truly advanced helmet protection. Features: Fiberglass-composite shell construction Multi-density EPS liner in multiple layers 5 specific shell sizes for a low-profile look and custom fit Antibacterial interior lining Real leather interior Integrated 5-snap fitment for aftermarket visors and face shields Padded chin strap with D-ring leather closure Industry-leading five-year warranty Also included: Bell deluxe helmet bag, dark grey 3-point visor and black 520 face shield Certifications: DOT, ECE Weight: approx. 1.1 kg Download the Bell Powersports Helmets Owner's Manual Note: Unless otherwise stated in the item description, all helmets that come standard with a visor are shipped with a clear visor, even if shown differently in images. Face shield and tinted visor included FREE",200.78,1913248983,248
1485299243,Bell Helme,Bell Custom 500 DLX Streak Jet Helmet - Black/Gold - XL,"The Custom 500 DLX is the epitome of a classic 3/4 open-face (jet) helmet. With 5 shell sizes the Custom 500 ensures an individualized fit for virtually every rider, regardless of where your size falls on the chart. The quilted, contrast-stitched soft lining is built into a fiberglass composite shell. Fit and finish are impeccable. With dozens of available accessories such as visors and helmet shields, you can truly personalize your model. Enjoy the best open-face helmets from the people who have advanced protective headgear. Features: Fiberglass composite shell construction Multi-density EPS liner in multiple layers 5 specific shell sizes for a low-profile look and tailored fit Antibacterial interior lining Real leather interior Integrated 5-snap system for aftermarket visors and helmet shields Padded chin strap with D-ring leather closure Industry-leading five-year warranty Also included: Bell deluxe helmet bag, dark gray 3-snap visor and black 520 helmet shield Certifications: DOT, ECE Weight: approx. 1.1 kg Download the Bell Powersports Helmets Owners Manual Note: Unless otherwise stated in the item description, all helmets that are supplied with a visor as standard are shipped with a clear visor even if shown differently. Helmet shield and tinted visor INCLUDED FREE",200.78,1913248983,248
3889395495,YVES SAINT LAURENT,"Yves Saint Laurent Lipsticks, 50 ml",Brand: Yves Saint Laurent beauty products,36.29,328321615,470
2057150784,Yves Saint Laurent,Yves Saint Laurent Rouge Volupté Shine Oil-in-Stick Lipstick 4 ml No. 46 - Orange Perfecto,The women's perfume by Yves Saint Laurent is available as a lipstick in the 4 ml size in the online shop. The scent direction of the Yves Saint Laurent Rouge Volupté Shine perfume can be described as . The Yves Saint Laurent women's fragrance has the top notes . The lipstick in the 4 ml size has the heart notes . The base notes of Gucci Guilty are . The product color(s) of the Yves Saint Laurent perfume are No. 46 - Orange Perfecto. The base price of the Yves Saint Laurent perfume in the 4 ml size is 648.75 EUR / 100ml,25.95,803771084,264
1398398832,Fein,Fein WSG 15-125 PQ angle grinder 1500 W disc Ø 125 mm (72217960000),Fein WSG 15-125 PQ angle grinder 1500 W disc Ø 125 mm (72217960000),215.71,477408105,352
4018779157,BIEDERLACK,"Wool blanket Biederlack bedspread cuddly blanket 220 x 240 cm, BIEDERLACK","Appearance/Style Color: solid, Look: plain-colored, Pattern: patterned, Material Composition: 50% cotton, 43% polyacrylonitrile (Dralon), 7% polyester, Dimensions Width: 220 cm, Length: 240 cm, Additional information Color note: Please note that the colors on your monitor may differ from the original shades.",85.68,1377073738,175
4450603120,Graef,Graef Sliced Kitchen SKS 903 red,"Graef SKS903EU Graef SKS903EU Sliced Kitchen red Full steel {Art# SKS903EU Sliced Kitchen red Full steel} Installment from €14.82 per month possible Power: 185W Color: silver/red Housing: full metal Food feed: right Slice thickness: up to 15 mm Features: blade cover, finger guard, food pusher, cable storage",699.0,1043146066,33
4450602028,Graef,Graef Sliced Kitchen SKS 903 red,"Graef Sliced Kitchen SKS 903 slicer, red (Art. no.: 173340) Graef Sliced Kitchen SKS 903 slicer, color red Full metal construction, free-standing Motor housing matte red painted Whisper-quiet 185 watt capacitor motor, maintenance-free Through-hardened hollow-ground blade Ø 190 mm smooth cutting edge Tiltable aluminum carriage made of hard-anodized aluminum Slice thickness adjustment 0 - 15 mm On/off switch on the carriage profile Aluminum base plate Removable stainless steel blade cover Cable compartment Food pusher Dimensions (L x W x H): 450 mm x 3...",699.0,1043146066,33
2062770841,Beco EXCLUSIV,"Beco Exclusiv comfort foam mattress ""Wellness Deluxe"", 100x200x27 cm (W×L×H)","*rated ""GOOD"" by TÜV SÜD (the size 90/200 cm in firmness level 2 was tested with certificate no. Z2 12 11 21620 088). ""Customers have rated"" with overall grade: 1.1 (tested in Nov.-Dec. 2014)",287.99,1285950280,36
4477027120,Nike,"Nike, Unisex, Sports Socks, Squad 34-46 Football Socks (M), White","The material of the Nike Squad football socks wicks sweat away quickly. In addition, the socks are cushioned in heavily stressed areas to give you more comfort and performance during training and matches. - S = 34 - 38 - M = 38 - 42 - L = 42 - 46.",9.55,2761658531,41
4477028416,Nike,"Nike, Men's, Sports Socks, SQUAD CREW SOCKS (XL), Black",Nike Squad Crew socks from the team sports collection.,9.75,3003303751,284
4953828221,Liebherr,"Liebherr built-in freezer SIFNd 4155-20, 121.3 cm high, 56 cm wide D (A to G) single size white built-in freezer freezers household appliances","Performance & Consumption: Model designation: SIFNd 4155_999208751, Energy efficiency class: D, Energy efficiency class scale: single scale (A to G), Annual energy consumption: 129.3 kWh, Frost-free: yes, No Frost in freezer compartment, Freezing capacity in 24 hours: 8 kg, Climate class: SN, ST, T, N, Volume of freezer compartments: 98 L, Noise emissions: 34 dB(A), Noise emission class: B, Features & Functions: Warning signal: Door open, Type of interior lighting: LED interior lighting, Dimensions & Weight: Height: 121.3 cm, Width: 56 cm, Depth: 55 cm, Technical Data: Reversible door hinge: yes, Voltage: 220-240 V",1469.0,3811418939,441
1920508155,Nike,Nike Performance Squad Crew Size XL Men's white / black,The Squad Crew socks from Nike are designed for high performance and comfort during sports. The durable fabric blend with Dri-FIT technology wicks moisture away. Padding in high-stress areas provides a comfortable wearing experience.,5.83,2761658153,275
4062216532,Kneer,Kneer Fitted Sheet 93 Exclusive-Stretch - 180/200-200/220 cm mint,Quality 93 Exclusive-Stretch fitted sheet,99.95,1324744550,296
3404250548,Airoh,"Airoh Commander Skill, Enduro Helmet - Matt Gray/Dark Gray/Blue/Red - XL","Choose your route; the Commander adapts to every scenario. Its innovative design allows you to easily change its configuration — from the combination of peak and visor for off-road use, to the mode without peak and with visor for road use. For demanding offroad routes, the helmet can also be used without a visor. The latest Airoh innovations in design and technology are combined in the Commander to redefine standards and achieve a level of performance others cannot reach: HPC (High Performance Composite), extra-wide visor, integrated sun visor, Pinlock®-ready screen included, aerodynamic peak, three-zone ventilation, Bluetooth preparation, outer shells in two sizes and a range of striking graphics. Weight 1430 g ± 50 g. Material: HPC (High Performance Composite). Ventilation: front ventilation, chin ventilation, upper vents. Fastening system: Double-D ring. Liner: removable and washable hypoallergenic lining. Visor: extra-wide field of view, scratch-resistant, UV-resistant, locking system, anti-fog position. Homologation: ECE 22.05. HPC (High Performance Composite): By combining composite materials with prepreg technology, highly efficient strength results can be achieved without sacrificing lightness. Note: Unless otherwise stated in the item description, all helmets that are supplied with a visor as standard are shipped with a clear visor, even if shown differently in images.",399.99,2491910760,130
4185356330,Nike,"Nike Everyday Lightweight No-Show Sports Socks 3-Pack - White, Black, Size 46-50 (also available in 34-38, 38-42, 42-46)",Unisex sports socks from Nike in the colors white/black (manufacturer color designation: white/black).,14.95,2487402853,499
1653769508,Home Wohnideen,"Home Wohnideen sliding panel Scherli, plush, wool-white 245 x 60 cm","Home Wohnideen sliding panel Scherli, plush, wool-white 245 x 60 cm",34.0,1257924385,241
1513585151,Yves Saint Laurent,"Yves Saint Laurent Rouge Volupté Shine Lipstick 104 Corail Oran 3,2 g","Protection, care, shine with a moisturizing effect, even colour, long wear: Yves Saint Laurent Rouge Volupté Shine Lipstick 4 g makes your lips shine for hours in wonderfully seductive shades. The Rouge Volupté Shine contains an all-round care cocktail that gives the lips beauty, comfort and volume. Delicately melting textures and luminous colours, entirely YSL. With twice as many soft waxes as classic lipsticks, Rouge Volupté Shine protects your lips from drying out and gives them an intense shine for many hours. Experience irresistible radiance and dive into a sea of pure sensuality. Benefits - nourishing lipstick - with seductive shades - even colour, long wear - protects lips from drying out Application: Apply the lipstick evenly to the lips. For a perfect result, combine with lip liner and/or lip gloss.",24.57,1933257945,451
3633082639,Yves Saint Laurent,"Yves Saint Laurent Rouge Volupté Shine 104 Corail Orient 4 g Lipstick, Manufacturer shade: 104 Corail Orient","Yves Saint Laurent Rouge Volupté Shine 104 Corail Orient 4 g Lipstick, Manufacturer shade: 104 Corail Orient",33.81,1933257945,451
3280144421,Airoh,Airoh Helmet Commander Skill Matt M,packaging dimensions (L x W x H): 45.0 cm x 40.0 cm x 35.0 cm packaging weight: 1.5 kg department: unisex fit type: universal fit Fit: Universal Fit Part number: CM_SK81_M,359.99,2491910760,130
3249295277,Airoh,"Airoh Commander Skill, Enduro helmet - Matt Gray/Dark Gray/Blue/Red - XS","Choose your route — the Commander adapts to every scenario. Its innovative design allows you to easily change its configuration, from the combination of peak and visor for off-road use, to the mode without peak and with visor for road use. For demanding off-road routes, the helmet can also be used without a visor. Airoh's latest innovations in design and technology are combined in the Commander to redefine standards and achieve a level of performance others cannot reach: HPC (High Performance Composite), extra-wide visor, integrated sun visor, Pinlock® lens included, aerodynamic peak, three-zone ventilation, Bluetooth preparation, outer shells in two sizes and a range of striking graphics. Weight 1430 g ± 50 g. Material: HPC (High Performance Composite). Ventilation: front ventilation, chin ventilation, top vents. Fastening system: double-D ring. Lining: removable and washable hypoallergenic lining. Visor: extra-wide field of vision, scratch-resistant, UV-resistant, locking system, anti-fog position. Homologation: ECE 22-05. HPC (High Performance Composite): by combining composite materials with prepreg technology, highly efficient strength results can be achieved without neglecting lightness. Note: Please note that unless otherwise stated in the item description, all helmets that are supplied with a visor as standard are delivered with a clear visor, even if shown differently in images.",399.99,2491910760,130
1983240437,,Playmobil 70370 Figures Girls Series 18 Female Knight Warrior,Playmobil 70370 Figures Girls Series 18 Female Knight Warrior,3.49,1721487200,323
4391848279,BIRKENSTOCK,BIRKENSTOCK Boston ESD narrow width black,"Since 1990 the successful BIRKENSTOCK classic Boston has also been available in an ESD version. The Boston clog model with its lightweight, antistatic EVA sole provides good grip while allowing plenty of freedom of movement in the toe area. The anatomically shaped BIRKENSTOCK cork-latex footbed with suede lining furthermore contributes to a pleasant, comfortable walking experience. The closed design of the shoe, including a toe cap, protects the forefoot from impact injuries. The adjustable strap with the sturdy buckle allows the shoe to be optimally adapted to the foot. Work with sensitive high-frequency technology and electrical components in particular requires pronounced protective measures. In conjunction with the professional ESD equipment at the workplace, the ESD models effectively protect against dangerous discharges. All BIRKENSTOCK ESD models are tested according to the specifications of DIN EN 61340. Product features: Color: black Material: soft smooth leather Footbed lining: suede Sole: shock-absorbing EVA sole Special feature: meets ESD requirements",94.95,3631090120,149
2280334878,BIRKENSTOCK,Birkenstock Boston ESD Clog white regular width EU 40,"Product description - Upper: soft smooth leather - Footbed covering: suede leather - Sole: shock-absorbing EVA outsole - Instep strap with individually adjustable metal pin buckle - ESD shoe, tested according to DIN EN 61340 - Anatomically shaped cork-latex footbed - Conductive (ESD) - Shoe width: regular for men Since 1990 the successful BIRKENSTOCK classic Boston has also been available in an ESD version. The Boston clog model with its lightweight, antistatic EVA sole offers good grip while providing plenty of freedom for the toes. The anatomically shaped BIRKENSTOCK cork-latex footbed with suede leather covering additionally contributes to a pleasant, comfortable walking feel. The closed design of the shoe including the toe cap protects the forefoot from injuries caused by impacts. The adjustable strap with the stable buckle allows optimal adaptation of the shoe to the foot. Work with sensitive high-frequency technology and electronic components in particular requires comprehensive protective measures. In combination with professional ESD workplace equipment, the ESD models effectively protect against dangerous discharges. All BIRKENSTOCK ESD models are tested according to the requirements of DIN EN 61340. Particularly high-quality variant with an upper made of noble, soft smooth leather. With the help of the strap integrated into the upper edge and a stable metal buckle, the clog can be individually adjusted to any foot. The closed clog offers good support while allowing great freedom of movement in the toe area and gives sensitive feet enough room to develop. Features: - ESD-compliant according to EN 61340 - anatomically shaped cork-latex footbed - clog with strap part, individually adjustable metal pin buckle - two shoe widths (regular/narrow) - heel shape: zero position ----------------------------- Selection criteria: Size: 40 Color: white Footbed shape: regular ----------------------------- Technical data: typical discharge resistance: Rg = 10^5-10^7 Ohm Material: smooth leather Footbed covering: suede leather Sole type: antistatic EVA Weight: 700 g Item number: BIR061370-40 The Boston ESD offers an ideal combination of classic look and reliable protection against electrostatic discharges. The ESD version thus protects both people and materials in highly sensitive areas such as the semiconductor industry. All BIRKENSTOCK ESD models are tested according to the requirements of DIN EN 61340 and meet the ESD range requirements of 1.0 x 10^5 to 3.5 x 10^7 Ohm. - Anatomically shaped cork-latex footbed in ESD version - Upper: smooth leather - Details: individually adjustable metal pin buckle - Footbed covering: suede leather - Sole: shock-absorbing EVA outsole in ESD version - ESD protection tested according to EN 61340 Birkenstock - the perfect shoe for all areas of use The shoe with particularly high quality, long service life and excellent wearing comfort. Birkenstock - Superlauf, qualitatively absolutely high-quality and durable Color: White regular footbed Upper material: leather Lining: leather Footbed: anatomically shaped cork / suede leather Outsole: shock-absorbing sole permanent electrostatic discharge ESD Birkenstock Boston ESD White Size EU 40 Regular The Birkenstock Boston ESD work shoe is a classic evergreen among men's clogs. This variation of the top seller features a high-quality natural leather upper and offers an anatomically shaped cork-latex footbed in ESD design. Birkenstock Boston ESD White Size EU 40 Regular - The men's shoe made of natural leather with an EVA sole (ESD version). Attractive work shoes with leather inner material. Special features: - provides an anatomically shaped cork-latex footbed in ESD design - ESD protection (antistatic), tested according to EN 61340 - footbed covering made of suede leather",78.99,3615316947,376
4286548275,,Playmobil 70370 Girls Series 18 Archer NEW,Playmobil 70370 Girls Series 18 Archer NEW,2.2,1721487200,323
1867444341,,Playmobil 70370 Figures Girls Series 18 Waitress Donut Vendor Woman,Playmobil 70370 Figures Girls Series 18 Waitress Donut Vendor Woman,2.99,1721487200,323
4557851726,CreaTable,"Dinnerware set ""Bella Casa Aqua"", 16-piece","Dinnerware set Bella Casa Aqua, 16-piece",59.99,1970396950,216
1438483240,Creatable,16-piece Bella Casa Aqua dinner set for 4 people,The dinnerware features a hand-painted spiral with a reactive outer band in a vintage look. It has an ultra-modern coupe shape.,61.99,1970396950,216
4575208920,Bibliographisches Institut,My Learning Memo with Raven Linus – In Road Traffic (pack of 3),What belongs together? Find the pairs — from the little traffic-light figure to the zebra crossing! Children aged 4 and up can use this to playfully match familiar road-traffic objects and situations while also practising their concentration.,10.0,3749553287,480
4595109112,"Bibliographisches Institut, Berlin / Duden",My Learning Memo with Raven Linus - In Road Traffic (pack of 3),"Which items belong together? Find the pairs - from the little traffic light man to the zebra crossing! Children aged 4 and up can use it to playfully match familiar objects and situations from road traffic and, at the same time, practise their concentration.",9.49,3749553287,480
3267792927,Birkenstock Professional,Birkenstock Professional 'Boston ESD' Clog white 40,"Size , 40, Size type , Regular sizes, Color , white, Upper material , Leather, Upper material properties , electrostatic discharge (ESD), Closure , slip-on, Outsole material , EVA, Outsole properties , slip-resistant, grease-resistant, oil-resistant, Shoe width , narrow,",99.99,2146900507,384
3591612064,Walimex,Walimex Pro 19586 zoom lens f/16 - 8 1300 - 650 mm,"A classic with very good imaging performance. This lens-type telezoom is quite manageable and lightweight despite an overall length of approx. 460 mm. The thoughtful construction (without a built-in iris diaphragm) uses 8 elements in 5 groups to provide excellent, color-accurate and sharp reproduction. The relative aperture of f/8.0 allows a bright viewfinder image when shooting outdoors, for example in wildlife or landscape detail photography. The lens has no preset aperture: the maximum possible aperture is always available; the optics are corrected for that aperture and deliver their highest performance, which is not reduced by light diffraction at iris blades. The initial aperture assigned to each zoom range is engraved on the mount for reference. User advantage: the mounted 360° rotatable tripod collar allows balanced attachment to a tripod and easy switching between portrait and landscape orientation. A close focus distance of about 5 m at the 1300 mm setting lets nature photographers select exciting subjects. On the vast majority of cameras the lens is used in shutter-priority or manual mode—see your camera manual for details. T2 mount, usage tip: screw the T2 adapter onto the lens, then lock the lens onto the camera. The small lateral screws on the T2 adapter, when loosened, allow you to tilt/align the lens—to bring the infinity index or depth-of-field marks upward. Re-tightening the screws secures lens and adapter reliably. Advantages of a full-frame lens on a camera with an APS-C sensor: save time in post-processing. Many lens defects such as distortion, edge softness or vignetting occur in the outer image areas. If you use a lens designed for full frame on a camera with an APS-C sensor, those outer areas are not used. This yields maximum quality and eliminates additional post-processing time to correct lens faults.",445.0,407084305,92
2336660280,BeCo,Beco Comfort Foam Mattress »Wellness Deluxe«,"*rated ""GOOD"" by TÜV SÜD (the size 90/200 cm in firmness level 2 was tested with certificate no. Z2 12 11 21620 088). ""Customers rated"" with overall grade: 1.1 (tested in Nov.-Dec. 2014)",287.99,1285950280,36
1398443071,BeCo,"Beco comfort foam mattress »Royal Duo KS«, 140x200 cm, firmness level 4, 101–120 kg, height approx. 21 cm, white",Special orthopedic mattress core contour. Approx. 21 cm high comfort foam mattress. With 7 sleeping zones. Supports nighttime spinal extension. With soft shoulder relief system. Color,269.99,1739985306,2
2277829162,,Home Wohnideen sliding panel curtain decorative fabric digital print Benari 245 x 60 cm petrol,"""Home Wohnideen sliding panel curtain decorative fabric digital print Benari 245 x 60 cm petrol Short description: This sliding panel curtain with the digital photo print ""BENARI"" creates a great effect on your windows thanks to the photorealistic motif. The panel curtain was digitally printed, showing brilliant color on the dense decorative fabric with a silk look and subtle effects. The edges were cut using special laser technology. Includes panel carrier with rollers and x-gliders for all common curtain tracks. The high-quality aluminum clamp bar allows you to shorten the sliding panel curtain to any desired height. Material: 100% polyester. This sliding panel curtain combines very well with other panel curtains. Summary: 1x Home Wohnideen sliding panel curtain decorative fabric digital print Benari 245 x 60 cm petrol 100% polyester Colorful designs high-quality workmanship premium product from the Home Wohnideen brand all coordinated always on trend Material: 100% polyester Care instructions: washable not suitable for tumble drying""",43.75,1285123046,100
1701333926,BeCo,"Comfort foam mattress, 81-100 kg, 7 zones, 1x 160x200 cm, 'Royal Duo KS', BeCo",1x 160x200 cm. Special orthopedic mattress core contour. Approx. 21 cm high comfort foam mattress. With 7 sleeping zones. Supports nighttime spinal extension. With soft shoulder relief.,349.99,1739984796,339
1701333912,BeCo,"Comfort foam mattress, 101-120 kg, 7 zones, 1x 140x200 cm, ""Royal Duo KS"", BeCo",1x 140x200 cm. Special orthopedic mattress core contour. Approx. 21 cm high comfort foam mattress. With 7 sleeping zones. Supports nighttime spinal extension. With soft shoulder relief.,299.99,1739985306,2
2057150126,Yves Saint Laurent,Yves Saint Laurent Rouge Volupté Shine Lipstick 4 g No. 80 - Chili Tunique,The women's perfume by Yves Saint Laurent is available as a lipstick in the size 4 g in the online shop. The scent direction of the Yves Saint Laurent Rouge Volupté Shine perfume can be described as . The Yves Saint Laurent women's fragrance has the top notes . The lipstick in the size 4 g has the heart notes . The base notes of Gucci Guilty are . The product color of the Yves Saint Laurent perfume is No. 80 - Chili Tunique. The base price of the Yves Saint Laurent perfume in the size 4 g is 64.88 EUR / 10g,25.95,1511754467,132
2057143127,Yves Saint Laurent,"Yves Saint Laurent Rouge Volupté Shine Lipstick SPF 15, 46 Orange Perfecto, 3.2 g","The Rouge Volupté Shine lipstick with SPF 15 from Yves Saint Laurent makes the lips glow in rich, long-lasting colour. The delicately melting texture protects and cares for the lips while providing sufficient moisture. Nourishing oils and macadamia butter ensure optimally cared-for lips with a natural smoothness.",29.0,803771084,264
8431809688,Kneer,Kneer Q93 Exclusive-Stretch Fitted Sheet 27 Blackberry 180x200 - 200x220,"Fitted sheet Kneer Q93 - Only the best of the best. The Q93 fitted sheet from Kneer is one of the most exclusive fitted sheets available on the market. Thanks to the particularly fine-meshed right/left knit, it is especially soft and snug. The high weight of approx. 260 g...",114.95,1324747237,185
1401982553,kneer,Kneer Fitted Sheet EXCLUSIVE-STRETCH Q93 kneer mint,"Kneer EXCLUSIVE-STRETCH — the most luxurious fitted sheet from Kneer. With this fitted sheet made of 95% cotton, mercerized, and 5% elastane you have chosen the highest-quality and most refined fitted sheet from the Kneer collection. Thanks to its premium finishing, the EXCLUSIVE-STRETCH fitted sheet has an exceptionally silky, glossy and smooth sleeping surface. The extremely stretchable and hard-wearing EXCLUSIVE-STRETCH fitted sheet is also suitable for extra-high mattresses, waterbeds and box-spring beds as well as extra lengths up to 220 cm. Its perfect tailoring with sewn-in corners and concealed all-around elastic guarantees a perfect fit on the mattress. Let yourself be inspired by the enormous variety of colors. The Kneer EXCLUSIVE-STRETCH fitted sheet is particularly easy to care for and washable up to 60°C (white/coloured). Our tip: To keep the colors bright, we recommend washing separately before first use and using detergent without optical brighteners. Of course, Kneer EXCLUSIVE-STRETCH is certified with the OEKO-TEX label. Version: Exclusive Stretch, Quality 93 Features: particularly fine-knit, mercerized, extremely low pilling, knitted inside/out Weight: approx. 250 g/m² Height (approx. cm): up to approx. 40 cm mattress height Scope of delivery: 1 fitted sheet Condition on delivery: ready for use Washing: washable up to 60°C, suitable for tumble drying Additional information: All Kneer products comply with OEKO-TEX Standard 100. Miscellaneous: Returns of fitted sheets are possible for hygiene reasons only in the unopened original packaging.",47.95,1324744550,296
3946324748,BIRKENSTOCK,"Birkenstock - ESD Clog Boston, Size 38, black, narrow","Particularly high-quality version with an upper made of noble, soft smooth leather. With the help of the strap integrated into the upper edge and a sturdy metal buckle, the clog can be individually adjusted to any foot. The closed clog offers good support while allowing plenty of freedom of movement in the toe area and gives sensitive feet enough room to develop. Features: - anatomically shaped cork-latex footbed - clog with strap section, individually adjustable metal pin buckle - two shoe widths (regular/narrow) - heel shape: zero position ----------------------------- Selection criteria: Size: 38 Color: black Footbed shape: narrow ----------------------------- typical discharge resistance: Rg=10^5-10^7 Ohm Material: smooth leather Lining/insole: velour leather Sole type: antistatic EVA Item number: BIR061368-38 Shop number: 800685",61.75,3631090120,149
4951787204,Liebherr,"Liebherr built-in freezer SIFNd 4155_999208751, 121.3 cm high, 56 cm wide white","Performance & consumption Model designation , SIFNd 4155_999208751, Energy efficiency class (scale) , D (A to G), Annual energy consumption , 129.3 kWh, Frost-free , yes, No Frost in freezer compartment, Freezing capacity in 24 hours , 8 kg, Climate class , SN ST T N, Capacity of freezer compartments , 98 l, Noise emissions , 34 dB(A), Noise emission class , B, Features & functions Warning signal , Door open, Type of interior lighting , LED interior light, Dimensions & weight Height , 121.3 cm, Width , 56 cm, Depth , 55 cm, Technical data Door hinge reversible , yes, Voltage , 220-240 V,",1469.0,3811418939,441
4720390052,Liebherr,Liebherr SIFNd 4155-20 Prime NoFrost (999208751),Liebherr Specialist Retail Plus 999208751 Liebherr Specialist Retail Plus SIFNd 4155 - 20 Prime (Item# LIEB-932454),1449.0,3811418939,441
3214249596,Airoh,"Airoh Commander Skill Motocross Helmet, gray, Size L","* Double D-ring fastener * Vents at chin, front and top * Visor (scratch-resistant and UV-resistant, extra wide field of view, Pinlock-ready) | Item: Airoh Commander Skill Motocross Helmet, gray, Size L",359.90003,2491910760,130
1487880544,Bell Helme,"Bell Custom 500 DLX Streak jet helmet, black-gold, size S","* Flat fiberglass composite shell construction * Multi-layer EPS lining with varying densities * 5 specific shell sizes for a low-profile look and individual fit | Item: Bell Custom 500 DLX Streak jet helmet, black-gold, size S",160.99034,1913248983,248
1487880546,Bell Helme,"Bell Custom 500 DLX Streak Jet Helmet, black-gold, Size L","* Flat fiberglass-composite shell construction * Multi-density EPS liner * 5 specific shell sizes for a low-profile look and individualized fit | Item: Bell Custom 500 DLX Streak Jet Helmet, black-gold, Size L",160.99034,1913248983,248
4667128100,Liebherr,Liebherr SIFNd 4155-20 Built-in Freezer White Energy Efficiency Class: D,Liebherr SIFNd 4155-20 Built-in Freezer White Energy Efficiency Class: D,1424.0,3811418939,441
3779385154,NIKE,NIKE Everyday Cushion No-Show Socks 3-Pack (100),"You're perfectly dressed for everyday life and leisure with this moisture-wicking model. Nike presents a truly exceptional no-show sock. We recommend this moisture-wicking, breathable, super comfortable and cushioned model with a pleasant wearing feel. With the no-show sock, the top provider founded in 1971 and worldwide leader with the Swoosh offers you a great model. This no-show sock is an ideal combination of a sporty feel and a fashionable appearance. Product details: - Technology: Dri-FIT - Features: cushioned, moisture-wicking, super comfortable - 3 pairs - Material: 73% cotton, 25% polyester, 1% elastane, 1% nylon Article number: SX7673-100 Color: White",9.95,2487402853,499
4894095159,Nike,"Functional socks NIKE ""EVERYDAY CUSHIONED TRAINING NO-SHOW"" XL (46/50), white men's socks multipack","Product details: Number of pieces: 3 pairs, Care instructions: Machine wash, Material: Material composition: Upper material: 73% cotton, 25% polyester, 1% elastane, 1% nylon, Color: Color: white",13.99,2487402853,499
1623440251,Adidas,"adidas handball shoe ""Spezial Boost"" for men, blue/white, 44 2/3, 2/3","The legendary Spezial was first seen on professional players in the late '70s; today its 40th anniversary is celebrated with a Boost update. The handball shoe features the same clean suede as the original, while the responsive cushioning provides a comfortable feel. In addition, the particularly grippy outsole enables quick changes of direction.",119.95,1645426542,300
1623405477,adidas,"adidas handball shoe ""Spezial Boost"" for men, blue/white, 44 2/3","adidas shoes. The legendary Spezial first appeared on professional players in the late 70s; today its 40th anniversary is celebrated with a Boost update. The handball shoe, just like the original, features clean suede, while the responsive cushioning provides a comfortable wearing experience. In addition, the particularly grippy outsole enables quick changes of direction.",119.95,1645426542,300
3249295278,Airoh,"Airoh Commander Skill, Enduro Helmet - Matt Grey/Dark Grey/Blue/Red - S","Choose your route — the Commander adapts to any scenario. Its innovative design allows you to easily change configuration, from the combination of peak and visor for off-road use, to the mode without peak and with visor for road use. For tackling demanding off-road routes the helmet can also be used without the visor. The latest Airoh innovations in design and technology are combined in the Commander to redefine standards and reach a level of performance others cannot: HPC (High Performance Composite), extra-wide visor, integrated sun visor, Pinlock®-ready visor included, aerodynamic peak, three-zone ventilation, Bluetooth preparation, outer shells in two sizes and a range of striking graphics. Weight 1430 g ± 50 g. Material: HPC (High Performance Composite). Ventilation: front ventilation, chin ventilation, top vents. Fastening system: double-D ring. Lining: removable and washable hypoallergenic lining. Visor: extra-wide field of vision, scratch-resistant, UV-resistant, locking system, anti-fog position. Homologation: ECE 22-05. HPC (High Performance Composite): by combining composite materials with prepreg technology, highly efficient strength results can be achieved without neglecting lightness. Note: Unless otherwise stated in the item description, all helmets that are supplied with a visor as standard are delivered with a clear visor, even if shown differently in images.",359.9,2491910760,130
3249295280,Airoh,"Airoh Commander Skill, Enduro Helmet - Matt Grey/Dark Grey/Blue/Red - L","Choose your route — the Commander adapts to every scenario. Its innovative design lets you easily change configurations, from the combination of peak and visor for off-road use, to the mode without peak and with visor for road use. For demanding off-road routes the helmet can also be used without a visor. The latest Airoh innovations in design and technology are combined in the Commander to redefine standards and reach a level of performance others cannot: HPC (High Performance Composite), extra-wide visor, integrated sun visor, Pinlock®-ready visor included, aerodynamic peak, three-zone ventilation, Bluetooth preparation, two outer shell sizes and a range of striking graphics. Weight 1430 g ± 50 g. Material HPC (High Performance Composite) Ventilation Front ventilation Chin ventilation Upper vents Fastening system Double-D ring Lining Removable and washable hypoallergenic lining Visor Extra-wide field of view Scratch-resistant UV-resistant Locking system Anti-fog position Homologation ECE 22-05 HPC (High Performance Composite) By combining composite materials with prepreg technology, highly efficient strength results can be achieved without neglecting lightness. Note Please note that unless otherwise stated in the item description, all helmets that are supplied with a visor by default are delivered with a clear visor, even if shown differently.",399.99,2491910760,130
1867286717,,Playmobil 70370 Figures Girls Series 18 Female Athlete Referee,Playmobil 70370 Figures Girls Series 18 Female Athlete Referee,2.89,1721487200,323
1487707753,adidas,"ADIDAS PERFORMANCE Men's multifunction shoes 'HB Spezial Boost' blue, size 44 2/3, 4599464","Material: Leather; Toe: Round cap; Sole type: Lug sole; Material: Suede leather; Closure: Lacing; Lining: Lightly lined; Pattern: Solid; Design: Lacing, Reinforced heel; Extras: Label patch/label flag, Tone-on-tone stitching",104.9,1645426542,300
2075874383,adidas,"adidas Handball Spezial DB3021 Cblack/Ftwwht/Gum5, Size: 46","Comfortable shoes from the adidas brand. The upper material of these casual shoes is made of natural leather - suede, synthetic - synthetic. The lining is made of synthetic and textile. The lining is made of textile. Such comfort is provided only by the outsole made of plastic. The model is enhanced with Ortholite technology. Ideal shoes for everyday use.",95.0,1622656381,221
1328713622,adidas,adidas Originals HANDBALL SPEZIAL Sneaker black 46,"Size , 46, Size system , EU sizes, Size note , Runs small, please order one size up., Manufacturer color name , Core Black / Cloud White / Gum5, Color , black, white, Appearance , solid color with color accents, Upper material , leather, synthetic, Lining material , synthetic, Style , casual, Decorations , label, logo lettering, Closure , lacing, Closure details , adjustable, Toe shape , round, Insole material , textile, Outsole material , rubber, Outsole properties , slip-resistant, Outsole profile , smooth, Stud pattern outsole , indoor court, Shoe height , low,",79.63,1622656381,221
3991049562,Nike,3-pack NIKE Everyday Cushioned Training Socks No-Show white/black 46-50,With the 3-Pack NIKE Everyday Cushioned Training Socks No-Show you can power through your workout. The thick terry sole provides extra wearing comfort for foot exercises and weightlifting. The ribbed arch band wraps the midfoot for a supportive feel. Product details: Dri-FIT technology helps keep feet dry and comfortable The thick terry sole offers comfort and shock absorption The ribbed arch band provides a supportive fit The low cut gives a minimalist look Material: 73% cotton/25% polyester/1% elastane/1% nylon,8.99,2487402853,499
1743158951,Nike,"Nike Squad Crew Socks - White, size: M",The Nike Squad Crew socks combine sweat-wicking material with targeted cushioning to deliver high-performance comfort during competition.,9.99,2761658531,41
1682104352,Home Wohnideen,Home Wohnideen Opalia sliding panel curtain decorative fabric digital print turquoise 245 x 60 cm,Home Wohnideen Opalia sliding panel curtain decorative fabric digital print turquoise 245 x 60 cm,34.0,1538167624,75
2113760999,Home Fashion,"Home Fashion Sliding Panel Curtain, Fabric, Off-White, 245 x 60 cm","Transparent sliding panel curtain in voile with Scherli wave pattern. Includes panel carriers and aluminum clamp rail. Lightweight quality, 100% polyester, laser-cut. Dimensions: H: 245 x W: 60 cm",32.75,1257924385,241
2070010941,adidas,"ADIDAS ORIGINALS Men's Sneaker 'Handball Spezial' black / white, Size 10, 4116480","Pattern: Solid color; Design: 7-eyelet lacing, Treaded sole, Reinforced heel, Contrasting inserts; Material: Leather; Toe: Round cap; Material: Suede leather; Closure type: Lace-up closure; Extras: Padded collar, Supple feel, Label print, Cushioning, Tone-on-tone stitching; Sustainability certificates: Leather Working Group; Heel height: Flat heel (0-3 cm)",99.9,1511483122,171
3962497863,Vision S,"Vision S sliding panel curtain OPALIA, (1 pc.), HxW: 245x60, decorative fabric digital print 245 cm, panel carriers, 60 cm blue living room curtains curtains by room drapes","This sliding panel curtain with the digital photo print ""OPALIA"" creates a great effect on your windows thanks to the photorealistic motif. The panel curtain is digitally printed, showing brilliant detail on the dense decorative fabric with a silk look and subtle effects. The sides are cut using special laser technology. Includes panel carriers with rollers and x-gliders for all common curtain rails. The high-quality aluminum clamp rail allows you to shorten the panel curtain to any desired height. Material: 100% polyester. This sliding panel curtain combines very well with other sliding panels.",50.99,1538167624,75
2068847065,Vision S,"Sliding curtain OPALIA, Vision S, panel carrier (1 piece), HxW: 245x60, decorative fabric digital print blue","Dimensions & Weight Weight: 680 g/m², Width: 60 cm, Height: 245 cm, Details Mounting: panel carrier, Hem: straight hem, Look/Style Color: turquoise, Transparency: opaque, Surface texture: smooth, Design: printed, Pattern: printed on one side, Designer production method: printed, Material Material composition: outer fabric: 100% polyester, Material: polyester, Scope of delivery Number of pieces: 1 pc., Scope of delivery: assembly instructions, panel carrier, clamping bar, Care instructions Care instructions: 30°C machine wash, not suitable for tumble drying, Information Note Decoration: The stated dimensions are the fully decorated measurements. A sliding curtain is a narrow, smoothly hanging fabric panel that can be used both as privacy screening and to divide rooms. Due to the sliding technique, sliding curtains are very flexible in use., Note Mounting: The panel carrier is mounted with the included rollers or with X-gliders on any common curtain rail or track., Note Shortening: Can be shortened to any height. ATTENTION! By cutting/shortening the item you forfeit your right of return., Quality notes Note Material: A polyester quality refers to a synthetic fiber that is very easy to care for. The product is both dimensionally stable and hard-wearing. It also does not shrink and has high light fastness., Note Designer production: The base fabric is printed on one side using various processes. Please note that the unprinted side of the fabric is always lighter, darker or less patterned than the printed front/visible side.",50.99,1538167624,75
2744744311,FEIN,FEIN - Ø 125 mm Angle Grinder WSG 15-125 PQ | 1500 Watt,"FEIN Ø 125 mm Angle Grinder WSG 15-125 PQ | 1500 Watt | Manufacturer No.: 72217960000 | EAN: 4014586875330 | • Fein • Diameter Ø 125 mm • WSG 15-125 PQ • Compact angle grinder WSG 15-125 PQ 1200 Watt POWERtronic for enormous power H07 industrial cable • Delivery: protective guard. Anti-vibration handle. Tool-free quick-release nut Fixtec. Wrench Nominal input 1500 Watt Output power 900 Watt No-load speed 11,000 1/min Cable with plug 4 m Weight according to EPTA 2.3 kg Flanges M14 Grinding disc Ø 125 mm Flexible backing pad Ø 125 mm Fein WSG 15-125 PQ Compact angle grinder Protective guard tool-free quick-release nut Fixtec Anti-vibration handle Wrench",164.73,477408105,352
4720389596,Liebherr,Liebherr SIFNd 4155-20 Prime NoFrost (999208751),LIEBHERR Plus 999208751 LIEBHERR Plus SIFNd4155-20 {Item# SIFNd4155-20} Installment payments from €30.72 per month available Built-in freezer with NoFrost,1449.0,3811418939,441
4720400069,Liebherr,Liebherr SIFNd 4155-20 Prime NoFrost (999208751),Liebherr SIFNd 4155-20 white built-in freezer (Item# 656547255),1449.0,3811418939,441
1565912494,Yves Saint Laurent,Yves Saint Laurent Rouge Volupté Shine Lipstick SPF 15 4 g Orange Impertinent,"Protection, care and shine with a moisturizing effect, even color and long wear: Rouge Volupté Shine makes lips glow for hours in gorgeously seductive shades. Contains an all‑round care cocktail that gives lips beauty, comfort and volume. Delicately melting textures and radiant colors, played by a mysterious gloss — pure YSL. A high proportion of soft waxes protects the lips from drying out.",36.5,328321615,470
2057142188,Yves Saint Laurent,"Yves Saint Laurent Rouge Volupté Shine Lipstick SPF 15, 16 Orange Majorelle, 3.2 g","The Rouge Volupté Shine lipstick with SPF 15 from Yves Saint Laurent makes the lips radiate in long-lasting, rich color. The delicately melting texture protects and cares for the lips while providing adequate moisture. Nourishing oils and macadamia butter ensure optimally cared-for lips with a natural smoothness.",29.0,328321615,470
18466853240,Kneer,"Fitted sheet KNEER ""Exclusive-Stretch"" fitted sheet W/L: 180-200 cm x 200-220 cm (1 pc.), jersey-elastane, 40 cm, pink (light rose) fitted sheet bed linen optimal fit","With the Exclusive-Stretch fitted sheet you are buying an absolute top product. Thanks to the yarn composition of 95% cotton and 5% elastane and the particularly high-quality finish, the fitted sheet has an exceptionally silky glossy and smooth lying surface. The extremely stretch- and wear-resistant Exclusive-Stretch fitted sheet is also suitable for very deep mattresses, box-spring beds and waterbeds up to a height of 40 cm. Its clever construction with rounded corners and a concealed sewn-in all-around elastic ensures a perfect fit on the mattress.",107.94,1324746498,48
25459835761,Valentino by Mario Valentino,"Shopper with emblem and interior compartments, for women",practical zippered pocket,124.99,4293287891,417
5154554715,Valentino,Valentino Handbag Swim Shopping Q02 Nero (10 liters),"Combining the Swim Shopping Q02 with your outfit of the day and heading into town will always lift your spirits. After all, Valentino has designed the handbag to perfection in every respect. A modern and chic design meets a well-thought-out compartment layout. The tote bag also promises a stable base and comfortable carrying, whether by the handles in the crook of the arm or on the shoulder. Features: chic tote bag from Valentino made of grained, partially recycled faux leather for the discerning lady with class; divided main compartment closes with a zipper; inside: one zip pocket, one central zip compartment and 2 slip pockets; 2 carrying handles; one detachable, continuously adjustable shoulder strap (length: 91-138 cm); reinforced bag base and stable stand. Details: Dimensions: 30 x 23 x 14.5 cm (W x H x D); Weight: 750 g; Material: grained, partially recycled faux leather (polyurethane); lining: polyester.",145.0,4293287891,417
1661031982,Creatable,"CreaTable combination service ""Bella Casa Aqua"" (16-piece), stoneware dinnerware sets","""CreaTable combination service """"Bella Casa Aqua"""" (16-piece), stoneware   baur-onlineshop CreaTable combination service """"Bella Casa Aqua"""" (16-piece), stoneware << 1 2 3 >> Product information: Combination service for 4 people from CreaTable Made of high-quality stoneware With hand-painted spiral decoration in trendy shades of blue Dishwasher-safe Microwave-safe Your benefits: fast and easy payment via PayPal free shipping free returns * further information: Item no.: 72364250 Important note: To avoid endangering your health and the health of our employees and service partners in the current situation, we only deliver freight items to the front door (for single-family houses) or to the apartment door (for multi-family houses). For large, bulky electrical appliances (for example side-by-side refrigerators), delivery may in some cases only be possible to the first ground-level door. Please understand that we no longer unpack in order to keep the visit as short as possible. We ask that you...""",59.99,1970396950,216
2146119221,HOME WOHNIDEEN,"Panel curtain Scherli, plush, 1 piece 245 x 60 cm, HOME WOHNIDEEN","Material Material composition, 100% polyester,",43.75,1257924385,241
1701333924,BeCo,"Comfort foam mattress, 81-100 kg, 7 zones, 1x 160x200 cm, ""Royal Duo KS"", BeCo",1x 160x200 cm. Special orthopedic mattress core contour. Approx. 21 cm high comfort foam mattress. With 7 support zones. Supports nighttime spinal extension. With soft shoulder relief.,349.99,1739984796,339
1701333914,BeCo,"Comfort foam mattress, 101-120 kg, 7 zones, 1x 140x200 cm, ""Royal Duo KS"", BeCo",1x 140x200 cm. Special orthopedic mattress-core contour. Approx. 21 cm high comfort foam mattress. With 7 sleeping zones. Supports nighttime spinal alignment. With soft shoulder relief.,299.99,1739985306,2
2060253226,BABOR,BABOR AGE ID Make-up Glossy Lip Colour 08 soft rose 4 g lipstick,"The BABOR AGE ID Make-up Glossy Lip Colour 08 soft rose 4 g is a long-lasting lipstick with a highly glossy finish. It gives the lips a hint of color with a high-shine, glossy finish. The lipstick is available in four contemporary shades. It lets the natural lip color show through the applied shade, harmonizing with the complexion. The optical filling effect makes lips appear plumper, while high-quality plant oils provide a perfect caring sensation. The glossy finish makes the lips look youthful and full.

Benefits:
- Lipstick
- Long-lasting
- Glossy finish
- Optical plumping effect

Application:
Trace the upper lip from the inside to the outside with the Glossy Lip Colour, then continue with the lower lip. Afterwards, gently dab the inside of the lips with a tissue to avoid getting color on the teeth.

Contents: 4 g
Usage: Please refer to the packaging or the enclosed instructions of the delivered product for the definitive application instructions.",18.58,845830827,133
2060185511,Yves Saint Laurent,Yves Saint Laurent Rouge Volupté Shine Lipstick 16 Orange Majorelle 4 g,"The Yves Saint Laurent Rouge Volupté Shine Lipstick 4 g protects, cares for, and shines with a moisturizing effect, even color and long wear: Rouge Volupté Shine makes your lips glow for hours in wonderfully seductive shades. Rouge Volupté Shine contains an all‑around care cocktail that gives the lips beauty, comfort and volume. Velvety-melting textures and luminous colors kissed by a mysterious shine in various color nuances — purely YSL. With twice as many soft waxes as classic lipsticks, Rouge Volupté Shine protects your lips from drying out and gives them intense shine for many hours. Experience irresistible radiance and dive into a sea of pure sensuality. MY COLOR, MY CARE, MY TIME TO SHINE. Dreamy shades for every occasion dress the lips in a playful garb of French chic and whimsical femininity. Benefits: - nourishing lipstick - with seductive shades - even color, long wear - protects lips from drying out Contents: 4 g Directions: Apply the lipstick evenly to the lips. For a perfect result, combine with lip liner and/or lip gloss.",32.23,328321615,470
2054593355,adidas,"Handball Spezial (Size 42, 46, 42 2/3, 44 2/3, 45 1/3, 46 2/3) - adidas Originals men's sneakers","Features: Style: Sneaker Cut: Low cut Special details: multiple-stitched toe cap Upper: suede Closure: lacing Shoelaces: flat laces Lining: synthetic leather Insole: textile Comfort: OrthoLite® insole, cushioning Sole: outsole made of natural rubber, tread sole Logo details: logo patch Manufacturer color: core black/ftwr white/gum5 Outer material: leather Lining: synthetic material Insole: textile Sole: synthetic",76.47,1511483122,171
4208976473,,Playmobil 70370 Girls Series 18 Donut Waitress NEW,Playmobil 70370 Girls Series 18 Donut Waitress NEW,2.49,1721487200,323
42156242181,ASICS,Asics »GEL-KAYANO 29« running shoe pink,"Size , 38, Color , frosted rose-deep mars, Upper material , mesh, synthetic, textile, Upper material properties , breathable, Lining , synthetic 100%, Manufacturer technologies , GEL®, OrthoLite®, Material composition , Upper: synthetic 100%; Outsole: rubber 100%;, Closure , lacing, Toe , round, Outsole material , rubber, Outsole profile , patterned, Pronation , overpronation, Shoe width , regular, Sport , running,",150.64,4000562923,255
2071913667,YVES SAINT LAURENT,"Yves Saint Laurent Rouge Volupté Shine SPF 15 80 Chili Tunique, with a glossy finish, content: 4.5 g lipstick, manufacturer shade: 80 Chili Tunique",Lipstick | Color: 80 Chili Tunique | Finish: Glossy | Content: 4.5 g,29.0,1511754467,132
2060185518,Yves Saint Laurent,Yves Saint Laurent Rouge Volupté Shine Lipstick 80 Orange Marceau 4 g,"Protection, care, shine with a moisturizing effect, even color, long-lasting: Yves Saint Laurent Rouge Volupté Shine Lipstick 4 g lets your lips shine for hours in wonderfully seductive shades. The Rouge Volupté Shine contains an all-round care cocktail that gives the lips beauty, comfort and volume. Delicately melting textures and luminous colors, entirely YSL. With twice as many soft waxes as classic lipsticks, the Rouge Volupté Shine protects your lips from drying out and gives them intense shine for many hours. Experience irresistible allure and dive into a sea of pure sensuality. Benefits - nourishing lipstick - with seductive shades - even color, long-lasting - protects lips from drying out. Application: Apply the lipstick evenly to the lips. For a perfect result, combine with lip liner and/or lip gloss.",24.57,1511754467,132
2163844083,Birkenstock,Birkenstock BIRKENSTOCK Professional Clog Boston ESD white leather 061370 + 061378 slipper 40 narrow,Size: 40 narrow,85.31,2146900507,384
1374772548,BeCo,"Beco comfort foam mattress 'Royal Duo KS', 140x200 cm, firmness level 4, 101-120 kg, height approx. 21 cm, white",Special orthopedic mattress core contour. Approx. 21 cm high comfort foam mattress. With 7 sleeping zones. Supports nightly spinal extension. With soft shoulder relief system. Color,269.99,1739985306,2
4935442477,Liebherr,Liebherr SIFNd 4155-20 Prime NoFrost (999208751),Liebherr freezer SIFNd 4156 silver-colored,1449.0,3811418939,441
5145869774,Valentino,"VALENTINO Women's Swim Re Tote, Black",TOTE 6VQ SWIM RE VALENTINO BLACK FOR WOMEN,145.0,4293287891,417
4443083796,Nike,"Nike, Unisex, Sports Socks, Squad Football Socks, Sizes 34-46, Black","The material of the Nike Squad football socks quickly wicks sweat to the outside. In addition, the socks are cushioned in high-stress areas to provide you with more comfort and performance during training and matches. - S = 34 - 38 - M = 38 - 42 - L = 42 - 46.",9.55,3120778611,184
1501443917,adidas,"adidas HB Spezial Boost indoor shoes men's in royal-ftwr white-gold met., size 44 2/3 royal-ftwr white-gold met. 44 2/3","adidas HB SPEZIAL BOOST. Multipurpose shoes made of durable, weather-resistant suede; classic lacing; protective heel cap; midsole with BOOST(TM) technology for excellent cushioning and energy return; leather upper; textile insole; TRAXION(TM) outsole for excellent traction on firm surfaces.",79.95,1645426542,300
4464961235,BIRKENSTOCK,Birkenstock 'Boston ESD' mule white 40,"Size , 40, Size system , EU sizes, Heel height , 1 cm, Color , white, Upper material , Upper material: Leather, Lining , No lining, Style , Casual, Closure , Buckle, Toe shape , round, Insole material , No lining, Outsole material , Upper material: Leather, Outsole profile , EU sizes, Shaft width , Regular shaft,",94.99,3615316947,376
2112188184,Hemafa,"Comfort foam mattress »GEL STYLE 2200«, Hemafa, 22 cm high, core density: 35, yellow, 160 cm x 200 cm x 22 cm 160 cm x 200 cm x 22 cm","Hemafa: The cold-foam mattress GEL STYLE 2200 comes from the Hemafa manufactory in Herdorf and is a bestseller. The 7-zone mattress core has a special ventilation system, a lumbar support and is especially adaptable in the shoulder area. The highest-quality feature, however, is the 6 cm GEL ART layer on the mattress surface. It provides optimal pressure relief and cushions each body zone softly. You lie, so to speak, ""in the mattress"" rather than ""on the mattress"". This creates a healthy and comfortable lying experience. As a result there are two different sleeping sides and therefore two different cover fabrics are used. Unquilted, these elastic materials are even more point-elastic and, of course, easily removable via a four-sided zipper and machine washable at 60°C. The product is of course suitable for house dust mite allergy sufferers. (This mattress is recommended for a body weight of up to 90 kg)",535.49,1334283705,62
1398443073,BeCo,"Beco Comfort Foam Mattress »Royal Duo KS«, 160x200 cm, Firmness Level 3, 81-100 kg, Height approx. 21 cm, white","Special, orthopedic mattress-core contour. Approximately 21 cm high comfort foam mattress. With 7 sleeping zones. Supports nightly spinal extension. With soft shoulder-relief system. Color",314.99,1739984796,339
212932071327,Beckhuis Living,"ED Lifestyle Pamplona 2F OTM Sofa universally configurable wood-based material/Nosag - 2 years warranty - min. 14-day return - Gray,Black,Silver","The ED Lifestyle Pamplona 2F OTM sofa is the perfect choice for anyone looking for a modern and functional piece of furniture. With generous overall dimensions of Width: 210 cm, Depth: 212 cm, Height: 91 cm, it offers enough space for up to four people. The comfortable seat height of 46 cm and seat depth of 85 cm provide a pleasant seating experience. The high-quality Nosag spring suspension ensures additional comfort, while the six back cushions and two decorative cushions create an inviting atmosphere. The sofa is not only stylish but also extremely practical. It features a sleeper function with a sleeping surface of 152 x 210 cm, ideal for overnight guests. The integrated storage box provides ample space for blankets and pillows, keeping your living area tidy. The durable and easy-care fabric cover is available in several color combinations such as Beige/Beige, Silver/Anthracite, Green/Green and Graphite/Silver and adapts effortlessly to any decor style. The delicate plastic feet with a wood-look give the sofa a modern lightness and allow flexible placement in the room, as the back is also upholstered in fabric. The ED Lifestyle Pamplona 2F OTM sofa is thus not only a cozy retreat but also a stylish highlight in your living room.",959.89,4663839989,183
4999242337,Birkenstock Professional,"BIRKENSTOCK PROFESSIONAL Clog ""Boston ESD"" Shoes 40, blue Work shoes","Color: Color: blue, Material: Upper material: leather, Upper material features: electrostatic discharge (ESD), Details: Closure: no closure, Sole: Outsole material: EVA, Outsole properties: slip-resistant, grease-resistant, oil-resistant, Fit/Cut: Shoe width: narrow",79.76,1913270470,150
3798427099,BIRKENSTOCK,Birkenstock Birkenstock Boston ESD mule white narrow sandal 40,"Size, 40, Color, white, Upper material, leather, Style, casual, Toe shape, round, Insole material, cork, latex",93.99,2146900507,384
3797711216,BIRKENSTOCK,"Birkenstock ""Birkenstock Boston ESD mule white regular"" sandal 40","Size , 40, Color , white, Upper material , leather, Material composition , ESD cork-latex, Style , casual, Toe shape , round, Insole material , cork, latex,",101.99,3615316947,376
4094313189,Braun,Braun Electric Toothbrush Oral-B Pulsonic Slim One 2900 Double Pack,"Color & Material Color, white,",68.9,1435573037,65
4935501979,ASICS,Asics »Gel-Kayano 29 running shoes« running shoe pink 38,"Size , 38, Heel height , 1 cm, Color , pink, Upper material , Mesh, Material composition , Upper (shoes): 100% Textile, Lining (shoe): 100% Other material Textile, Insole: 100% Other material, Outsole: 100% Other material, Style , fashionable, Closure , Lace-up, Heel type , Block heel, Toe shape , Round, Insole material , Mixed materials of synthetic and textile, Outsole material , Other material, Shoe height , NA, Shoe width , G, Sport , Running,",115.99,4000562923,255
2056849739,FEIN,Ø 125mm Angle Grinder WSG 15-125 PQ | 1500 Watt,FEIN Ø 125mm Angle Grinder WSG 15-125 PQ | 1500 Watt | Manufacturer No.: 72217960000 | EAN: 4014586875330 | Product type: Angle Grinder | Angle Grinder WSG 15-125 PQ 1200 Watt POWERtronic for enormous performance H07 industrial cable • Delivery: protective guard. Anti-vibration side handle. Tool-free quick-release nut Fixtec. Wrench | Category: Power tools > Angle Grinders,164.64,477408105,352
2055608440,Yves Saint Laurent,Yves Saint Laurent Rouge Volupté Shine Oil-In-Stick hydrating lipstick shade 46 Orange Perfecto 3.2 g,"Yves Saint Laurent Rouge Volupté Shine Oil-In-Stick, 3.2 g, lipstick for women. The Yves Saint Laurent Rouge Volupté Shine Oil-In-Stick enhances the beauty of your lips and skillfully highlights day or evening makeup. Features: long-lasting effect; gives lips shine; moisturizes and cares for the lips; satin finish. Application: Gently apply the lipstick from the center to the outer edges of the lips.",29.0,803771084,264
1711852573,Vision S,"Panel curtain, OPALIA, Vision S, panel carrier 1 piece, blue","This sliding panel with the digital photo print ""OPALIA"" creates a great effect on your windows thanks to the photorealistic motif. The panel curtain was digitally printed, displaying brilliant colors on the dense decorative fabric with a silk-look finish and subtle effects. The sides are cut using a special laser technique. Includes panel carrier with rollers and x-gliders for all common curtain tracks. The high-quality aluminum clamp rail allows you to shorten the panel curtain to any desired height. Material: 100% polyester. This panel curtain combines very well with other panel curtains.",45.99,1538167624,75
4595109117,"Bibliographisches Institut, Berlin / Duden",My Learning Memo with Raven Linus - Animals & Words Pack of 3,"What belongs together? Find the pairs and discover how the words look! Children aged 5 and up can playfully develop a first sense for words and, at the same time, strengthen their concentration and memory. The animal memo game with Raven Linus is the ideal preparation for first reading.",9.49,3759869769,380
4999242302,Birkenstock Professional,"BIRKENSTOCK PROFESSIONAL Clog ""Boston ESD"" Shoes 38, black Work shoes","Color: Color: black, Material: Upper material: leather, Upper material properties: electrostatic discharge (ESD), Details: Closure: no closure, Sole: Outsole material: EVA, Outsole properties: slip-resistant, grease-resistant, oil-resistant, Fit/Cut: Shoe width: narrow",79.76,3631090120,149
1398443058,BeCo,"Beco comfort foam mattress 'Royal Duo KS', 80x200 cm, firmness level 3, 81-100 kg, height approx. 21 cm, white","Special, orthopedic mattress-core contour. Approx. 21 cm high comfort foam mattress. With 7 sleeping zones. Supports nighttime spinal extension. With soft shoulder-relief system. Color",179.99,1739980608,61
1374712417,Beco EXCLUSIV,"Comfort foam mattress »Royal Duo KS«, 140x200x21 cm (W×L×H), 7-zone, suitable for allergy sufferers, Beco EXCLUSIV, material: comfort foam",Comfort foam mattresses: Special orthopedic mattress-core contour. Approx. 21 cm high comfort foam mattress. With 7 sleeping zones. Supports nighttime spinal alignment. With a soft shoulder-relief system.,319.99,1739985306,2
1743158953,Nike,"Nike Squad Crew Socks - White, size: XL",The Nike Squad Crew Socks combine moisture-wicking material with targeted cushioning to deliver high-performance comfort during competition.,9.99,2761658153,275
2059400382,Schmidtgard,"Sliding panel Benari 84132-2807 petrol, decorative fabric, opaque, 245x60 cm","Sliding panel Benari 84132-2807 petrol, decorative fabric, opaque, 245x60 cm",33.8,1285123046,100
4999242087,Birkenstock Professional,"BIRKENSTOCK PROFESSIONAL Clog ""Boston ESD"" Shoes 40, white Work shoes","Color: Color: white, Material: Upper material: leather, Upper material properties: electrostatic discharge (ESD), Details: Closure: no closure, Sole: Outsole material: EVA, Outsole properties: slip-resistant, grease-resistant, oil-resistant, Fit/Cut: Shoe width: narrow",79.76,2146900507,384
4722987437,BIRKENSTOCK,"Birkenstock ""BIRKENSTOCK Professional Clog Boston ESD blue leather 061380 + 061388"" slipper 40 narrow","Size, 40 narrow,",85.31,1913270470,150
2063888246,adidas,"adidas Handball Spezial DB3021 Cblack/Ftwwht/Gum5, Size: 42 2/3","Comfortable shoes from the adidas brand. The upper material of these casual shoes is made of natural leather - suede, and synthetic material. The lining is made of synthetic and textile. The lining is made of textile. Such comfort is provided by the outsole made of synthetic (plastic). The model is enhanced with Ortholite technology. Ideal shoes for everyday wear.",95.0,1622655555,24
1473942169,adidas,"adidas handball shoe ""Handball Spezial"", moisture-repellent, cushioned insole, men's, black/white, 42 2/3","adidas shoes in blue. In 1979 it was the shoe of choice among professional handball players; today the classic is a celebrated streetwear favorite. This version features an upper made of soft nubuck suede. For the authentic vintage vibe, the soft natural rubber outsole is of course a must.",99.95,1622655555,24
4752061423,Duden,"Duden game, My learning memo with raven Linus - number game pack of 3","Type of power supply , N, Warning notes , There are no warning notes., Age recommendation , from 4 years,",11.99,3759871110,414
1633578762,Bibliographisches Institut,My Learning Memo with Raven Linus - Number Game,Dorothee Raab,4.99,2996525770,179
3520359350,,Adidas sneaker blue HB Spezial Boost,"Nice men's sneaker from the Adidas brand made of fine, high-quality suede leather in blue. The insole is made of high-quality textile and thus offers high comfort and breathability. The shoe has a regular width. The heel is completely flat, 2 cm. The sole is made as a flexible running sole, so wearing it all day is no problem and the foot rolls off easily. The item has a lace closure. The rounded toe makes the shoe look elegant on the foot and provides enough room for your foot and toes. This shoe offers a soft walking comfort. The shoes are ideal for leisure use, as comfort, wearing feel and workmanship are designed so you can wear them all day without problems.",110.35,1645426542,300
1730134275,Braun,"Braun Oral-B Pulsonic Slim One 2900, electric toothbrush, white, incl. 2nd brush handle",With the Oral-B Pulsonic Slim One 2900 you get the Oral-B Pulsonic Slim One with a 2nd brush handle. It is an especially slim and handy sonic toothbrush. The elongated brush head of the Pulsonic Slim One removes through the u,96.36,1435573037,65
2060185514,Yves Saint Laurent,Yves Saint Laurent Rouge Volupté Shine Lipstick 46 Orange Perfecto 4 g,"Protection, care, shine with moisturizing effect, even color, long-lasting: Yves Saint Laurent Rouge Volupté Shine Lipstick 4 g makes your lips shine for hours in wonderfully seductive shades. The Rouge Volupté Shine contains an all-around care cocktail that gives the lips beauty, comfort and volume. Delicately melting textures and luminous colors, completely YSL. With twice as many soft waxes as classic lipsticks, Rouge Volupté Shine protects your lips from drying out and gives them intense shine for many hours. Experience irresistible radiance and immerse yourself in a sea of pure sensuality. Benefits - nourishing lipstick - in seductive shades - even color, long wear - protects lips from drying out Application: Apply the lipstick evenly to the lips. For a perfect result, combine with lip liner and/or lip gloss.",24.57,803771084,264
2075414111,HOME WOHNIDEEN,"Sliding panel curtain BENARI, HOME WOHNIDEEN, hook-and-loop tape (1 piece), HxW: 245x60, incl. mounting accessories green","Dimensions & Weight Width , 60 cm, Height , 245 cm, Details Hanging system , hook-and-loop tape, Appearance/Style Color , petrol, Transparency , opaque, Surface texture , smooth, Design , printed pattern, Pattern , circles, Designer production method , printed, Material Material composition , Outer fabric: 100% polyester, Scope of delivery Number of pieces , 1 pc., Scope of delivery , assembly instructions, clamp rail, panel carrier, Care instructions Care instructions , 30°C gentle wash, Additional information Decoration note , A sliding panel curtain is a narrow, smoothly hanging fabric panel that is suitable both as a privacy screen and for dividing rooms. Due to the sliding technique, sliding panel curtains are very versatile., Shortening note , Can be shortened to any height. ATTENTION! Cutting/shortening the item voids your right of return., Quality notes Material note , A polyester quality refers to a synthetic fiber that is very easy to care for. The fabric is dimensionally stable and hard-wearing. It also does not shrink and has high lightfastness.",45.99,1285123046,100
3367744138,YVES SAINT LAURENT,"Yves Saint Laurent Rouge Volupté Shine Lipstick, 104 Corail Orient 30 g",shimmering lipstick Item display weight: 0.03 kilograms Number of units: 1.0 Number of items: 1,31.69,1933257945,451
27062583649,Valentino,"VALENTINO Women's Swim Re Tote, Black, Medium",TOTE 6VQ SWIM RE VALENTINO BLACK FOR WOMEN,124.99,4293287891,417
2067377960,Beco EXCLUSIV,"Comfort foam mattress »Wellness Deluxe«, 100x200x27 cm (W×L×H), H2, 7-zone, suitable for allergy sufferers, Beco EXCLUSIV, Material: comfort foam","Comfort foam mattresses: *rated ""GOOD"" by TÜV SÜD (size 90/200 cm in firmness grade 2 was tested with certificate no. Z2 12 11 21620 088). ""Customers rated"" with overall grade: 1.1 (tested in Nov.-Dec. 2014",299.99,1285950280,36
4595109114,"Bibliographisches Institut, Berlin / Duden",My Learning Memo with Raven Linus - Number Game (pack of 3),"Learn the numbers up to 20 with Raven Linus and find the corresponding quantities. Children aged 5 and up can develop a first sense of counting in a playful way and, incidentally, strengthen their concentration and memory. The number memory game with Raven Linus is the ideal preparation for early arithmetic.",9.49,3759871110,414
1628142292,Duden,Simply Learn with Raven Linus: My Learning Memo with Raven Linus - Number Game (Children's Game),"Simply Learn with Raven Linus: My Learning Memo with Raven Linus - Number Game (Children's Game). Learn the numbers up to 20 with Raven Linus and find the corresponding quantities. Children from 5 years can playfully develop a first sense of counting and, incidentally, strengthen their concentration and memory skills. The number memo game with Raven Linus is the ideal preparation for first arithmetic.",10.99,2996525770,179
3916588373,Nike,"Nike Performance Squad Crew, Size XL, Men's, black / white",The Nike Squad Crew socks are designed for high performance and comfort during sports. The durable blend of materials with Dri-FIT technology wicks moisture away. Cushioning in high-wear areas provides a comfortable feel.,5.09,3003303751,284
4882799596,Nike,"Nike Unisex U Nk Hverdag Cush 3-pack Socks, White / Black, XL EU","The S-Bag Ultra Long Performance has been tested by an independent institute and certified by TÜV Rheinland. Replace your vacuum cleaner's motor protection filter every three months for optimal performance. Suitable for Jewel: FC9050 - FC9079, Performer: FC9150 - FC9179, PerformerPro: FC9180 - FC9189, FC9190 - FC9199, SilentStar: FC9300 - FC9319. HEPA 13 filter: optimal filtration of exhaust air, filters microscopic pests that can trigger allergies. Replace every 24 months.",12.0504201681,2487402853,499
1989668309,Braun,"Oral-B Pulsonic Slim One 2900, electric toothbrush, white, incl. 2nd handle",With the Oral-B Pulsonic Slim One 2900 you receive the Oral-B Pulsonic Slim One with a 2nd handle. It is an especially slim and handy sonic toothbrush. The elongated brush head of the Pulsonic Slim One removes through the u,89.19,1435573037,65
4318072332,Creatable,Bella Casa Aqua Combination Dinnerware Set 16-piece for 4 Persons Creatable 20340,Bella Casa Aqua Combination Dinnerware Set 16-piece for 4 Persons Creatable 20340,62.99,1970396950,216
2058069498,adidas,"adidas Handball Spezial DB3021 Cblack/Ftwwht/Gum5, Size: 44","Comfortable shoes from the brand adidas. The upper material of these casual shoes is made of natural leather - suede, synthetic - synthetic. The lining is made of synthetic, textile. The lining is made of textile. Such comfort is provided by the outsole made of plastic. The model is enhanced with Ortholite technology. Ideal shoes for everyday use.",95.0,1469578364,208
3637033902,Oral B,Oral-B Toothbrush Pulsonic Slim One 2900 Twin Pack,Oral-B Toothbrush Pulsonic Slim One 2900 Twin Pack,69.99,1435573037,65
1798789869,Oral B,Oral-B Pulsonic Slim One 2900 with 2nd toothbrush Electric sonic toothbrush,"Only at 0815: The 0815 exchange benefit: When purchasing a product of the Oral-B brand you automatically and free of charge receive the 0815 exchange benefit. This enables you to exchange your Oral-B product purchased at 0815, should this",95.0,1435573037,65
1425295476,Oral B,ORAL-B Pulsonic Slim One Electric Toothbrush White,"The Oral-B Pulsonic Slim One is now available with 2 handles. It removes surface stains for whiter teeth in 2 weeks. Thanks to the ultra-slim, super-light handle, the toothbrush feels particularly comfortable in the hand and is therefore suitable for home and travel. The elongated brush head helps remove surface stains with gentle sonic technology. You can choose between two modes for personalized brushing comfort: Daily Clean and Whitening. For a cleaner smile & natural brightening!",136.4,1435573037,65
4205712058,Walimex,Walimex pro 650-1300-8-16 DSLR Samsung NX,Product type: Zoom lens | Release date: 20-08-2013 | Outdoor housing features: no | Camera mount: Samsung NX | Aperture (tele): 16 | Aperture (wide angle): 8 | Maximum focal length: 1300 mm,329.0,407084305,92
3946455197,Home Wohnideen,"Home Wohnideen sliding panel Rawlins 245 x 60 cm, opaque (lilac), Color=Purple, Size=60 x 245 cm","Features This opaque sliding panel with the Rawlins digital photo print creates a great effect on your windows thanks to the photorealistic motif. The sliding panel was digitally printed, showing brilliant colors on the opaque decorative fabric with a silk look and subtle effects. The sides were cut using a special laser technique. A hook-and-loop tape is sewn on at the top of the sliding panel, allowing easy removal for washing. Thanks to the high-quality aluminum clamp strip, you can shorten the sliding panel to any desired height — detailed instructions can be found in the video ""Shortening sliding panels"". This sliding panel combines very well with other sliding curtains. Includes panel carrier with rollers and x-gliders for all common curtain tracks. Wash at 30°C, gentle cycle. Iron at low temperature. Do not tumble dry. Do not bleach. Do not dry clean. Material: 100% polyester. Dimensions: approx. W 60 x H 245 cm. Scope of delivery: 1x sliding panel, 1x panel carrier with gliders and rollers, 1x clamp strip, assembly instructions.",29.95,1012832077,99
3848611844,,SLIDING PANEL DECORATIVE FABRIC DIGITAL PRINT OPALIA TURQUOISE 60 X 245 CM,"This sliding panel with the digital photo print ""OPALIA"" creates a great effect on your windows thanks to its photorealistic motif. The sliding panel was digitally printed and thus displays its brilliance on the dense decorative fabric with a silk look and subtle effects. The edges were cut using special laser technology. Includes panel carriers with small rollers and x-gliders for all common curtain tracks. The high-quality aluminium clamp rail allows you to shorten the sliding panel to any desired height. Material: 100% polyester. This sliding panel combines very well with other sliding curtains.",39.99,1538167624,75
2234617577,Bell Helme,"BELL Cruiser 2020 Custom 500 DLX Adult Helmet (Striped Gloss Black/Gold), Size XXL",Fiberglass shell. Specially quilted lining. Double D-ring closure. Integrated snap fasteners. 5-year warranty.,196.18,1913248983,248
2068747720,Fein,FEIN WSG 15-125 PQ 72217960000 angle grinder 125 mm 1500 W,Handy 1500 W compact angle grinder with a high power reserve for effective grinding and cutting tasks.,199.99,477408105,352
2062764471,Biederlack,Biederlack throw / blanket Uno Cotton camel velour ribbon edging 220 x 240 cm,Biederlack throw / blanket Uno Cotton camel velour ribbon edging 220 x 240 cm,65.0,1377073738,175
2057506159,Graef,GRAEF SKS903 all-purpose slicer SKS903 RED Sliced Kitchen red,".:: HBH - Höfle Heavy Machinery Trade ::.

--

Shop

--

Newly listed items

--

ending soon!

--

Contact

free

shipping

fast delivery

Navigation 

--

eBay Shop

--

All offers

--

Reviews

--

Question about the offer

--

Follow us

--

--

--

--

GRAEF SKS903 all-purpose slicer SKS903 RED Sliced Kitchen red

Item no.: GAD33387

Sliced Kitchen: Extremely thin slices freshly cut from a longer-lasting piece, for more aroma and perfect cooking times. Solid workmanship, powerful, whisper-quiet 185 watt condenser motor. Smooth Ø190mm full-steel blade in commercial quality with hollow grind: ideal for very thin slicing. Hygienic base plate made of anodized aluminum, foldable carriage in anodized aluminum with precise round-rod guidance, variable slicing thickness adjustment 0 - 15 mm, cantilevered full metal housing, color.",1044.95,1043146066,33
1477186647,Braun,"Oral-B Pulsonic Slim One 2900, electric toothbrush white, incl. 2nd brush handle","Oral-B Pulsonic Slim One 2900, electric toothbrush",90.9,1435573037,65
1742701267,adidas,"adidas Handball shoe ""Handball Spezial"", moisture-repellent, padded insole, for men, black/white, 44","adidas shoes in blue. In 1979 it was the shoe of choice among professional handball players; today the classic is a celebrated streetwear favorite. This version comes with an upper made of soft nubuck suede. For the true vintage vibe, the soft natural rubber outsole is, of course, indispensable.",99.95,1469578364,208
1701333922,BeCo,"Comfort foam mattress, 81-100 kg, 7 zones, 1x 160x200 cm, 'Royal Duo KS', BeCo",1x 160x200 cm. Special orthopedic mattress core contour. Approx. 21 cm high comfort foam mattress. With 7 sleeping zones. Supports nighttime spinal extension. With soft shoulder relief.,349.99,1739984796,339
2111162993,Graef,"Graef SKS903EU all-purpose slicer Sliced Kitchen, 185 W, anodized aluminium / red","Graef Sliced Kitchen – the kitchen of fine cuts: the thinner you slice meat and vegetables, the more aromas they release and the more delicately they caress the palate. The SKS 903 quickly and precisely turns all ingredients into paper-thin slices of pure flavour. The slicer shines in elegant red through safety, quality and comfort. Among the features that testify to the SKS 903’s ""Made in Germany"" quality is its 190 mm diameter fully hardened solid steel blade, which masters even the finest slicing tasks. The maintenance-free 185-watt condenser motor delivers strong pulling power while operating whisper-quiet. Last but not least, the Graef slicer impresses with its ease of use and cleaning. Another important aspect beyond the creative possibilities of the Sliced Kitchen: if you appreciate fresh food and don’t want to waste ingredients, the SKS 903 is a reliable helper.",617.04,1043146066,33
3079536438,adidas,adidas Originals Handball Spezial - Men's black size 42 2/3,"A classic, not just for sports. The adidas Handball Spezial is—as the name clearly reveals—a trendy handball shoe from the '70s. So why should you miss out? Here are a few highlights: soft leather upper, the well-known popular 3-stripes design, and a slip-resistant outsole! What more do you need? We say, nothing! Grab the Handball Spezial now and discover its iconic, cool, and sporty design! Good reasons to choose the Handball Spezial: Upper: leather; Lining: textile; Insole: textile; 7-eyelet lacing; 3-stripes design; model name branding on the side; adidas logo on tongue and heel; decorative sole stitching; slip-resistant non-marking outsole.",99.99,1622655555,24
1633578764,Bibliographisches Institut,My Learning Memo with Raven Linus - Syllables,Dorothee Raab,4.99,2721550319,18
4746787193,Bibliographisches Institut,My Learning Memo with Raven Linus - Animals & Words (pack of 3),Packaging unit: Dorothee Raab,9.99,3759869769,380
1653769352,Home Wohnideen,Home Wohnideen Benari sliding panel curtain decorative fabric digital print petrol 245 x 60 cm,Home Wohnideen Benari sliding panel curtain decorative fabric digital print petrol 245 x 60 cm,34.0,1285123046,100
1639330963,Kneer,"Fitted sheet »Exclusive-Stretch«, (1 pc.), optimal fit, sheet, 64624265-0 blue W/L: 180-200 cm x 200-220 cm (1 pc.)","With the Exclusive-Stretch fitted sheet you are purchasing an absolute top product. Due to the yarn combination of 95% cotton and 5% elastane, as well as the particularly high-quality finish, the fitted sheet receives an exceptionally silky glossy and smooth sleeping surface. The extremely stretchy and hard-wearing Exclusive-Stretch fitted sheet is also suitable for very high mattresses, box-spring beds and waterbeds up to a height of 40 cm. Thanks to its sophisticated construction with rounded corners and a concealed sewn-in all-around elastic, we achieve a perfect fit on the mattress.",107.94,1324746422,199
4062216502,Kneer,Kneer Fitted Sheet 93 Exclusive-Stretch - 180/200-200/220cm	lagoon,Quality 93 Exclusive-Stretch fitted sheet,99.95,1324746422,199
2070908192,Hemafa,"Comfort foam mattress, 7-zone, comfort foam material »GEL STYLE 2200«, Hemafa",Comfort foam mattress: Gel-style mattress with a one-sided topper for optimal PRESSURE RELIEF. Approx. 22 cm mattress height with 7 sleeping zones. Breathable cold foam - support core with a one-sided high gel-style topper. Mattress with,549.99,1334283705,62
4877427884,Liebherr,Liebherr SIFNd 4155-20 Prime NoFrost (999208751),Liebherr SIFNd 4155-20 Prime White COOLING 999208751 Energy efficiency class: D,1449.0,3811418939,441
1951156656,Oral B,Oral-B Pulsonic Slim One 2900 with 2nd toothbrush,Oral-B Pulsonic Slim One 2900 with 2nd toothbrush,116.74,1435573037,65
54159697837,Valentino,Valentino Handbag - Fetch VBS6QX02RE Nero,Here we present an extraordinary bag from Valentino in a classic shape. Impossible? Not at all! Let yourself be seduced by it! This handbag features a handle that you can carry in your hand or wear on your shoulder if you want to keep your hands free.,148.0,4293287891,417
3214249593,Airoh,"Airoh Commander Skill Motocross Helmet, gray, Size XS","* Double D-ring fastener * Vents on chin, front and top * Visor (scratch-resistant and UV-resistant, extra wide field of view, Pinlock-ready) | Item: Airoh Commander Skill Motocross Helmet, gray, Size XS",359.90003,2491910760,130
1701333925,BeCo,"Comfort foam mattress, 81-100 kg, 7 zones, 1x 160x200 cm, ""Royal Duo KS"", BeCo",1x 160x200 cm. Special orthopedic mattress core contour. Approx. 21 cm high comfort foam mattress. With 7 sleeping zones. Supports nighttime spinal stretching. With soft shoulder relief.,349.99,1739984796,339
3633186153,Fein,Fein WSG 15-125 PQ Corded Angle Grinder 1500 W 125 mm Angle Grinder,Fein WSG 15-125 PQ Corded Angle Grinder 1500 W 125 mm Angle Grinder,171.23,477408105,352
1920508153,Nike,"Nike Performance Squad Crew, Size M, Men's, white/black",The Squad Crew socks from Nike are made for high performance and comfort during sports. The durable blend of materials with Dri-FIT technology wicks moisture away. Cushioning in high-wear areas provides a comfortable feel.,5.83,2761658531,41
4473556437,,NEW Playmobil 70370 Figures Girls 18 CLOWN stilt legs spray flower 4230 9040,"New and unopened.
I like to combine items. When purchasing multiple items, please only pay after I have provided an invoice.

Private sale, no returns.

New item as shown.

Please note my other listings. I will combine multiple purchases to reduce shipping costs but can only do so if you wait for an invoice before paying for more than one item.

Postage quoted is for mainland EU but I ship worldwide. Please contact me for a quote.

This auction is a purely private sale without any guarantee and without any warranty (exclusion of the new EU warranty law of 01.01.2002, under which private sellers are also obliged to a two-year warranty for the goods they offer, but unlike traders may agree with the buyer to exclude this). By placing a bid/purchase, the bidder/buyer agrees to these conditions.",4.54,1721487200,323
1867285998,Playmobil,Playmobil 70370 Figures Girls Series 18 Female Plumber,Playmobil 70370 Figures Girls Series 18 Female Plumber,2.99,1721487200,323
4933727929,Liebherr,Liebherr SIFNd 4155-20 Prime NoFrost (999208751),"Liebherr built-in freezer SIFNd4155. Item sold directly from the studio, excellent advice and full service options, Austrian warranty, delivery and installation service, and old appliance disposal available.",1449.0,3811418939,441
2012448159,Stefan Leuchtenberg#Bettina Abel,My Learning Memory with Raven Linus - Syllables (Children's Game),What belongs together? Find the matching syllables and discover what the words look like! Children from 5 years can develop a feel for words and syllables in a playful way while at the same time strengthening their concentration and memory. The memory game with Raven Linus is a playful training for learning to read.,3.19,2721550319,18
4218552688,Duden,Duden Game: My Learning Memo with Raven Linus - Number Game,"Warning notices, Caution! Not suitable for children under three years. Choking hazard due to small parts., Age recommendation, from 5 years",10.14,2996525770,179
3087065427,Airoh,Airoh Helmet Commander Skill Matt Xl,High quality. Dimensions of the item package: 45.0 x 40.0 x 35.0 centimeters. Package weight: 1.5 kilograms. Category: Unisex,319.83,2491910760,130
2075914534,HOME WOHNIDEEN,"Sliding panel curtain Brakel, HOME WOHNIDEEN, panel carrier (1 piece), HxW: 245x60","Dimensions & weight Width , 60 cm, Height , 245 cm, Details Hanging , panel carrier, Appearance/Style Color , grey, Transparency , opaque, Surface texture , textured, Design , printed pattern, Pattern , wave, Design production type , printed, Material Material composition , Cover: 100% polyester, Scope of delivery Number of pieces , 1 pc., Scope of delivery , clamp rail assembly instructions panel carrier, Care instructions Care instructions , 30°C gentle wash, Information Note on hanging , The panel carrier is mounted with the enclosed rollers or with X-gliders on any common curtain rail or track., Note on shortening , Can be shortened to any height. ATTENTION! By cutting/shortening the item you forfeit your right of return., Quality notes Note on material , A polyester quality refers to a synthetic fiber that is very easy to care for. The product is both shape-retaining and hard-wearing. It also does not shrink and has high light fastness., Note on design production , The base fabric is printed in color on one side using various processes. Please note that the unprinted side of the fabric is always lighter, darker or less patterned than the printed front/visible side.",45.99,1027555333,358
1372177825,Home Wohnideen,"Panel curtain, Bristol Home Wohnideen grey","Are you looking for stylish privacy for your rooms? Then we warmly recommend this curtain. It is equipped with hook-and-loop tape (Velcro), which gives it a particularly nice drape. Treat your home to a new look and order the curtain right now easily here in our shop!",54.99,1027555333,358
1431949914,adidas,"adidas handball shoe ""Handball Spezial"", moisture-repellent, padded insole, for men, black/white, 44 2/3","adidas shoes in black. In 1979 it was the shoe of choice among professional handball players; today the classic is a celebrated streetwear favorite. This version features an upper made of soft nubuck suede. For an authentic vintage vibe, the soft natural rubber outsole is, of course, indispensable.",89.95,1511483122,171
1709819014,Vision S,Sliding panel curtain OPALIA Vision S panel carrier 1 piece,"This sliding curtain with the digital photo print ""OPALIA"" creates a great effect on your windows thanks to the photorealistic motif. The sliding curtain was digitally printed, showing its brilliance on the dense decorative fabric with a silk look and subtle effects. The sides were cut using a special laser technique. Includes panel carrier with rollers and x-gliders for all common curtain tracks. The high-quality aluminium clamping strip allows you to shorten the sliding curtain to any desired height. Material: 100% polyester. This sliding curtain combines very well with other sliding curtains. Color: turquoise Size: opaque",45.99,1538167624,75
1639247978,Vision S,"sliding curtain, ""OPALIA"" panel carrier 1 piece, curtain, 41434810-1 blue opaque blue H/W: 245/60 cm","This sliding curtain with the digital photo print ""OPALIA"" creates a great effect on your windows thanks to the photorealistic motif. The sliding curtain was digitally printed and thus shows its brilliance on the dense decorative fabric with a silk-look and subtle effects. The sides have been cut using special laser technology. Includes panel carrier with rollers and x-gliders for all common curtain tracks. Thanks to the high-quality aluminium clamping bar, you have the option to shorten the sliding curtain to any desired height. Material: 100% polyester. This sliding curtain can be very well combined with other sliding curtains. Color: blue Variant/Size: H/W: 245/60 cm",45.99,1538167624,75
1867261584,,"PLAYMOBIL 70370 Figures Girls Series 18, Craftswoman Mechanic with Tools 8 NEW","PLAYMOBIL 70370 Figures Girls Series 18, Craftswoman Mechanic with Tools 8 NEW",3.25,1721487200,323
4575208945,Bibliographisches Institut,My Learning Memo with Raven Linus - Number Game (pack of 3),Learn the numbers up to 20 with Raven Linus and find the corresponding quantities. Children from 5 years can develop an initial sense of counting in a playful way while simultaneously improving their concentration and memory skills. The number memo game with Raven Linus is the ideal preparation for first arithmetic.,10.0,3759871110,414
4732077225,Bibliographisches Institut,"My Learning Memo with Raven Linus - Animals & Words, pack of 3, Raab 2022","My Learning Memo with Raven Linus - Animals & Words, pack of 3, Raab 2022",12.95,3759869769,380
1548025566,Goodyear,Goodyear Eagle F1 Supersport R FP XL 275/25 R21 (92Y) (Z)Y Summer tire,"The Goodyear Eagle F1 Supersport R FP XL 275/25R21 (92Y) (Z) Y is a passenger car summer tire in size 275/25R21 (92Y) (Z) Y (2752521) and has the following features: The Eagle F1 SuperSport draws on Goodyear's racing experience and delivers outstanding grip and handling. Responsive directional changes are ensured by the stiff tread ribs, while a massive closed outer shoulder pattern takes control during load transfers in corners. A super-stiff sidewall construction further improves handling without compromising ride comfort. Although Goodyear primarily developed it for dry conditions, wet performance has been innovatively addressed by using a combination of multiple compounds, pairing dry-optimized outer sections with three wet-optimized central segments. This allows drivers to corner more confidently on dry roads while also providing exceptional braking performance in wet conditions.",303.71,1626693599,206
2134510956,,1x Goodyear Eagle F1 Supersport R 275/25 R21 92Y summer tire ID695169,1x Goodyear Eagle F1 Supersport R 275/25 R21 92Y summer tire ID695169,463.9,1626693599,206
1566755916,adidas,"adidas handball shoe ""Spezial Boost"" for men","adidas shoes in blue suede. The legendary Spezial first appeared on professional players in the late 1970s; now its 40th anniversary is celebrated with a Boost update. The handball shoe, like the original, features clean suede, while the responsive cushioning provides comfortable wear. The especially grippy outsole also allows quick changes of direction.",119.95,1645426542,300
138961805528,ED EXCITING DESIGN,"ED EXCITING DESIGN corner sofa ""Pamplona"" L-shape, with bed function, storage box, back and decorative cushions, free-standing, gray",Universally configurable. With bed function and storage box.,1295.99,4663839989,183
2164268194,Nike,"Nike Everyday Cushioned No-Show Training Socks (3 Pack) - White, size: XL",With the Nike Everyday Cushioned socks you'll power through your workout. The thick terry sole provides extra comfort for footwork and weightlifting. The ribbed arch band wraps the midfoot and delivers a supportive fit.,9.99,2487402853,499
1929021159,Nike,Nike Socks Squad Crew white XL,"Size, XL, Color, white/black, Manufacturer color designation, white / black, Material composition, 88% polyester / 9% cotton / 3% elastane, Care instructions, Machine wash, Appearance/Style appearance, multicolored, Style, sporty",9.95,2761658153,275
4070366897,Kneer,Kneer Fitted Sheet 93 Exclusive-Stretch - 180/200-200/220cm	lagoon,Kneer fitted sheet 93 Exclusive-Stretch quality 93 Exclusive-Stretch fitted sheet Kneer EXCLUSIV-STRETCH — the most refined of the fitted sheets from the house of Kneer.,99.95,1324746422,199
2058593750,adidas,adidas Handball Spezial sneaker black 44 EU,"Style: Retro, Sport | Cut: low/low cut, narrow | Heel type: flat | Closure: lacing | Insole: cushioning, textile | Outsole: slip-resistant tread, rubber/synthetic sole | External sole: cushioning plastic | Opening: padded | Toe: round, soft toe box | Heel: logo heel tab, reinforced | Pattern: multicolored | Upper material: leather, suede leather | Lining material: textile/synthetic | Sport: handball",68.9,1469578364,208
3256961937,Airoh,Airoh Commander Skill Matte XS,Part number: 8029243319467 Fit: Universal cut Included components: Unknown Packaging: 2.0 kg,357.07,2491910760,130
4956282202,Liebherr,Liebherr SIFNd 4155-20 Prime NoFrost Built-in Freezer (999208751),Liebherr SIFNd4155-20 built-in freezer,1449.0,3811418939,441
2058443962,Kneer,Kneer fitted sheet Exclusive-Stretch quality 93 Color 82 black 180-200 cm x 200-220 cm,Kneer fitted sheet Exclusive-Stretch quality 93 Color 82 black 180-200 cm x 200-220 cm,99.95,1324747283,427
2117967630,Kneer,Kneer fitted sheet Exclusive-Stretch quality 93 color 35 lagoon 180-200 cm x 200-220 cm,Kneer fitted sheet Exclusive-Stretch quality 93 color 35 lagoon 180-200 cm x 200-220 cm,99.95,1324746422,199
5158514600,Valentino,"Shopper ""SWIM RE"", with gold-colored details, size W/H: 29 cm x 23 cm, black, 31005423-0","VALENTINO BAGS Shopper ""SWIM RE"". Approx. size W/H/D: 29/23/14 cm.",145.0,4293287891,417
4070366893,Kneer,Kneer Fitted Sheet 93 Exclusive-Stretch - 180/200-200/220cm	delicate pink,Kneer fitted sheet 93 Exclusive-Stretch quality. 93 Exclusive-Stretch fitted sheet Kneer EXCLUSIV-STRETCH — the most luxurious of the fitted sheets from Kneer.,99.95,1324746498,48
4070366943,Kneer,Kneer Fitted Sheet 93 Exclusive-Stretch - 180/200-200/220cm	mint,Kneer fitted sheet 93 Exclusive-Stretch. Quality 93 Exclusive-Stretch fitted sheet. Kneer EXCLUSIV-STRETCH — the most luxurious of the fitted sheets from the Kneer house.,99.95,1324744550,296
2063888248,adidas,"adidas Handball Spezial DB3021 Cblack/Ftwwht/Gum5, Size: 44 2/3","Comfortable shoes from the adidas brand. The upper material of these everyday shoes is made of natural leather - suede, synthetic - synthetic. The lining is made of synthetic, textile. The inner lining is made of textile. Such comfort is provided by the outsole made of plastic. The model is enhanced with Ortholite technology. Ideal shoes for everyday use.",95.0,1511483122,171
2057706385,BABOR,BABOR AGE ID Makeup Glossy Lip Colour 08 soft rose 4 g,"The BABOR AGE ID Makeup Glossy Lip Colour 08 soft rose 4 g is a long-lasting lipstick with a highly glossy finish. It gives the lips a hint of color with a high-shine, glossy effect. The lipstick is available in four contemporary shades. It allows the natural lip color to shine through the applied shade and thus harmonizes with the complexion. The optical filling effect makes the lips appear plumper, while high-quality plant oils provide a perfect caring feeling. The glossy finish makes the lips look youthful and full.

Benefits
- Lipstick
- Long-lasting
- Glossy finish
- Optical filling effect

Application
Trace the upper lip from the inside to the outside with the Glossy Lip Colour, then continue with the lower lip. Afterwards, gently dab the inside of the lips with a cosmetic tissue to avoid transferring color onto the teeth.

Contents: 4 g
Application: For the binding instructions on use, please refer to the packaging or the enclosed user manual of the delivered product.",18.58,845830827,133
1374772535,BeCo,"Beco comfort foam mattress ""Royal Duo KS"", 80x200 cm, firmness level 3, 81-100 kg, height approx. 21 cm, white",Special orthopaedic mattress core contour. Approx. 21 cm high comfort foam mattress. With 7 sleeping zones. Supports nocturnal spinal extension. With soft shoulder relief system. Color,179.99,1739980608,61
4495276027,Creatable,"CreaTable 20340 Combination Set Bella Casa for 4 Persons, Stoneware, aqua (1 Set, 16-piece)","<p>Here you receive a high-quality stoneware combination set in the following composition:<br /><br><br /><br>- 4 x dinner plates 26 cm<br /><br>- 4 x dessert plates 19 cm<br /><br>- 4 x coffee mugs 30 cl<br /><br>- 4 x cereal bowls on foot 14.5 cm<br /><br><br /><br>The tableware is presented in a ""handmade decor"" with a hand-painted spiral and a reactive outer band in a vintage look.<br /><br><br /><br>The very up-to-date coupe shape with the extra large dinner plates, the elegantly shaped mugs and the cereal bowls on foot give this combination set a contemporary fashionable design in the rich blue shades aquamarine, light blue, medium blue and dark blue.<br /><br><br /><br>A good purchasing decision in this year's trend!</p><br><br><p>""Handmade"" also means that the plates may vary in shape, glaze and coloring. This is not grounds for complaint but intentional and supports the ""vintage"" character of this series.</p>-<ul><li>dishwasher- and microwave-safe</li><li>quality production</li><li>high-quality stoneware</li><li>deep-blue decor with hand-painted spiral in vintage look</li><li>elegantly shaped mugs and cereal bowls on foot</li></ul>",61.59,1970396950,216
1386808107,adidas,adidas Originals Handball Spezial Shoe Sneaker 44 2/3,"Size , 44 2/3, Size system , UK sizes, Color , black, Upper material , Leather, Synthetic, Lining material , Synthetic, Style , casual, Fastening , Lace-up, Insole material , Synthetic, Outsole tread , profiled, Stud pattern outsole , indoor court, Shoe height , low,",97.43,1511483122,171
1487880548,Bell Helme,"Bell Custom 500 DLX Streak jet helmet, black-gold, size 2XL","* Flat fiberglass composite shell construction * Multilayer EPS lining of varying densities * 5 specific shell sizes for a low-profile look and individual fit | Item: Bell Custom 500 DLX Streak jet helmet, black-gold, size 2XL",160.99034,1913248983,248
1487880543,Bell Helme,"Bell Custom 500 DLX Streak Jet Helmet, black-gold, size XS","* Flat fiberglass-composite shell construction * Multilayer EPS liner with varying densities * 5 specific shell sizes for a low-profile look and individualized fit | Item: Bell Custom 500 DLX Streak Jet Helmet, black-gold, size XS",160.99034,1913248983,248
1485299240,Bell Helme,Bell Custom 500 DLX Streak Jet Helmet - Black/Gold - S,"The Custom 500 DLX is the epitome of a classic 3/4 open-face helmet. With 5 shell sizes, the Custom 500 ensures an individualized fit for nearly every rider, no matter where your size falls on the sizing chart. The quilted, contrast-stitched soft lining is integrated into a fiberglass composite shell. Fit and finish are impeccable. With dozens of available accessories, such as visors and helmet shields, you can fully personalize your model. Enjoy the best open-face helmets from the people who really advanced helmet protection. Features: Fiberglass composite shell construction Multi-density EPS liner in multiple layers 5 specific shell sizes for a low-profile look and personalized fit Antibacterial interior lining Genuine leather interior Integrated 5-snap attachment for aftermarket visors and helmet shields Padded chin strap with D-ring leather closure Industry-leading five-year warranty Also included: Bell deluxe helmet bag, dark gray 3-point visor and black 520 helmet shield Certifications: DOT, ECE Weight: approx. 1.1 kg Download the Bell Powersports Helmets Owners Manual Note: Please be aware that unless otherwise specified in the item description, all helmets that come standard with a visor are shipped with a clear visor, even if shown differently. Helmet shield and including tinted visor",201.01,1913248983,248
3792584554,Fein,Fein WSG 15-125 PQ 1500 W angle grinder,Fein WSG 15-125 PQ 1500 W angle grinder,209.94,477408105,352
1528865186,Yves Saint Laurent,Yves Saint Laurent Rouge Volupté Shine Lipstick 4 g No. 104 - Corail Orient,The women's fragrance by Yves Saint Laurent is available as a lipstick in the 4 g size in the online shop. The scent direction of the Yves Saint Laurent Rouge Volupté Shine fragrance can be described as . The Yves Saint Laurent women's fragrance has the top notes . The lipstick in the 4 g size has the heart notes . The base notes of Gucci Guilty are . The product colors of the Yves Saint Laurent fragrance are No. 104 - Corail Orient. The unit price of the Yves Saint Laurent fragrance in the 4 g size is 84.88 EUR / 10 g,33.95,1933257945,451
3767518285,Playmobil,"PLAYMOBIL 70370 Figures Girls Series 18, Stewardess / Flight Attendant with Hairdryer #2 NEW","PLAYMOBIL 70370 Figures Girls Series 18, Stewardess / Flight Attendant with Hairdryer #2 NEW",3.49,1721487200,323
1833064067,CreaTable,"CreaTable tableware set Bella Casa AQUA (16-piece), high-quality stoneware","Material Material , high-quality stoneware, Product details Number of persons , 4, Notes Care instructions , dishwasher safe and microwave-safe,",99.99,1970396950,216
3930486982,Braun,Braun Oral-B Pulsonic Slim One 2900 Twin Pack White,"The Oral-B Pulsonic Slim One is now available with 2 handles. It helps deliver whiter teeth in 2 weeks by removing surface stains. Thanks to the ultra-slim, super-light handle, the toothbrush feels particularly comfortable in the hand and is therefore suitable for use at home and when traveling. The elongated brush head helps remove surface stains with gentle sonic technology. You can choose between two modes for a personalized brushing experience: Daily Clean and Whitening. For a cleaner smile & natural whitening!",89.98,1435573037,65
2097859278,CreaTable,"CreaTable combo set ""Bella Casa Aqua"", 16-piece",CreaTable blue tableware. Very attractive stoneware range with a hand-painted spiral and vintage look — outer rim. On-trend coupe shape in fashionable shades of blue.,59.99,1970396950,216
2092942128,GOODYEAR,Goodyear Eagle F1 Supersport R 275/25 ZR21 (92Y) XL,Tire size: 275/25 ZR21 (92Y) XL Tire type: Summer tire Speed index: (Y) (over 300 km/h) EU tire label Fuel efficiency: E (scale A-G) Wet grip: B (scale A-G) External rolling noise: 71 dB Exceptional grip and steering precision,455.39,1626693599,206
2665980518,Goodyear,Eagle F1 Supersport XL 275/25 R21 92Y,Passenger car tire Eagle F1 Supersport: Car tire 275/25 R21 92Y XL,431.32,1626693599,206
2062075977,Kneer,Kneer Fitted Sheet Exclusive-Stretch Quality 93 Color 41 Delicate Rose 180-200 cm x 200-220 cm,Kneer Fitted Sheet Exclusive-Stretch Quality 93 Color 41 Delicate Rose 180-200 cm x 200-220 cm,99.95,1324746498,48
1386808105,adidas,adidas Originals Handball Spezial Shoe Sneaker 46,"Size , 46, Size system , UK sizes, Color , black, Upper material , Leather, Synthetic, Lining , Synthetic, Style , casual, Closure , Lace-up, Insole material , Synthetic, Outsole tread , patterned, Stud pattern outsole , indoor court, Shoe height , low,",97.43,1622656381,221
3294968865,Oral B,Oral-B Toothbrush Pulsonic Slim 2900 incl. 2nd Handpiece,"The Oral-B Pulsonic Slim One is now available with a 2nd handpiece. It removes surface stains for whiter teeth in 2 weeks. Thanks to the ultra-slim, super-light handle, the toothbrush feels particularly good in the hand and is therefore ideal for home and travel. The elongated brush head helps remove surface stains with gentle sonic technology. You can choose between two modes for a personalized brushing experience: Daily Clean and Whitening. For a cleaner smile & natural whitening! The Oral-B Pulsonic Slim One with 2nd handpiece removes surface stains for whiter teeth in 2 weeks Two cleaning modes for a personalized brushing experience: Daily Clean and Whitening The ultra-slim, super-light sonic toothbrush from Oral-B, ideal for home and travel The elongated brush head helps remove surface stains with gentle sonic technology Package contents: 2 rechargeable electric toothbrushes in white, 2 replacement brush heads, 2 charging stations Oral-B, the No. 1 toothbrush brand most recommended by dentists worldwide",58.99,1435573037,65
2027929598,Graef,Graef All-purpose Slicer SLICED KITCHEN SKS 903 Red (Allesslicer),"Features * Folding carriage made of hard-anodized aluminum * Full metal construction, cantilevered * Motor housing matte red painted * Whisper-quiet, high-torque 185 watt capacitor motor, maintenance-free * Ø 190 mm solid steel blade made of stainless steel with smooth edge and hollow grind * Removable blade guard plate made of stainless steel * Aluminum base plate * Slice thickness adjustment 0 - 15 mm * On/off switch on the carriage profile * Cable compartment * Food pusher",599.0,1043146066,33
2050760324,YVES SAINT LAURENT,"Yves Saint Laurent Rouge Volupté Shine 104 Corail Orient 4 g lipstick, manufacturer color: 104 Corail Orient",Lipstick | Color: 104 Corail Orient | Content: 4 g,33.63,1933257945,451
2062766088,HOME WOHNIDEEN,"Home Wohnideen sliding curtain »RONALD«, 60x245 cm (W×H), white, transparent fabric","Beautiful modern sliding curtain made of transparent voile with a lovely wave pattern in Scherli. In the Scherli cutting process, effect yarns are woven into the fabric to create the motif. After d",35.69,1257924385,241
3768335626,BIRKENSTOCK,BIRKENSTOCK Shoe Boston ESD Antistatic/Natural Leather - narrow footbed - Blue - Size 38,Manufacturer: Birkenstock Material: Leather Footbed: Leather Sole: EVA antistatic Made in Germany,104.99,3321918357,192
5154388777,Valentino,"VALENTINO BAGS Shopper »SWIM RE«, with gold-colored details black","Material Material, faux leather, lining material, polyester, interior color, black, color, black, look/style look, embossed pattern, solid color, embellishments, brand label inside, logo lettering, interior look, color-coordinated, details special features, with gold-colored details, bag closure, zipper, number of main compartments, 2, main compartment closure, zipper, inner pocket, yes, inner pocket details, zipper, interior features, inner pockets with zipper, zip compartment, slip pockets, bottom details, reinforced, exterior features, shoulder strap, shoulder strap, yes, shoulder strap details, detachable, adjustable, carry handle, double carry handle, format, horizontal format, dimensions width, 29 cm, height, 23 cm",145.0,4293287891,417
4219305678,BIRKENSTOCK,Birkenstock Boston ESD Clog blue narrow width EU 38,"Birkenstock Boston ESD Clog blue narrow widthThis model combines the classic Birkenstock look with reliable protection against electrostatic discharges. All BIRKENSTOCK ESD models are tested according to the specifications of DIN EN 61340 and meet the ESD requirements in the range of 1.0 x 10^5 to 3.5 x 10^7 ohms.MaterialsThe following materials were used to manufacture the Birkenstock shoes:* Upper: smooth leather* Footbed lining: suede leather* Outsole: EVA outsole in ESD version - antistatic properties* ESD protection tested according to EN 61340* Anatomically shaped cork-latex footbed in ESD versionAreas of applicationThe shoe is ideal not only for professional use but also for various activities in private life.Special featuresThanks to the special composition of materials, the shoes offer high comfort and durability.Target groupThe primary target group for these shoes is adults.Product description - Upper: soft smooth leather - Footbed lining: suede leather - Sole: shock-absorbing EVA outsole - Instep strap with individually adjustable metal pin buckle - ESD shoe, tested according to DIN EN 61340 - Anatomically shaped cork-latex footbed - Conductive (ESD) - Shoe width: narrow for women Since 1990 the successful BIRKENSTOCK classic Boston has also been available in the ESD version. The Boston clog model with its lightweight, antistatic EVA sole offers good grip while providing ample freedom of movement in the toe area. The anatomically shaped BIRKENSTOCK cork-latex footbed with a suede leather lining also contributes to a pleasant, comfortable walking experience. The closed design of the shoe, including a toe cap, protects the forefoot from injury caused by impacts. The adjustable strap with the sturdy buckle allows the shoe to be optimally adjusted to the foot. Working with sensitive high-frequency technology and electrical components in particular requires pronounced protective measures. In combination with professional ESD workplace equipment, the ESD models effectively protect against dangerous discharges. All BIRKENSTOCK ESD models are tested according to the specifications of DIN EN 61340. Especially high-quality variant with an upper made of noble, soft smooth leather. With the strap integrated into the upper edge and a stable metal buckle, the clog can be individually adjusted to any foot. The closed clog offers good support while still allowing ample freedom of movement in the toe area and gives sensitive feet enough room to relax.Features: - ESD-compliant according to EN 61340 - Anatomically shaped cork-latex footbed - Clog with strap section, individually adjustable metal pin buckle - Two shoe widths (regular/narrow) - Heel shape: zero offset ----------------------------- Selection criteria: Size: 38 Color: blue Footbed shape: narrow ----------------------------- Typical discharge resistance: Rg=10^5-10^7 ohm Material: smooth leather Footbed lining: suede leather Sole type: antistatic EVA Item number: BIR061388-38 The BIRKENSTOCK® classic Boston model features a strap over the instep. Using the integrated strap and a sturdy metal buckle, the clog can be individually adjusted to any foot. The metal buckles are color-coordinated with the upper material. The premium footbed lining also ensures a smooth wearing sensation and a good climate around the feet. Due to its sole with the regular Birkenstock® tread, this clog is suitable for wearing both indoors and outdoors. They meet the requirements under professional ESD conditions. The Boston ESD provides an ideal combination of classic look and reliable protection against electrostatic discharges. The ESD version thus protects both people and equipment in highly sensitive areas such as the semiconductor industry. All BIRKENSTOCK ESD models are tested according to the specifications of DIN EN 61340 and meet the requirements in the ESD sector.",78.99,3321918357,192
3267793376,Birkenstock Professional,Birkenstock Professional »Boston ESD« clog blue 38,"Size , 38, Size type , standard sizes, Color , blue, Upper material , leather, Upper material features , electrostatic discharge (ESD), Closure , no closure, Outsole material , EVA, Outsole features , slip-resistant, fat-resistant, oil-resistant, Shoe width , narrow,",99.99,3321918357,192
2117967628,Kneer,Kneer fitted sheet Exclusive-Stretch quality 93 color 27 blackberry 180-200 cm x 200-220 cm,Kneer fitted sheet Exclusive-Stretch quality 93 color 27 blackberry 180-200 cm x 200-220 cm,99.95,1324747237,185
4464736899,Graef,Graef Sliced Kitchen SKS 903 red,"Graef SKS903EU Graef all-purpose slicer SKS903 red, slicing machine, red. 100-day free return policy.",613.7,1043146066,33
3986538750,Nike,Nike U NK Everyday Cush NS 3PR Men's (White XL) Fitness Apparel,"The U NK Everyday Cush NS 3PR from Nike are lightweight training socks made from a stretch cotton-blend fabric. The short sports socks feature a classic cut and provide good compression. Elastic, supportive and comfortable against the skin.",9.99,2487402853,499
1701333851,BeCo,"Comfort foam mattress, 81-100 kg, 7 zones, 1x 80x200 cm, 'Royal Duo KS', BeCo",1x 80x200 cm. Special orthopedic mattress core contour. Approx. 21 cm high comfort foam mattress. With 7 sleeping zones. Supports nighttime spinal alignment. With soft shoulder relief.,199.99,1739980608,61
1742729606,Creatable,"Creatable, 20340, Bella Casa AQUA Series, Dinnerware Set, 16-piece Combination Service, Stoneware","You will receive a high-quality stoneware combination set in the following composition: - 4 x dinner plates 26 cm - 4 x dessert plates 19 cm - 4 x coffee mugs 30 cl - 4 x footed cereal bowls 14.5 cm The dinnerware is presented in a ""handmade decor"" with a hand-painted spiral and a reactive outer band in a vintage look. The very up-to-date coupe shape with extra-large dinner plates, the stylish mugs and the footed cereal bowls give this combination set a contemporary fashionable design in rich blue shades: aquamarine, light blue, medium blue and dark blue. A good buying decision in this year's trend! Quality production, high-quality stoneware, deep-blue decor with hand-painted spiral in vintage look, stylish mugs and footed cereal bowl",53.99,1970396950,216
5142911797,Valentino,VALENTINO BAGS Shoulder bag Swim Re black M - 28 cm x 24 cm x 14 cm,"Size text Size , M, Material Material , Polyurethane, Material composition , Outer material: 100% Polyurethane. Inner material: 100% Polyester, Color Color , Black, Look/Style Look , Embossed logo, Measurements Width , 28 cm, Height , 24 cm, Depth , 14 cm, Weight , 740 g,",145.0,4293287891,417
4623321340,CreaTable,"CreaTable dinnerware set 'Bella Casa Aqua', (set, 16 pc.), hand-painted spiral decoration","CreaTable dinnerware set ""Bella Casa Aqua"", 16-piece, made of high-quality stoneware in a fashionable coupe shape. The tableware features a ""handmade decor"" with a hand-painted spiral and a reactive exterior band in a vintage look. ""Handmade"" also means that the plates may vary in shape, glaze and color. This is not a reason for complaint but intentional, supporting the vintage character of this series. Four trendy shades of blue in the set: aquamarine blue, light blue, medium blue, dark blue.",69.99,1970396950,216
2070908197,Hemafa,"Comfort foam mattress, 7-zone, comfort foam material »GEL STYLE 2200«, Hemafa",Comfort foam mattress: gel-style mattress with a one-sided topper for optimal PRESSURE RELIEF. Approx. 22 cm mattress height with 7 lying zones. Breathable cold foam - support core with a one-sided high gel-style topper. Mattress with,359.99,1334283705,62
1867261357,Playmobil,"PLAYMOBIL 70370 Figures Girls Series 18, Deep-Sea Diver with Camera #3 NEW","PLAYMOBIL 70370 Figures Girls Series 18, Deep-Sea Diver with Camera #3 NEW",3.99,1721487200,323
3558421108,Nike,NIKE Squad Crew Sports Socks Unisex black/white 34-38,"These NIKE Squad Crew sports socks combine moisture-wicking material with targeted cushioning to provide high-performance wearing comfort during competition. Product details: Moisture-wicking material for dry comfort. Cushioning in high-stress areas provides increased durability. Material: 88% polyester, 9% cotton, 3% elastane. Machine washable.",7.99,3120778611,184
2062075980,Kneer,Kneer fitted sheet Exclusive-Stretch quality 93 color 95 mint 180-200 cm x 200-220 cm,Kneer fitted sheet Exclusive-Stretch quality 93 color 95 mint 180-200 cm x 200-220 cm,99.95,1324744550,296
369955900212,MID.YOU,"MID.YOU CORNER SOFA, Anthracite, Silver, 4-seater, Filling: silicone, foam flakes, can be assembled mirrored once, 244x212 cm, Made in EU, Type selection, Sleeping at seat height, Real back, Living room, Sofas & couches, Modular corner sofas, Corner sofas with sleeping function - 2 years warranty - at least 14 days return policy - Gray,Black,Silver","The MID.YOU CORNER SOFA in anthracite and silver is the perfect addition to your living room. With a generous size of 244 x 212 cm, this 4-seater sofa offers plenty of space for family and friends. The high-quality filling of silicone and foam flakes provides excellent seating comfort and invites you to relax. A special feature of this sofa is that it can be assembled once as a mirrored version, giving you flexibility in how you arrange it in your room. The sleeper function lets you quickly convert the sofa into a lying surface, ideal for overnight guests. With a seat height of 46 cm and a seat depth of 85 cm, the sofa is both comfortable and practical. The Made in EU product impresses not only with its functionality but also with the use of 100% textile, which ensures a pleasant feel. The integrated storage box provides additional space for cushions or blankets, while the back cushions and the sleeping surface in the original fabric create a harmonious overall appearance. Choose the MID.YOU CORNER SOFA for a stylish and functional solution in your home and enjoy the comfort it offers.",999.0,4663839989,183
2062766801,HOME WOHNIDEEN,"Home Wohnideen sliding panel »BENARI«, 60x245 cm (W×H), green, opaque fabric",Opaque fabric. Printed on one side. Silk look. Thermally cut side edges. GENUINE DIGITAL PRINT. Color: green.,41.39,1285123046,100
3916588372,Nike,"Nike Performance Squad Crew, Size S, Men's, black/white",The Nike Squad Crew socks are designed for high performance and comfort during sports. The durable material blend with Dri-FIT technology wicks moisture away. Cushioning in high-impact areas provides a comfortable feel.,5.09,3120778611,184
2087018293,Goodyear,Eagle F1 Supersport 275/25 R21 92Y summer tire,Eagle F1 Supersport 275/25 R21 92Y summer tire,490.19,1626693599,206
3079539810,adidas,adidas Originals Handball Spezial - Men's black EU 44,"A classic, not just for sport The adidas Handball Spezial is — as the name clearly suggests — a trendy handball shoe from the 70s. So why should you miss out? Here are a few reasons: soft leather upper, the well-known and popular 3-stripe design, and a slip-resistant outsole! What more do you need? We say: nothing! Grab the Handball Spezial now and convince yourself of its iconic, cool and sporty design! Good reasons for the Handball Spezial Upper material: leather Lining: textile Sockliner: textile 7-eyelet lacing 3-Stripes design Model lettering on the side adidas logo on tongue and heel Decorative stitch on the sole Slip-resistant non-marking outsole",99.99,1469578364,208
1473934808,adidas,"adidas handball shoe ""Handball Spezial"", moisture-repellent, padded insole, for men, black/white, 44 2/3","adidas blue shoes. In 1979 it was the shoe of choice among professional handball players; today the classic is a celebrated streetwear favorite. This version features an upper made from soft nubuck leather. For the authentic vintage vibe, the soft natural rubber outsole is, of course, essential.",89.95,1511483122,171
1592252801,YVES SAINT LAURENT,YVES SAINT LAURENT - Rouge Volupté Shine Lipstick - The Oil-in-Stick Lipstick - No. 80 Chili Tunique (4.5 g),"Count on Rouge Volupté Shine in every situation: the cult Oil-in-Stick lipstick from Yves Saint Laurent combines soft color with heavenly wearing comfort and soothing care. Six sensuous oils replenish the kissable lips with long-lasting moisture. Four new spring shades — inspired by the radiant glow of metropolises — expand the iconic ROUGE VOLUPTÉ SHINE lipstick collection: No.57 ROUGE SPENCER - a powerful, vibrant rose-red; No.58 ORANGE TOURNON - an energetic, captivating orange; No.59 FUCHSIA JUMPSUIT - a rebellious, pop pink; and No.60 ROSE MARCEAU - a fresh, luminous coral-rose. Contents: 4 ml",29.95,1511754467,132
2061311891,Walimex,"Walimex 650-1300/8-16 DSLR Samsung NX, lens, white","A classic with very good imaging performance. Despite its overall length of approx. 460 mm, this telephoto zoom lens is quite handy and light. The thoughtful design (without an internal iris diaphragm) uses 8 elements in 5 groups to achieve excellent, color-accurate and sharp rendering. The maximum aperture of 1:8.0 provides a bright viewfinder image when shooting outdoors, useful for wildlife or detail landscape photography. The lens has no selectable aperture: the maximum possible aperture is always available, and the lens is corrected for that aperture, delivering its highest performance without being reduced by diffraction at the aperture blades. The initial aperture assigned to each zoom range is engraved on the mount for reference. User advantage: the attached 360° rotatable tripod mount allows balanced mounting on a tripod and easy switching between portrait and landscape orientation. A close focusing distance of about 5 m at the 1300 mm setting allows nature photographers to pick interesting subjects. On most cameras the lens is used in shutter-priority or manual mode. Consult your camera's manual for details. T2 mount, usage tip: screw the T2 adapter onto the lens, then lock the lens onto the camera. The small angled screws on the T2 adapter, when loosened, allow you to ""upright"" the lens — aligning the infinity index or depth-of-field marks to the top. Retightening the screws secures the lens and adapter reliably. Save time in post-processing. Many lens defects such as distortion, edge softness or vignetting occur in the outer areas of the image. If you use a lens designed for full frame on a camera with an APS-C sensor, those outer areas are not used. This way you achieve maximum quality. Additional post-processing time to correct lens defects is therefore eliminated.",375.0,407084305,92
3046729281,BABOR,BABOR Make-up Lip Glossy Lip Colour No. 08 Soft Rose 4 g,"Glossy Lip Colour — a glossy lip finish for a youthful and effortless daytime make-up. The new make-up lipsticks provide long-lasting, smooth texture and offer a secure, comfortable wear. For restyling current make-up trends, four shades are available: JUST NUDE, SOFT ROSE, SPRING ROSE and CORAL. Glossy Lip Colour — an extra touch of youthful radiance from the BABOR AGE ID product line. As an anti-aging product of the newest generation, these make-up lipsticks provide more than just shiny colour: high-quality plant oils protect against dryness. A filler complex evens out small irregularities of the lips and prevents pigment from settling into fine skin lines. This effectively conceals small wrinkles. For added perfection: few women are naturally gifted with perfectly shaped lip contours. If you are not among them, a lip liner is a quick solution. In the AGE ID product line you will find soft lip liners in perfectly matched shades for make-up lipsticks like Glossy Lip Colour. The development of BABOR products always incorporates the latest findings from chemistry, medicine and pharmacy. Since its founding in 1956, the German cosmetics company BABOR has conducted intensive skin care research without animal testing.",20.95,845830827,133
1485299241,Bell Helme,Bell Custom 500 DLX Streak Jet Helmet - Black/Gold - M,"The Custom 500 DLX is the epitome of a classic 3/4 jet helmet. With 5 shell sizes, the Custom 500 ensures an individual fit for virtually every rider, no matter where your size falls on the sizing chart. The quilted, contrast-stitched soft liner is integrated into a fiberglass composite shell. Fit and workmanship are impeccable. With dozens of available accessories such as visors and helmet shields, you can personalize your model completely. Enjoy the best jet helmets from the people who really advanced protective headgear. Features: Fiberglass composite shell construction Multi-density EPS liner with varying densities 5 specific shell sizes for a low-profile look and individual fit Antibacterial interior Real leather interior Integrated 5-snap attachment for aftermarket visors and helmet shields Padded chin strap with D-ring leather closure Industry-leading five-year warranty Also included: Bell Deluxe helmet bag, dark gray 3-point visor and black 520 helmet shield Certifications: DOT, ECE Weight: approx. 1.1 kg Download the Bell Powersports Helmets Owner's Manual Note: Please note that, unless otherwise stated in the item description, all helmets that are standardly supplied with a visor are shipped with a clear visor, even if shown differently in images. Helmet shield and tinted visor INCLUDED FREE",200.78,1913248983,248
4295043985,,My Learning Memo with Raven Linus - Number Game,My Learning Memo with Raven Linus - Number Game: from €4.99,4.99,2996525770,179
2068743068,BIEDERLACK,"Throw blanket Uno Cotton, BIEDERLACK, in beautiful solid beige 220 cm x 240 cm","Appearance/Style Color , camel-colored, Appearance , solid color, Details Binding , velour tape, Material Composition , Cover: 50% cotton, 43% polyacrylic, 7% polyester, Material , cotton polyacrylic polyester, Fabric weight , 430 g/m2, Dimensions Width , 220 cm, Length , 240 cm, Care instructions Care instructions , 40°C gentle wash, gentle cycle, not suitable for tumble drying, dry cleaning, Notes Color information , Please note that the colors on your monitor may differ from the original shades., Product details Brand information , Feeling home – Our products give you this feeling. High-quality cuddly blankets, plaids and cushions make the home an even better place – even cosier, even more comfortable.",96.9,1377073738,175
3235935177,,Playmobil Figures 70370 Series 18 Girls PRINCESS BOLLYWOOD,"PLAYMOBIL FIGURES
SERIES 18 GIRLS

INDIAN PRINCESS

With opened foil bag and leaflet

NEW, UNUSED AND IN TOP CONDITION!

The shipping cost within Germany as 'Warensendung' is €2.10.
If you win multiple items I will send you a payment notice within 24 hours with the combined shipping costs.

Shipping to the EU costs €9.00.
Shipping in the EU is €9.00 for 1 - 60 figures.",3.5,1721487200,323
2148153592,Home Fashion,"Home Fashion Rawlins sliding panel curtain, polyester, violet","Beautiful modern sliding panel curtain made of decorative fabric with a silk look, digitally printed with a beautiful photo motif. Great effect thanks to the photorealistic digital printing process! Includes panel carrier with complete accessories - simply hang up and you’re done! Finished with a high-quality aluminium clamping rail. Includes assembly instructions. Material: 100% polyester, packed in a sleeve.",29.95,1012832077,99
2062736546,HOME WOHNIDEEN,"Home Wohnideen sliding curtain 'Brakel', 60x245 cm (W×H), opaque fabric",This sliding panel curtain with digital photo print creates a great effect on your windows thanks to the 'wave motif'. The sliding panel curtain was digitally printed and thus shows off its color brilliance on the,45.99,1027555333,358
2074381365,Walimex,"Walimex pro 650-1300-8-16 DSLR Samsung NX zoom lens, camera mount: Samsung NX",Maximum focal length (digital cameras): 1300mm - Minimum focal length (digital cameras): 650mm,329.0,407084305,92
1371718514,Beco,"Comfort foam mattress »Royal Duo KS«, Beco, 21 cm high, core density: 30, orthopedic mattress-core contour, white, 160 cm x 200 cm x 21 cm 160 cm x 200 cm x 21 cm","Beco: The comfort foam mattress “Royal Duo KS” from BeCo is approx. 21 cm high, has 7 lying zones and is extremely point-elastic, dimensionally stable and breathable. All firmness levels H2, H3 and H4 = one price. It features a special orthopedic mattress-core contour that supports nocturnal spinal extension and intervertebral disc regeneration. Additionally, the mattress has a soft shoulder relief system. The skin-friendly, functional and elastic double-cloth cover (100% polyester) is quilted with a breathable climate fibre (100% polyester). The cover has a 4-sided zipper, is splitable, removable and washable up to 60 °C. Ideal for people with pet hair allergies. The open-pored materials ensure a good sleeping climate. Made in Germany.",293.99,1739984796,339
5111591626,ASICS,"ASICS GEL-KAYANO 29 women's running shoes in frosted rose-deep mars, size 38","Lightweight running shoes for women; suitable for overpronators, stabilizes and guides the foot; nearly seamless and breathable knit; classic lacing; stabilizing heel counter; cushioning FF BLAST™+ midsole with LITETRUSS™ technology, improves medial support and midfoot integrity; the GEL® system provides comfort through effective cushioning and increased stability; extremely abrasion-resistant outsole with AHARPLUS™ in the heel area, ideal for road and park, but also suitable for forest and trail paths; removable OrthoLite® insole with moisture-wicking and antibacterial properties; drop: 10 mm; weight: approx. 506 g/size 38 (pair).",119.66,4000562923,255
1592247796,YVES SAINT LAURENT,YVES SAINT LAURENT - Rouge Volupté Shine Lipstick - The Oil-in-Stick Lipstick - N°16 Orange Impertinent (4.5 g),"You can rely on Rouge Volupté Shine in any situation: the cult Oil-in-Stick lipstick from Yves Saint Laurent combines sheer color with heavenly wearing comfort and soothing care. Six sensual oils replenish lips with long-lasting moisture. Four new spring shades—inspired by the radiant glow of metropolises—expand the iconic ROUGE VOLUPTÉ SHINE lipstick collection: N°57 ROUGE SPENCER - a powerful, vibrant rose-red; N°58 ORANGE TOURNON - an energetic, captivating orange; N°59 FUCHSIA JUMPSUIT - a rebellious, poppy pink; and N°60 ROSE MARCEAU - a fresh, luminous coral-rose. Content: 4 ml",28.0,328321615,470
2056141622,Home Wohnideen,Home Wohnideen sliding panel curtain Salzburg lilac 60x245x245 cm (W×H×D) synthetic fiber,FREE delivery on orders over €30,42.99,1012832077,99
3087053501,Airoh,"Airoh Helmet Commander Skill Matt L, SK81",Number of packages: 1 Packaging weight: 2.52 kg Packaging dimensions (L × W × H): 29.0 cm 31.0 cm 37.5 cm Department: Unisex,359.9,2491910760,130
4889251551,Nike,"Nike functional socks »EVERYDAY CUSHIONED TRAINING NO-SHOW« (pack, 3 pairs) white XL (46/50)","Dimensions Size , XL (46/50), Product details Number of pieces , 3 pairs, Care instructions , machine wash, Material Material , cotton blend, Material composition , Upper material: 73% cotton, 25% polyester, 1% elastane, 1% nylon, Color Color , white,",14.99,2487402853,499
3249295279,Airoh,"Airoh Commander Skill, Enduro Helmet - Matt Gray/Dark Gray/Blue/Red - M","Choose your route — the Commander adapts to every scenario. Its innovative design lets you easily change its configuration, from the combination of peak and visor for off-road use, to the mode without peak but with visor for street use. For tackling demanding off‑road routes, the helmet can also be used without a visor. The latest Airoh innovations in design and technology are combined in the Commander to redefine standards and achieve a performance level others cannot reach: HPC (High Performance Composite), extra-wide visor, integrated sun visor, Pinlock®-ready visor included, aerodynamic peak, three-zone ventilation, Bluetooth-ready, outer shells in two sizes and a range of striking graphics. Weight 1430 g ± 50 g. Material: HPC (High Performance Composite). Ventilation: front ventilation, chin ventilation, upper air intakes. Fastening system: double-D ring. Lining: removable and washable hypoallergenic lining. Visor: extra-wide field of view, scratch-resistant, UV-resistant, locking system, anti-fog position. Homologation: ECE 22-05. HPC (High Performance Composite): by combining composite materials with prepreg technology, highly efficient strength results can be achieved without sacrificing lightness. Note: Unless otherwise specified in the item description, all helmets that come standard with a visor are delivered with a clear visor, even if shown differently in images.",359.9,2491910760,130
4597160827,Bibliographisches Institut,My Learning Memory with Raven Linus – Animals & Words (pack of 3),"What belongs together? Find the pairs and discover how the words look! Children aged 5 and up can playfully develop a first feel for words and, at the same time, strengthen their concentration and memory. The animal memory game with Raven Linus is the ideal preparation for first reading.",10.0,3759869769,380
2336660279,BeCo,"Beco comfort foam mattress ""Wellness Deluxe""","*rated ""GOOD"" by TÜV SÜD (the size 90/200 cm in firmness level 2 was tested with certificate no. Z2 12 11 21620 088). ""Customers have rated"" with an overall grade: 1.1 (tested in Nov.-Dec. 2014)",287.99,1285950280,36
2325153881,Fein,Fein 72217960000 Angle grinder 125mm WSG 15-125 PQ Fein,"Handy 1500 W compact angle grinder with a high power reserve for effective grinding and cutting tasks. Up to 30% longer carbon brush life and greater material removal than comparable angle grinders. POWERtronic for enormous power, power reserve and exceptional speed consistency under load. Extensive user protection through KickBack Stop, restart lockout, soft start and electronic overload protection. The lightest and shortest of its kind.",182.33,477408105,352
4746787192,Bibliographisches Institut,My Learning Memo with Raven Linus - Road Traffic (pack of 3),packaging unit,9.99,3749553287,480
1328713617,adidas,adidas Originals HANDBALL SPEZIAL Sneakers black 42.5,"Size , 42.5, Size system , EU sizes, Size note , Runs small, please order one size up., Manufacturer color designation , Core Black / Cloud White / Gum5, Color , black, white, Appearance , solid color with color inserts, Upper material , leather, synthetic, Lining material , synthetic, Style , casual, Appliqués , label, logo lettering, Closure , lacing, Closure details , adjustable, Toe , round, Insole material , textile, Outsole material , rubber, Outsole properties , slip-resistant, Outsole profile , smooth, Stud pattern outsole , indoor court, Shoe height , low,",79.63,1622655555,24
1639157122,Kneer,"Fitted sheet »Exclusive-Stretch«, (1 pc.), optimal fit, sheet, 15854033-0 black W/L: 180-200 cm x 200-220 cm (1 pc.)","With the Exclusive-Stretch fitted sheet you are purchasing an absolute top product. Due to the yarn combination of 95% cotton and 5% elastane, and thanks to the particularly high-quality finishing, the fitted sheet achieves an exceptionally silky glossy and smooth sleeping surface. The extremely stretch- and hard-wearing Exclusive-Stretch fitted sheet is also suitable for very high mattresses, box spring beds and waterbeds up to a height of 40 cm. Thanks to its clever construction with rounded corners and a concealed all-round elastic sewn in, it provides a perfect fit on the mattress.",107.94,1324747283,427
4024788228,Nike,Nike Squad Crew Socks - black/white 46-50,Nike Squad Crew Socks - black/white 46-50,5.95,3003303751,284
1712027392,Creatable,"CreaTable combo set Bella Casa Aqua (16 pcs), stoneware blue, dinnerware sets, tableware, porcelain, table accessories, household goods","CreaTable combo set ""Bella Casa Aqua"", 16-piece made of high-quality stoneware in a modern coupe shape. The tableware is presented in a ""handmade decor"" with a hand-painted spiral and a reactive outer band in a vintage look. ""Handmade"" also means that the plates can vary in shape, glaze and coloration. This is not a reason for complaint but intentional, and supports the vintage character of this series. Four trendy shades of blue in the set: aquamarine blue, light blue, medium blue, dark blue.",58.48,1970396950,216
4732077222,Bibliographisches Institut,"My Learning Memo with Raven Linus - Road Traffic, pack of 3, game","My Learning Memo with Raven Linus - Road Traffic, pack of 3, game",12.95,3749553287,480
2114341514,Kneer,"Fitted sheet Exclusive-Stretch, Kneer, Jersey-elastane, elastic band: all around, (1 piece), optimal fit red 180-200 cm x 200-220 cm","Details Number of pieces , 1 pc, Elastic band , all around, Appearance/Style Appearance , plain, Color , blackberry, Dimensions Width , 180-200 cm, Length , 200-220 cm, Suitable for Suitable for mattress height , 40 cm, Suitable for mattress size , 180-200x200-220 cm, Suitable for mattress type , box spring beds standard mattress waterbeds, Material Material type , Jersey-elastane, Material composition , Cover: 95% cotton, 5% elastane, Fabric weight , 250 g/m2, Care instructions Care instructions , 60°C machine wash non-iron easy-care tumble dryer suitable, Note Color information , Please note that the colours on your monitor may differ from the original shades.",107.94,1324747237,185
1701333847,BeCo,"Comfort foam mattress, 81-100 kg, 7 zones, 1x 80x200 cm, ""Royal Duo KS"", BeCo",1x 80x200 cm. Special orthopedic mattress core contour. Approx. 21 cm high comfort foam mattress. With 7 sleeping zones. Supports nighttime spinal extension. With soft shoulder relief,199.99,1739980608,61
2010699361,Stefan Leuchtenberg#Sigrid Leberer,My Learning Memo with Raven Linus - Number Game (Children's Game),"Learn the numbers up to 20 with Raven Linus and match them to the corresponding quantities. Children aged 5 and up can develop a first sense of counting in a playful way and, at the same time, strengthen their concentration and memory skills. The number memo game with Raven Linus is the ideal preparation for basic arithmetic.",4.99,2996525770,179
1730507563,,ADIDAS HB Spezial Boost sports shoe,Suede upper — durable and weather-resistant; midsole with BOOST technology; Traxion outsole,120.0,1645426542,300
3973290911,Bibliographisches Institut,My Learning Memo with Raven Linus - Syllables Dorothee Raab Game Linus Learning Games 2019,My Learning Memo with Raven Linus - Syllables Dorothee Raab Game Linus Learning Games 2019,9.95,2721550319,18
3267793937,Birkenstock Professional,Birkenstock Professional »Boston ESD« Clog black 38,"Size , 38, Size type , Regular sizes, Color , black, Upper material , leather, Upper material features , electrostatic discharge (ESD), Closure , no closure, Outsole material , EVA, Outsole features , slip-resistant, grease-resistant, oil-resistant, Shoe width , narrow,",99.99,3631090120,149
4746787184,Bibliographisches Institut,My Learning Memo with Raven Linus - Number Game pack of 3,Packaging unit: Dorothee Raab,9.99,3759871110,414
1701333850,BeCo,"Comfort foam mattress, 81-100 kg, 7 zones, 1x 80x200 cm, 'Royal Duo KS', BeCo",1x 80x200 cm. Special orthopedic mattress core contour. Approx. 21 cm high comfort foam mattress. With 7 sleeping zones. Supports nighttime spinal stretching. With soft shoulder relief.,199.99,1739980608,61
18465839155,Kneer,"Fitted sheet KNEER ""Exclusive-Stretch"" sheet Size W/L: 180-200 cm x 200-220 cm (1 pc.), jersey-elastane, 40 cm, green (mint) sheet bed linen optimal fit","With the Exclusive-Stretch fitted sheet you are buying an absolute top product. Thanks to the yarn composition of 95% cotton and 5% elastane, and due to the particularly high-quality finishing, the fitted sheet has an exceptionally silky-shiny and smooth lying surface. The extremely stretch- and wear-resistant Exclusive-Stretch fitted sheet is also suitable for very high mattresses, box-spring beds and waterbeds up to a height of 40 cm. Its clever construction with rounded corners and a concealed sewn-in all-around elastic produces a perfect fit on the mattress.",107.94,1324744550,296
2113276737,Kneer,"Kneer fitted sheet, cotton blend, black, 180 cm x 200 cm","High-quality, elegant fitted sheet with an exceptionally silky-shiny and smooth lying surface. Extremely stretchable and therefore suitable for extra-high mattresses up to 40 cm and for waterbeds. Perfect tailoring with sewn corners, all-around elastic and tunnel hem guarantee a perfect fit. Particularly fine-gauge knit on right/left sides. 95% cotton (plied Mako cotton) / 5% elastane",65.1,1324747283,427
4477028417,Nike,"Nike, Men's Sports Socks, SQUAD CREW SOCKS (XL), White",Nike Squad Crew socks from the team sport collection.,9.76,2761658153,275
1639359122,CreaTable,"Combination service ""Bella Casa Aqua"", (set, 16 pcs), hand-painted spiral decor, dinnerware sets, 72364250-0 blue","CreaTabel combination service ""Bella Casa Aqua"", 16-piece made of high-quality stoneware in a contemporary coupe shape. The dinnerware is presented in a ""handmade decor"" with a hand-painted spiral and a reactive outer band in a vintage look. ""Handmade"" also means that the plates may differ in shape, glaze and coloring. This is not a reason for complaint but intentional and supports the vintage character of this series. Four trendy blue shades in the set: aquamarine blue, light blue, medium blue, dark blue.",83.98,1970396950,216
1854833400,Oral B,ORAL-B Pulsonic Slim One Electric Toothbrush White,ORAL-B Pulsonic Slim One Electric Toothbrush White,116.75,1435573037,65
2071747028,HOME WOHNIDEEN,"Sliding panel curtain RAWLINS, HOME WOHNIDEEN, hook-and-loop tape (1 piece), HxW: 245x60, incl. mounting accessories purple","Dimensions & Weight Width , 60 cm, Height , 245 cm, Details Hanging , hook-and-loop tape, Look/Style Color , lilac, Transparency , opaque, Design , printed single-sided Pattern , circles flowers, Designer production method , printed, Material Material composition , Cover: 100% polyester, Material , polyester, Scope of delivery Number of pieces , 1 pc., Scope of delivery , assembly instructions clip rail panel carrier, Care instructions Care instructions , 30°C gentle wash, Miscellaneous Note Decoration , A sliding panel curtain is a narrow, smoothly hanging fabric panel that can be used both as privacy screening and for dividing rooms. Due to the sliding technique, sliding panel curtains are very flexible to use., Note Hanging , The panel carrier is mounted with the included rollers or with X-gliders on any common curtain rail or track., Note Shortening , Can be shortened to any height. ATTENTION! Cutting/shortening the item voids your right of return., Quality notes Note Material , A polyester quality refers to a synthetic fibre that is very easy-care. The item is both shape-retaining and hard-wearing. It also does not shrink and has high light fastness., Note Designer production , The base fabric is printed single-sided in different processes. Please note that the unprinted side of the fabric is always lighter, darker or less patterned than the printed front/visible side.",71.48,1012832077,99
2071962865,"Bibliographisches Institut, Berlin / Duden",My Learning Memo with Raven Linus - Syllables (Children's Game) / Learn Easily with Raven Linus,"What belongs together? Find the matching syllables and discover what the words look like! Children aged 5 and up can develop a feel for words and syllables in a playful way and, at the same time, strengthen their concentration and memory. The memo game with Raven Linus is a playful training for learning to read.",8.49,2721550319,18
1328713619,adidas,adidas Originals HANDBALL SPEZIAL Sneaker black 44,"Size , 44, Size system , EU sizes, Size note , Runs small, please order one size larger., Manufacturer color designation , Core Black / Cloud White / Gum5, Color , black, white, Appearance , solid color with color inserts, Upper material , Leather, Synthetic, Lining material , Synthetic, Style , casual, Decorations , label, logo lettering, Closure , lacing, Closure details , adjustable, Toe shape , round, Insole material , Textile, Outsole material , Rubber, Outsole properties , slip-resistant, Outsole profile , smooth, Stud pattern outsole , indoor court, Shoe height , low,",79.63,1469578364,208
2070908196,Hemafa,"Comfort foam mattress, 7-zone, material comfort foam »GEL STYLE 2200«, Hemafa",Comfort foam mattresses: gel-type mattress with a one-sided topper for optimal pressure relief. Approx. 22 cm mattress height with 7 sleeping zones. Breathable cold foam - support core with a one-sided thick gel-type topper. Mattress with,419.99,1334283705,62
2075302660,YVES SAINT LAURENT,"Yves Saint Laurent Rouge Volupté Shine Brilliance & Colour 16 Orange Majorelle Lipstick, Manufacturer color: 16 Orange",Lipstick | Color: 16 Orange | Shade: Orange | Finish: Glossy | Contents: 4.5 g,26.95,328321615,470
3267793378,Birkenstock Professional,"Birkenstock Professional ""Boston ESD"" clog blue 40","Size , 40, Size type , Regular sizes, Color , blue, Upper material , leather, Upper material properties , electrostatic discharge (ESD), Closure , without closure, Outsole material , EVA, Outsole properties , slip-resistant, grease-resistant, oil-resistant, Shoe width , narrow,",99.99,1913270470,150
4893056636,ASICS,"ASICS Gel-Kayano 29 Stability Shoe Women - Pink, White, Size 38","There’s still a bit more to gain The Gel-Kayano has been on the market for almost 30 years, and it’s no surprise that the latest model comes with several innovations and — most importantly — delivers! While its predecessor relied on the Guidance Line, the Gel-Kayano 29 features a thin layer of LITETRUSS: a firm foam material that prevents the foot from collapsing inward. Together with a new heel reinforcement your foot sits sensationally stable in the shoe, and with the FF BLAST+ midsole cushioning it’s still soft and comfortable and a lot of fun to run in. The Gel-Kayano remains undisputedly one of the best and most sought-after stability shoes worldwide. Highlights of the 29th edition of the Gel-Kayano from Asics for women: Seamless, breathable stretch-knit upper that comfortably adapts to your feet Highly cushioned, lightweight FF BLAST+ foam midsole provides a springy landing and roll-off for a great running experience Impact Guidance System supports the foot with a set of features to optimize shoe stability LITETRUSS as a stabilizing internal layer prevents overpronation The heel area is reinforced on the outside for strong support Ortholite X55 insole for even more comfort The outsole is made of AHARPLUS rubber for durability and excellent grip The effort was definitely worth it And so a Kayano has emerged that is lighter, softer and more stable than before — and above all more fun than any before it. Runners who need or appreciate support will take their hats off and bow deeply.",122.95,4000562923,255
3267793397,Birkenstock Professional,"Birkenstock Professional ""Boston ESD"" clog white 40","Size , 40, Size type , Regular sizes, Color , white, Upper material , leather, Upper material features , electrostatic discharge (ESD), Closure , buckle closure, Outsole material , rubber, EVA, Outsole properties , slip-resistant, oil-resistant, grease-resistant, Width , regular,",99.99,3615316947,376
3403897392,HOME WOHNIDEEN,"Sliding panel curtain ""Brakel"", HOME WOHNIDEEN, panel carrier (1 piece), HxW: 245x60","This sliding curtain with digital photo print creates a great effect at your windows thanks to the ""wave"" motif. The panel curtain was digitally printed, showing brilliant colours on the lightweight decorative fabric. The edges were cut using a special laser technique. Hanging is via the included panel carrier with gliders for all common curtain rails. With the supplied clamping rail you can easily shorten the sliding curtain to any desired height.",45.99,1027555333,358
2062845102,CreaTable,"Combination dinner set, blue ""Bella Casa Aqua"", CreaTable, pattern, dishwasher-safe",Color: blue. Combination dinner set for 4 persons from CreaTable. Made of high-quality stoneware. With hand-painted spiral décor in trendy blue shades. Dishwasher-safe. Microwave-safe.,58.48,1970396950,216
2062560136,adidas,"ADIDAS ORIGINALS Men's Sneaker 'Handball Spezial' black / white, Size 9.5, 4116480","Pattern: Solid color; Design: 7-eyelet lacing, Tread sole, Reinforced heel, Contrasting inserts; Material: Leather; Toe: Round cap; Material: Suede leather; Closure type: Lace-up; Extras: Padded collar, Smooth feel, Label print, Cushioning, Tone-on-tone stitching; Sustainability certifications: Leather Working Group; Heel height: Flat heel (0-3 cm)",99.9,1469578364,208
1639948519,Vision S,"Panel curtains, H/W: 245/60cm, ""OPALIA"", Vision S","H/W: 245/60cm. Machine washable, therefore very easy to care for. Fabric with a fine, smooth surface. Opaque fabrics slightly darken and prevent views from outside. Through digital printing proce",50.99,1538167624,75
1872458663,,1x Goodyear Eagle F1 Supersport R FP XL 275/25 R21 (92Y) (Z)Y Summer Tire,1x Goodyear Eagle F1 Supersport R FP XL 275/25 R21 (92Y) (Z)Y Summer Tire,443.77,1626693599,206
1867262598,,"PLAYMOBIL 70370 Figures Girls Series 18, Indian Princess Woman with Parasol NEW","PLAYMOBIL 70370 Figures Girls Series 18, Indian Princess Woman with Parasol NEW",3.75,1721487200,323
1867425434,,Playmobil 70370 Figures Girls Series 18 Female Diver,Playmobil 70370 Figures Girls Series 18 Female Diver,2.99,1721487200,323
3079540038,adidas,adidas Originals Handball Spezial - Men's black Size 46,"A classic, not just for sports The adidas Handball Spezial is — as the name clearly suggests — a trendy handball shoe from the 70s. And why should you miss out? Here are a few highlights: soft leather upper, the well-known and popular 3-stripe design, and a non-slip outsole! What more do you need? We say: nothing! Grab the Handball Spezial now and experience its iconic, cool and sporty design! Good reasons for the Handball Spezial Upper material: leather Lining: textile Insole: textile 7-eyelet lacing 3-stripes design Model inscription on the side adidas logo on tongue and heel Decorative sole stitching Non-marking, slip-resistant sole",49.99,1622656381,221
2058593751,adidas,adidas Handball Spezial Sneaker black 46 EU,"Style: Retro, Sport | Cut: low cut, narrow | Heel type: flat | Closure: lacing | Insole: cushioning, textile | Tread: slip-resistant tread, rubber / synthetic sole | Outsole: shock-absorbing plastic | Entry: padded | Toe: round, soft toebox | Heel: logo heel tab, reinforced | Pattern: multicolored | Upper material: leather, suede | Lining material: textile/synthetic | Sport: Handball",68.9,1622656381,221
2065240489,Walimex,Walimex Pro 19586 zoom lens f/16 - 8 1300 - 650 mm,"A classic with very good imaging performance. This lens tele-zoom, despite its overall length of about 460 mm, is quite handy and light. The thoughtful construction (without a built-in iris diaphragm) enables excellent, color-faithful and sharp rendering by using 8 lenses in 5 groups. The relative aperture of 1:8.0 allows a bright viewfinder image when used outdoors, also for wildlife or detailed landscape photography. The optic has no selectable aperture: the maximum possible opening is always available; the lens is corrected for this and thus delivers its highest performance, which is not reduced by diffraction at aperture blades. The start aperture assigned to each zoom range is engraved on the mount for information. User advantage: the attached, 360° rotatable tripod mount allows balanced attachment to a tripod and switching from portrait to landscape orientation. Approximately 5 m minimum focus distance at the 1300 mm setting allows nature photographers to choose exciting subjects. <br> <br>On most cameras the lens works in shutter-priority or manual mode. Your camera’s manual provides more details. <br>T2 mount, usage tip: the T2 adapter is screwed onto the lens, then the lens is locked onto the camera. The small lateral screws on the T2 adapter, after loosening, allow a slight uprighting of the lens - aligning the infinity index or the depth-of-field marks to the top. Re-tightening the screws secures the lens and adapter reliably. <br>Advantages of a full-frame lens on a camera with an APS-C sensor <br> Save time in post-processing. Many lens flaws such as distortion, edge softness or vignetting occur in the outer areas of the image. <br> If you use a lens designed for full frame on a camera with an APS-C sensor, these areas are not used. This way you get the...",365.0,407084305,92
1565913509,Yves Saint Laurent,Yves Saint Laurent Rouge Volupté Shine Lipstick SPF 15 4.5 g Orange Perfecto,"Protection, care, shine with a moisturizing effect, even color, long wear: Rouge Volupté Shine makes lips glow for hours in wonderfully seductive shades. Contains an all-around care cocktail that gives lips beauty, comfort and volume. Softly melting textures and luminous colors, enveloped by a mysterious shine — entirely YSL. A high proportion of soft waxes protects the lips from drying out.",25.99,803771084,264
4999204837,Birkenstock Professional,"Clog 'Boston ESD', size 40, white, shoes, 12752067-40","Birkenstock Professional Clog 'Boston ESD', Birkenstock Professional, shoes",99.99,2146900507,384
2059400154,Schmidtgard,"Panel curtain Rawlins 87999-0713 lilac, decorative fabric, opaque, 245x60cm","Panel curtain Rawlins 87999-0713 lilac, decorative fabric, opaque, 245x60cm",33.8,1012832077,99
4928174983,ASICS,ASICS Women's Shoes Gel-Kayano 29 Running Shoes Lace Closure Sneakers Low Flat,"Runners with overpronation are given stability and comfort by this road running shoe. Thanks to the unique FF Blast Plus cushioned midsole, which helps the shoe retain its shape even under heavy impact, the last kilometer feels like the first. The running shoe also features LITETRUSS technology. This optimally supports the foot when it rolls too far inward while running (overpronation). - well equipped for running - stabilizing, supportive properties - shoe width: F With the trail running shoes from ASICS the next training session can start. A comfortable fit is easily achieved thanks to the lace closure. The pleasantly low weight and high breathability result from the mesh mix. Closure: lace closure Heel type: flat Heel height: 1 cm Shoe width: F Sport: running Additional feature: stability Upper material: textile (mesh) Lining: other material textile (material mix of synthetic and textile) Insole: other material (removable synthetic insole) Outsole: other material (rubber) Brand: ASICS, Gender: Women, Product type: running shoes, Color: pink, Material: textile Closure: laced",129.9,4000562923,255
8431809214,Kneer,Kneer Q93 Exclusive-Stretch Fitted Sheet 95 Mint 180x200 - 200x220,"Kneer Q93 fitted sheet - only the best of the best. The Q93 fitted sheet from Kneer is one of the most exclusive fitted sheets available on the market. Thanks to the particularly fine-meshed right/left knit, it is especially snug and soft. The high weight of approx. 260g...",114.95,1324744550,296
4006382855,Walimex,Walimex pro 650-1300/8-16 DSLR Samsung NX,"Call us \nSend us a message \n\nWalimex pro Walimex pro 650-1300/8-16 DSLR Samsung NX (19586)\n\nA classic with very good imaging performance. This tele-zoom lens, despite its overall length of approx. 460 mm, is quite handy and lightweight. The thoughtful construction (without a built-in iris diaphragm) enables, through the use of 8 elements in 5 groups, an excellent, color-accurate and sharp rendering. The relative aperture of 1:8.0 allows a bright viewfinder image when used outdoors, also for wildlife photography or detailed landscape photography.\n The optic has no preselectable aperture: the maximum possible aperture is always available; the lens is corrected for this aperture, it delivers its highest performance and this is not reduced by diffraction at the aperture blades. The initial aperture assigned to each zoom range is engraved on the mount for information.\nUser benefits",329.0,407084305,92
1639385502,Kneer,"Fitted sheet ""Exclusive-Stretch"", (1 pc.), optimal fit, sheet, 79815156-0 purple W/L: 180-200 cm x 200-220 cm (1 pc.)","With the Exclusive-Stretch fitted sheet you are purchasing an absolute top product. Thanks to the yarn composition of 95% cotton and 5% elastane, and due to the particularly high-quality finishing, the fitted sheet achieves an exceptionally silky-shiny and smooth sleeping surface. The extremely stretchable and hard-wearing Exclusive-Stretch fitted sheet is also suitable for very high mattresses, box-spring beds and waterbeds up to a height of 40 cm. Its clever construction with rounded corners and a concealed sewn-in all-around elastic ensures a perfect fit on the mattress.",107.94,1324747237,185
4070366978,Kneer,Kneer Fitted Sheet 93 Exclusive-Stretch - 180/200-200/220cm	blackberry,Kneer fitted sheet 93 Exclusive-Stretch Quality 93 Exclusive-Stretch fitted sheet Kneer EXCLUSIV-STRETCH — the most luxurious of the fitted sheets from the house of Kneer.,99.95,1324747237,185
4746833490,,"My Learning Memo with Rabe Linus - In Traffic, Pack of 3",My Learning Memo with Rabe Linus - In Traffic Pack of 3 - Packaging unit: from €8.99,7.64,3749553287,480
4732077234,Bibliographisches Institut,"My Learning Memo with Raven Linus - Number Game, Pack of 3 (Packaging Unit) Raab Spiel","My Learning Memo with Raven Linus - Number Game, Pack of 3 (Packaging Unit) Raab Spiel",12.95,3759871110,414
4999205061,Birkenstock Professional,"Clog 'Boston ESD', Size 40, blue, shoes, 20648761-40","Birkenstock Professional Clog 'Boston ESD', Birkenstock Professional, shoes",99.99,1913270470,150
8431808974,Kneer,Kneer Q93 Exclusive-Stretch Fitted Sheet 35 Lagoon 180x200 - 200x220,"Fitted sheet Kneer Q93 - Only the best of the best. The Q93 fitted sheet by Kneer is one of the most exclusive fitted sheets available on the market. Thanks to the particularly fine-meshed right/left knit, it is especially soft and conforming. The high weight of approx. 260 g...",114.95,1324746422,199
1512413084,adidas,"adidas handball shoe ""Handball Spezial"", moisture-repellent, padded insole, for men, black/white, 44","adidas shoes in black. In 1979 it was the shoe of choice among professional handball players; today the classic is a celebrated streetwear favorite. This version features an upper made of soft nubuck suede. For the true vintage vibe, the soft natural rubber outsole is, of course, a must.",99.99,1469578364,208
4313860231,Creatable,Ibiza 16-piece dinner set for 4 people Mediterranean lifestyle Creatable 22890,Ibiza 16-piece dinner set for 4 people Mediterranean lifestyle Creatable 22890,81.99,1970396950,216
2059400848,Schmidtgard,"Panel curtain Bristol 86914-0703 gray, decorative fabric, opaque, 245x60 cm","Panel curtain Bristol 86914-0703 gray, decorative fabric, opaque, 245x60 cm",33.8,1027555333,358
1699625477,Locamo,ADIDAS sports shoe HB Spezial Boost,"Suede upper, durable and weatherproof, midsole with BOOST technology, Traxion outsole",120.0,1645426542,300
5137789006,BIRKENSTOCK,"Birkenstock, Unisex, Slippers, Boston Natural Leather Regular, White, (40)","The Boston clog is a classic among Birkenstock models. With the integrated strap and a sturdy metal buckle, the clog can be individually adjusted to each foot.",84.97,3615316947,376
4420214504,BIRKENSTOCK,Birkenstock Boston ESD Profession Clog - narrow - women's - white in size 40,"Birkenstock Boston ESD Profession Clog - narrow for women in size 40, white: made of grained smooth leather, adjustable buckle, leather lining, anatomically shaped cork-latex footbed in ESD version with leather cover, flexible outsole, narrow width<br /><br />all ESD models are tested according to the specifications of DIN EN 61340 and meet the ESD requirements from 1.0 x 10^5 to 3.5 x 10^7 ohms, providing reliable protection against electrostatic discharges",95.0,2146900507,384
3883531558,,"My Learning Memory with Raven Linus - Number Game (Children's Game) Players: 1-4, Memory Game, Linus Learning Games",Learn the numbers up to 20 with Raven Linus and find the corresponding quantities. Children from 5 years can thereby in a playful way get a first feeling f,9.87,2996525770,179
2060575804,adidas,adidas Handball Spezial sneaker black 42 2/3 EU,"Style: Retro, Sport | Cut: low cut, narrow | Heel type: flat | Closure: lacing | Insole: cushioning, textile | Outsole: slip-resistant outsole, rubber/synthetic sole | Outer sole: cushioning plastic | Entry: padded | Toe: round, soft toebox | Heel: logo heel tab, reinforced | Pattern: multicolored | Upper material: leather, suede leather | Lining material: textile/synthetic | Sport: Handball",68.9,1622655555,24
3050045988,Oral B,Oral-B Pulsonic Slim One with 2nd Brush Handle (Oral Care),"The Oral-B Pulsonic Slim One is now available with 2 brush handles. By removing surface stains, it provides whiter teeth in 2 weeks. Thanks to the ultra-slim, super-light handle, the toothbrush sits particularly comfortably in the hand and is therefore ideal for home and travel. The elongated brush head helps remove surface stains with gentle sonic technology. You can choose between two modes for a personalized brushing experience: Daily Clean and Whitening. For a cleaner smile & natural brightening! * The Oral-B Pulsonic Slim One with 2 brush handles * Provides whiter teeth in 2 weeks by removing surface stains * Two cleaning modes for personalized brushing comfort: Daily Clean and Whitening * The ultra-slim, super-light sonic toothbrush from Oral-B, ideal for home and travel * The elongated brush head helps remove surface stains with gentle sonic technology * Oral-B, the No.1 toothbrush brand most recommended by dentists worldwide",89.99,1435573037,65
1929021158,Nike,Nike Socks Squad Crew white M,"Size information Size , M, Color Color , white black, Manufacturer color designation , white / black, Material Material composition , 88% polyester / 9% cotton / 3% elastane, Care instructions , Machine wash, Look/Style Look , multicolored, Style , sporty,",9.95,2761658531,41
8431814058,Kneer,Kneer Q93 Exclusive-Stretch Fitted Sheet 41 Soft Rose 180x200 - 200x220,"Kneer Q93 fitted sheet - only the best of the best. The Q93 fitted sheet from Kneer is one of the most exclusive fitted sheets available on the market. Thanks to the particularly fine-knit right/left weave, it is especially supple and form-fitting. The high weight of approx. 260 g...",114.95,1324746498,48
2070010940,adidas,"ADIDAS ORIGINALS Men's sneaker 'Handball Spezial' black / white, size 8.5, 4116480","Pattern: Solid color; Design: 7-eyelet lacing, tread sole, reinforced heel, contrasting inserts; Material: Leather; Toe: Round cap; Material: Suede leather; Closure type: Lace fastening; Extras: Padded collar, Smooth feel, Label print, Cushioning, Tone-on-tone stitching; Sustainability certifications: Leather Working Group; Heel height: Flat heel (0-3 cm)",99.9,1622655555,24
3214249595,Airoh,"Airoh Commander Skill Motocross Helmet, gray, Size M","* Double D-ring fastener * Vents on chin, front and top * Visor (scratch-resistant and UV-resistant, extra wide field of view, Pinlock-ready) | Item: Airoh Commander Skill Motocross Helmet, gray, Size M",359.99047,2491910760,130
1434308154,Beco,"Comfort foam mattress »Royal Duo KS«, Beco, 21 cm high, core density: 30 kg/m³, orthopedic mattress core contour, white, 80 cm x 200 cm x 21 cm 80 cm x 200 cm x 21 cm","Beco: The comfort foam mattress “Royal Duo KS” from BeCo is approx. 21 cm high, has 7 comfort zones and is extremely point-elastic, dimensionally stable and breathable. All firmness levels H2, H3 and H4 = 1 price. It features a special orthopedic mattress core contour that supports nighttime spinal extension and intervertebral disc regeneration. In addition, the mattress has a soft shoulder relief system. The skin-friendly, functional and elastic double-cloth cover (100% polyester) is quilted with a breathable climate fiber (100% polyester). The cover has a 4-sided zipper, is separable, removable and washable up to 60 °C. Ideal for pet hair allergy sufferers. The open-pored materials ensure a good sleeping climate. Made in Germany.",167.99,1739980608,61
2054656633,BABOR,BABOR Lip Make-up Lipstick 4g,"The Age ID Glossy Lip Colour from BABOR gives your lips a touch of color with an irresistibly glossy finish. The long-lasting lipstick virtually melds with your lips and lets the natural lip color shine through the applied shade, making it particularly harmonious with your complexion. The creamy formula provides gentle care thanks to high-quality plant oils and makes your lips appear visibly fuller.",24.9,845830827,133
3074303515,FEIN,"At a glance•Handy 1,500 W compact angle grinder with high power reserve for effective grinding and cutting tasks","At a glance•Handy 1,500 W compact angle grinder with high power reserve for effective grinding and cutting tasks.FEIN Advantages•The lightest and shortest of its kind.•All-metal gearbox head.•H07 industrial cable.•Best vibration values in its class.Scope of delivery•1 protective guard•1 tool-free quick-release nut•1 anti-vibration handle•1 wrenchTop features•Longer carbon brush life and more material removal than comparable angle grinders.•POWERtronic for enormous power, power reserve and exceptional speed stability under load.•Comprehensive user protection through stall monitoring, restart protection, soft start, electronic overload protection.",199.0,477408105,352
2118636980,Fein,Fein Elektro Compact Angle Grinder WSG 15-125 PQ Ø 125mm 1500W,"Fein Compact Angle Grinder WSG 15-125 PQ, Ø 125 mm. Handy 1500 watt compact angle grinder with high power reserve for effective grinding and cutting work. Product: Up to 30% longer carbon brush life and more material removal than comparable angle grinders. POWERtronic for enormous power, power reserve and exceptional speed stability under load. Extensive user protection through stall monitoring, restart protection, soft start, electronic overload protection. The lightest and shortest of its kind. Full-metal gearbox head rotatable in 90° increments for maximum robustness and service life. Best vibration values in its class, H 07 industrial cable. Technical data: Rated input 1500 W, output power 900 W, no-load speed 11,000 rpm, cable with plug 4 m, weight 2.3 kg, flanges M14, grinding disc Ø 125 mm, elastic backing pad Ø 125 mm. Delivery: Fein Compact Angle Grinder WSG 15-125 PQ, 1 x protective guard, 1 x tool-free quick-release nut Fixtec, 1 x anti-vibration side handle, 1 x wrench, in carton. Industries: Craftsmen, construction, cities, municipalities, conservatory construction, cabinetmakers, carpenters, stone and marble construction, steel and portal construction, assembly, painters and decorators, tinsmiths, roofers, plasterers, stucco workers, window construction, glass construction, structural engineering, house construction, drywall construction, automotive industry, auto repair shops, municipal services, interior finishing, industry, timber construction, carpenters, yacht building, boat building, gas-water-heating, prefabricated house construction, windows and doors, facade construction, electrical installers, master builders, building owners, hobbyists and DIY enthusiasts etc. For more information see download!",209.59,477408105,352
4938541772,Liebherr,Liebherr SIFNd 4155-20 Prime NoFrost (999208751),Liebherr freezer SIFNd 4156 silver-colored metal,1449.0,3811418939,441
3926725955,Biederlack,"BIEDERLACK Uno Cotton home throw, in beautiful solid colours, beige cotton blanket","The cosy plain blanket ""Uno Cotton"" is breathable, hard-wearing and provides excellent warmth. A popular all-rounder made from a low-maintenance cotton-Dralon blend with ""Cotton made in Africa"", a must-have for every home. Shown here in a modern blue. With fine velour ribbon edging.",96.9,1377073738,175
3214249598,Airoh,"Airoh Commander Skill Motocross Helmet, grey, Size 2XL","* Double D-ring fastening * Vents at chin, front and top * Visor (scratch-resistant and UV-resistant, extra wide field of view, Pinlock-ready) | Item: Airoh Commander Skill Motocross Helmet, grey, Size 2XL",359.90003,2491910760,130
2078371204,Kneer,"Fitted sheet Exclusive-Stretch, Kneer, jersey-elastane, elastic: all around, (1 piece), optimal fit green 180-200 cm x 200-220 cm","Details Number of pieces , 1 pc, Elastic , all around, Look/Style Look , plain, Color , mint, Dimensions Width , 180-200 cm, Length , 200-220 cm, Suitable for Suitable for mattress height , 40 cm, Suitable for mattress size , 180-200x200-220 cm, Suitable for mattress type , box-spring beds standard mattress waterbeds, Material Material type , jersey-elastane, Material composition , Cover: 95% cotton, 5% elastane, Fabric weight , 250 g/m2, Care instructions Care instructions , 60°C machine wash non-iron easy-care tumble dryer friendly, Additional information Colour note , Please note that the colours on your monitor may differ from the original shades.",107.94,1324744550,296
3832187405,BIRKENSTOCK,Birkenstock Birkenstock Boston ESD mule blue narrow sandal 38,"Size, 38, Color, blue, Upper material, leather, Style, casual, Toe shape, round, Insole material, cork, latex",91.99,3321918357,192
1314916319,adidas,Adidas Originals Men's Handball Spezial Sneaker,This sneaker made of nubuck suede conquered the sports and fashion world. In 1979 it was the shoe of choice among professional handball players; today the classic is a celebrated streetwear favorite. In this version it comes with an upper made of soft nubuck,84.96,1511483122,171
3558421110,Nike,NIKE Squad Crew Sports Socks Unisex white/black 38-42,"The NIKE Squad Crew sports socks combine moisture-wicking material with targeted cushioning to provide high-performance wearing comfort during competition. Product details: Moisture-wicking material for dry comfort; cushioning in high-stress areas for increased durability. Material: 88% polyester, 9% cotton, 3% elastane. Machine wash.",7.99,2761658531,41
1701333849,BeCo,"Comfort foam mattress, 81-100 kg, 7 zones, 1x 80x200 cm, ""Royal Duo KS"", BeCo",1x 80x200 cm. Special orthopedic mattress core contour. Approx. 21 cm high comfort foam mattress. With 7 lying zones. Supports nighttime spinal extension. With soft shoulder relief,199.99,1739980608,61
2169796390,"Bibliographisches Institut, Berlin / Duden",My Learning Memo with Raven Linus - Syllables,"Manufacturer: Bibliographisches Institut, Berlin / Duden",4.99,2721550319,18
3883529607,,"My Learning Memory with Raven Linus - Syllables (Children's Game) Memory Game for 1-4 Players, Linus Learning Games",What belongs together? Find the matching syllables and discover what the words look like! Children aged 5 and up can learn in a playful way.,9.56,2721550319,18
1711988032,Hemafa,"Comfort foam mattress GEL STYLE 2200, Hemafa, 22 cm high, yellow, allergy-friendly mattress","The cold foam mattress GEL STYLE 2200 comes from the Hemafe manufactory in Herdorf and is a best-selling model. The 7-zone mattress core has a special ventilation system, lumbar support and is particularly adaptable in the shoulder area. The highest-quality feature, however, is the 6 cm GEL ART layer on the mattress surface. It provides optimal pressure relief and gently cushions every body zone. You lie, so to speak, ""in the mattress"" rather than ""on the mattress"", resulting in a healthy and pleasant sleeping comfort. This produces two different sleeping sides, which is why two different cover fabrics are used. Unquilted, these elastic materials are even more point-elastic and, of course, easily removable thanks to a four-sided zipper and washable in a domestic washing machine at 60°C. The product is of course suitable for house dust mite allergy sufferers. (This mattress is recommended for a body weight of up to 90 kg).",629.99,1334283705,62
2055608441,Yves Saint Laurent,Yves Saint Laurent Rouge Volupté Shine Oil-In-Stick hydrating lipstick shade 80 Chili Tunique 3.2 g,"Yves Saint Laurent Rouge Volupté Shine Oil-In-Stick, 3.2 g, lipstick for women. The Yves Saint Laurent Rouge Volupté Shine Oil-In-Stick enhances the beauty of your lips and skillfully accentuates daytime or evening makeup. Features: with long-lasting effect, gives the lips shine, moisturizes and cares for the lips, with satin effect. Application: Gently apply the lipstick from the center outward to the edges of the lips.",29.0,1511754467,132
3079537442,adidas,adidas Originals Handball Spezial - Men's black EU 44 2/3,"A classic, not just for sports The adidas Handball Spezial is — as the name clearly suggests — a trendy handball shoe from the 70s. So why should you miss out? Here are a few reasons: soft leather upper, the well-known beloved 3-stripes design, and a non-slip outsole! What more do you need? We say: nothing! Grab the Handball Spezial now and see for yourself its iconic, cool and sporty design! Good reasons to choose the Handball Spezial Upper material: leather Lining: textile Insole: textile 7-eyelet lacing 3-stripes design Model name on the side adidas logo on tongue and heel Decorative stitch on sole Non-marking, non-slip outsole",99.99,1511483122,171
4219547890,Nike,Nike U Nk Everyday Cush No-Show 3-Pack White/Black XL,"Nike introduces the no-show sock, a product that keeps you well dressed in your free time. This sweat-wicking, comfortable, cushioned and breathable model convinces across the board. With the no-show sock, the top manufacturer founded in 1971 and successful worldwide from the US state of Oregon offers you a great model. With this no-show sock you give any outfit a special touch. Product details: Technology: Dri-FIT Features: sweat-wicking, cushioning, breathable 3 pairs Material: 73% cotton, 25% polyester, 1% elastane, 1% nylon Train through your workout with the Nike Everyday Cushion No-Show training socks (3 pack). The thick terry sole provides extra comfort for walkers and lifts, while high-friction yarns in the footbed reduce slipping. Features: Dri-FIT technology helps you stay dry and comfortable. Thick terry sole for comfort and cushioning. Anatomically correct left and right socks are designed for a natural fit. No-show silhouette for a low-profile look. Specifications: 100% textile Power through your workout with the Nike Everyday Cushion No-Show training socks (3 pack). Dri-FIT technology keeps you dry and comfortable. Thick terry sole for comfort and cushioning. Anatomical design for left and right socks ensures a natural fit. Low silhouette for a casual look. Material: 73% cotton, 25% polyester, 1% elastane, 1% nylon See item description U NK EVERYDAY CUSH NS 3PR 010 BLACK/WHITE S",10.73,2487402853,499
3926847772,Home Wohnideen,"HOME WOHNIDEEN sliding panel curtain RAWLINS, HxW: 245x60, incl. mounting accessories purple living room curtains curtains by room drapes","This sliding panel curtain from the brand ""Home Wohnideen"" creates a great effect on your windows with its modern ""circles"" motif. The panel curtain is digitally printed, showing vivid colors on the lightweight, opaque decorative fabric. Includes complete accessories, with panel carriers including gliders and a clamp rail at the bottom, allowing you to easily shorten the fabric yourself. Laser-cut at the sides. 100% polyester.",71.48,1012832077,99
4603499681,Bibliographisches Institut,My Learning Memo with Raven Linus - Animals & Words VE/3. Dorothee Raab - Book,"My Learning Memo with Raven Linus - Animals & Words VE/3. What belongs together? Find the pairs and discover what the words look like! Children aged 5 and up can playfully develop a first sense of words and, at the same time, strengthen their concentration and memory. The animal memo game with Raven Linus is the ideal preparation for first reading.",10.0,3759869769,380
4726701802,Liebherr,Liebherr SIFNd 4155-20 Prime NoFrost (999208751),"Liebherr SIFNd 4155 Prime | Built-in freezer with NoFrost Austrian warranty protection - full protection also available for 36/60 months - delivery, connection, commissioning and old appliance disposal available in Vienna",1449.0,3811418939,441
4999205059,Birkenstock Professional,"Clog ""Boston ESD"", Size 38, blue, shoes, 20648761-38","Birkenstock Professional Clog ""Boston ESD"", Birkenstock Professional, shoes",99.99,3321918357,192
3045571820,adidas,adidas Performance Spezial Boost Shoe Fitness Shoe 44 2/3,"Size , 44 2/3, Size system , UK sizes, Color , blue, Upper material , Leather, Synthetic, Lining , Textile, Manufacturer technologies , TRAXIONTM, Closure , Lace-up, Toe shape , pointed, Insole material , Textile, Stud pattern outsole , indoor Court, Shoe height , ankle-high,",116.93,1645426542,300
2057542314,Yves Saint Laurent,Yves Saint Laurent Rouge Volupté Shine Oil-In-Stick hydrating lipstick shade 16 Orange Impertinent 3.2 g,"Yves Saint Laurent Rouge Volupté Shine Oil-In-Stick, 3.2 g, lipstick for women. The Yves Saint Laurent Rouge Volupté Shine Oil-In-Stick lipstick emphasizes the beauty of your lips and skilfully highlights day or evening makeup. Features: long-lasting effect, gives lips shine, moisturizes and cares for lips, with a satin effect. Application: Gently apply the lipstick from the center to the outer edges of the lips.",29.0,328321615,470
1504338841,Yves Saint Laurent,Yves Saint Laurent Lip Makeup Lipstick 3.2 g,"Protection, care, shine with a moisturizing effect, even color, long-lasting: Rouge Volupté Shine makes the lips shine for hours in wonderfully seductive shades. Thanks to nourishing ingredients it gives the lips volume, reveals their natural beauty and provides pure comfort; a high proportion of soft waxes protects the delicate skin of the lips from drying out. Delicately melting textures combine with luminous colors, caressed by a mysterious shine: experience irresistible radiance and dive into a sea of pure sensuality — Rouge Volupté Shine is wholly YSL.",32.49,1933257945,451
3563396042,Nike,Squad Crew Socks black white,"Match-ready wearing comfort for your feet! The Nike Squad Crew Socks combine sweat-wicking material with targeted cushioning to deliver high-performance comfort during competition. From the Nike Squad collection!Features: Material: 88% polyester / 9% cotton / 3% elastaneDri-FIT technology keeps the foot dry and comfortable: this high-performance microfiber polyester wicks sweat away from the skin and moves it to the fabric surface, where it evaporates, helping keep you dryCushioning in high-wear areas increases durabilityAnatomical left and right fit provides a natural feelStretchy elastane fabric supports without restricting and improves fit and comfort",9.99,3003303751,284
4128826467,Nike,NIKE Squad Crew Sports Socks Unisex black/white 46-50,"The NIKE Squad Crew sports socks combine moisture-wicking material with targeted cushioning, providing performance comfort during competition. Product details: Moisture-wicking material for dry comfort; Cushioning in high-stress areas for increased durability. Material: 88% polyester, 9% cotton, 3% elastane. Machine wash.",7.99,3003303751,284
2063718969,HOME WOHNIDEEN,"Sliding curtain RONALD, HOME WOHNIDEEN, hook-and-loop tape (1 piece), HxW: 245x60, incl. mounting accessories white","Dimensions & Weight Width , 60 cm, Height , 245 cm, Details Hanging system , hook-and-loop tape, Appearance/Style Color , off-white, Transparency , transparent, Pattern , waves, Material Material type , voile, Material composition , Cover: 100% polyester, Scope of delivery Number of pieces , 1 pc., Scope of delivery , assembly instructions mounting accessories, Care instructions Care instructions , 30°C gentle wash, Additional information Decoration note , A sliding curtain is a narrow, smoothly hanging fabric panel that works both as privacy protection and as a room divider. Due to the sliding technique, sliding curtains are very flexible in use., Quality notes Material type note , A voile quality refers to a delicate, airy fabric that softens light without darkening. For colored voiles, you determine the desired color intensity by the amount of gathering—light (with only slight gathering) to intensely colored (with heavier gathering). Voile is excellent for freehand decorations for individual window and room design due to its wide variety of colors and patterns., Material note , A polyester quality refers to a synthetic fiber that is very easy to care for. The fabric is shape-retaining and durable. It also does not shrink and has high lightfastness.",41.99,1257924385,241
3046086497,HOME WOHNIDEEN,"Sliding panel curtain, ""BENARI"" hook-and-loop tape 1 piece, curtain, 32967640-1 green opaque green H/W: 245/60 cm","This sliding panel curtain with the digital photo print ""BENARI"" creates a great effect on your windows thanks to the photorealistic motif. The sliding panel curtain was digitally printed, showing its brilliance on the dense decorative fabric with a silk look and subtle effects. The edges were cut using a special laser technique. Includes panel carrier with rollers and x-gliders for all common curtain tracks. Thanks to the high-quality aluminum clamping bar, you have the option to shorten the sliding panel curtain to any desired height. Material: 100% polyester. This sliding panel curtain can be easily combined with other sliding panel curtains. Color: green Variant/Size: H/W: 245/60 cm",45.99,1285123046,100
2065201243,Kneer,"Fitted sheet Exclusive-Stretch, Kneer, Jersey-elastane, elastic all around, (1 piece), optimal fit green 180-200 cm x 200-220 cm","Details Number of pieces , 1 pc., Elastic , all around, Appearance/Style Appearance , plain, Color , lagoon, Dimensions Width , 180-200 cm, Length , 200-220 cm, Suitable for Suitable for mattress height , 40 cm, Suitable for mattress size , 180-200x200-220 cm, Suitable for mattress type , box spring beds standard mattress waterbeds, Material Material type , Jersey-elastane, Material composition , Outer material: 95% cotton, 5% elastane, Fabric weight , 250 g/m2, Care instructions Care instructions , 60°C machine wash crease-free easy-care tumble dryer suitable, Miscellaneous Color information , Please note that the colors on your monitor may differ from the original shades.",107.94,1324746422,199
18465851371,Kneer,"Fitted sheet KNEER ""Exclusive-Stretch"" fitted sheet Size W/L: 180-200 cm x 200-220 cm (1 pc.), jersey-elastane, 40 cm, black fitted sheet bed linen sheet optimal fit","With the Exclusive-Stretch fitted sheet you are purchasing an absolute top product. Thanks to the yarn composition of 95% cotton and 5% elastane, as well as the particularly high-quality finish, the fitted sheet acquires an exceptionally silky shiny and smooth lying surface. The extremely stretch- and wear-resistant Exclusive-Stretch fitted sheet is also suitable for very high mattresses, box-spring beds and waterbeds up to a height of 40 cm. Its clever construction with rounded corners and a concealed sewn-in all-around elastic guarantees a perfect fit on the mattress.",109.95,1324747283,427
2071882570,Kneer,"Fitted Sheet Exclusive-Stretch, Kneer, Jersey-Elastane, Elastic: all around, (1 piece), optimal fit pink 180-200 cm x 200-220 cm","Details Number of pieces , 1 pc, Elastic , all around, Look/Style Look , plain, Color , soft pink, Dimensions Width , 180-200 cm, Length , 200-220 cm, Suitable for Suitable for mattress height , 40 cm, Suitable for mattress size , 180-200x200-220 cm, Suitable for mattress type , box spring beds standard mattress waterbeds, Material Material type , Jersey-Elastane, Material composition , Cover: 95% cotton, 5% elastane, Fabric weight , 250 g/m2, Care instructions Care instructions , 60°C machine wash non-iron easy-care tumble dryer suitable, Additional information Color notes , Please note that the colors on your monitor may differ from the original shades.",107.94,1324746498,48
3709420925,Nike,Nike Squad Crew Socks - white/black 46-50,Nike Squad Crew Socks - white/black 46-50,5.95,2761658153,275
5137881188,ASICS,asics Gel-Kayano 29 Running Shoes Women - frosted rose/deep mars - 38 (7),Provides a stable running experience and a more responsive feel underfoot. ...,134.99,4000562923,255
2114589717,BIRKENSTOCK,"BIRKENSTOCK Boston Antistatic Natural Leather, Black, 38 EU Narrow",ESD-compliant according to EN 61340; anatomically shaped cork-latex footbed; clog with strap section; individually adjustable metal pin buckle; two shoe widths (regular/narrow); heel shape: zero position,65.0,3631090120,149
2056507060,Yves Saint Laurent,Yves Saint Laurent Lip Make-up Lipstick 4.5 g Chestnut,"Protection, care, shine with a moisturizing effect, even color, long wear: Rouge Volupté Shine makes lips glow for hours in wonderfully seductive shades. Thanks to nourishing ingredients it gives lips volume, reveals their natural beauty and provides pure comfort; a high proportion of soft waxes protects the delicate lip skin from drying out. Delicately melting textures combine with luminous colors, enveloped in mysterious shine: experience irresistible radiance and dive into a sea of pure sensuality - Rouge Volupté Shine is completely YSL.",24.59,1511754467,132
1743158946,Nike,"Nike Squad Crew Socks - Black, size: S",The Nike Squad Crew socks combine sweat-wicking fabric with targeted cushioning to deliver high-performance comfort during competition.,9.99,3120778611,184
1639309059,Oral B,"Electric Toothbrush Pulsonic Slim One 2900, Electric Toothbrushes, 58459422-0 white white","The Oral‑B Pulsonic Slim One is now available with 2 handles. It removes surface stains for whiter teeth in 2 weeks. Thanks to the ultra-slim, super-light handle the toothbrush sits especially well in the hand and is therefore suitable for home and travel. The elongated brush head helps remove surface stains with gentle sonic technology. You can choose between two modes for individual brushing comfort: Daily Clean and Whitening. For a cleaner smile & natural whitening! Color: white",119.99,1435573037,65
2059400301,Schmidtgard,"Panel curtain 86003-0710 wool white, voile, sheer, 245x60cm","Panel curtain 86003-0710 wool white, voile, sheer, 245x60cm",30.73,1257924385,241
3043046316,Yves Saint Laurent,Yves Saint Laurent Lip Make-up Lipstick 4g,"Protection, care, shine with a moisturizing effect, even color, long wear: Rouge Volupté Shine lets lips glow for hours in wonderfully seductive shades. Thanks to nourishing ingredients it adds volume to the lips, reveals their natural beauty and provides pure comfort; a high proportion of soft waxes protects the delicate skin of the lips from drying out. Velvety-melting textures merge with luminous colours, framed by a mysterious shine: experience irresistible radiance and dive into a sea of pure sensuality — Rouge Volupté Shine is wholly YSL.",29.59,328321615,470
4024788225,Nike,Nike Squad Crew Socks - black/white 34-38,Nike Squad Crew Socks - black/white 34-38,5.95,3120778611,184
2070908199,Hemafa,"Comfort foam mattress, 7-zone, comfort foam material »GEL STYLE 2200«, Hemafa",Comfort foam mattress: gel-style mattress with a one-sided topper for optimal PRESSURE RELIEF. Approx. 22 cm mattress height with 7 sleeping zones. Breathable cold foam - support core with a one-sided high gel-style topper. Mattress with,319.99,1334283705,62
1374712419,Beco EXCLUSIV,"Comfort foam mattress »Royal Duo KS«, 160x200x21 cm (W×L×H), 7-zone, suitable for allergy sufferers, Beco EXCLUSIV, material: comfort foam",Comfort foam mattresses: Special orthopedic mattress-core contour. Approx. 21 cm high comfort foam mattress. With 7 sleeping zones. Supports nightly spinal extension. With a soft shoulder-relief system.,359.99,1739984796,339
5155054551,Valentino,Valentino Short-Handle Swim Re Handbag - Black,Valentino Short-Handle Swim Re Handbag - Black,145.0,4293287891,417
3878815869,Nike,"Nike, Squad, Mid-Length Socks, White/Black, XL, Unisex Adult",Breathable fabric for comfort and dry skin. Cushioning in areas that are most exposed to higher stress. 88% polyester / 9% cotton / 3% spandex. Machine washable.,13.41,2761658153,275
1485299242,Bell Helme,Bell Custom 500 DLX Streak Jet Helmet - Black/Gold - L,"The Custom 500 DLX is the epitome of a classic 3/4 jet helmet. With 5 shell sizes, the Custom 500 ensures a tailored fit for every rider, no matter where your size falls on the sizing chart. The quilted, contrast-stitched soft liner is integrated into a fiberglass composite shell. Fit and finish are impeccable. With dozens of available accessories, such as visors and helmet shields, you can fully personalize your model. Enjoy the best jet helmets from the people who truly advanced protective headgear. Features Fiberglass composite shell construction Multi-density EPS liner 5 specific shell sizes for a low-profile look and individualized fit Antibacterial interior Genuine leather interior Integrated 5-snap attachment for aftermarket visors and helmet shields Padded chin strap with D-ring leather closure Industry-leading five-year warranty Also included: Bell deluxe helmet bag, dark gray 3-snap visor and black 520 helmet shield Certifications: DOT, ECE Weight: approx. 1.1 kg Download the Bell Powersports Helmets Owners Manual Note Please note that unless otherwise stated in the item description, all helmets that come standard with a visor are shipped with a clear visor, even if shown differently. Helmet shield and tinted visor INCLUDED FREE",200.78,1913248983,248
335230006514,MID.YOU,"MID.YOU CORNER SOFA Anthracite, Silver-coloured - 244x212 cm","Mid.you corner sofa, in the color anthracite, silver-coloured, made of textile. The filling consists of silicone and foam flakes. The material is 100%. The shape of the item can be mounted mirrored (reversible). The item has a size of 244x212 cm. It has the designation: Made in EU. Special features of the item are: type selection, sleeping at seat height, real back. The following are included with the purchase of this item: back cushions, storage bed box, sleeping function, storage space, sleeping surface in the original fabric.",999.0,4663839989,183
4450602322,,Graef Sliced Kitchen SKS 903 red,"Graef SKS 903 Graef all-purpose slicer SKS 903, red (Art# 1609505) 1x slicer, 1x food holder, 1x blade removal device, 1x stainless steel tray, instruction manual Prices apply when ordering from the MediaMarkt online shop!",639.0,1043146066,33
4746833482,,My Learning Memo with Raven Linus - Number Game (pack of 3),My Learning Memo with Raven Linus - Number Game (pack of 3) - packaging unit: from €8.99,7.64,3759871110,414
3528414711,Nike,"Nike Everyday Cotton Cushioned No-Show Socks 3-Pack, Size: 46-50","Moisture-wicking comfort with an improved fit! The Nike Everyday Cotton Cushioned No-Show Socks 3-pack with moisture-wicking technology provide moisture regulation and great wearing comfort. The elastane support is twice as thick as previous versions and offers an improved fit. Nike provides the matching accessories for your shoes. Features: The delivery includes 3 pairs of socks in white Material: 75% cotton / 23% polyester / 1% elastane / 1% nylon No-show length - liner: Very short sock for sneakers. Suitable in summer with a skirt or shorts, as the socks are almost invisible under the shoes The Dri-FIT material ensures dry comfort Optimized toe seams prevent distractions and chafing Simple brand recognition through an intarsia Swoosh",8.36,2487402853,499
2147107185,,Goodyear Eagle F1 Supersport R 275/25 R21 92Y Summer Tire ID090409,Goodyear Eagle F1 Supersport R 275/25 R21 92Y Summer Tire ID090409,463.92,1626693599,206
2169788953,"Bibliographisches Institut, Berlin / Duden",My Learning Memo with Raven Linus - Number Game,"Manufacturer: Bibliographisches Institut, Berlin / Duden",5.89,2996525770,179
2071892335,YVES SAINT LAURENT,"Yves Saint Laurent Rouge Volupté Shine No. 46 Orange Perfecto Lipstick, Manufacturer color: 46 Orange Perfecto",Lipstick | Color: 46 Orange Perfecto | Shade: Orange | Finish: Glossy | Content: 4.5 ml,33.5,803771084,264
1711804257,Home Wohnideen,"HOME WOHNIDEEN Sliding panel curtain BENARI, HxW: 245x60, incl. mounting accessories, green, living room curtains, curtains by room, drapes, curtain","This sliding panel curtain with the digital photo print ""BENARI"" creates a great effect at your windows thanks to the photorealistic motif. The panel was digitally printed, showing brilliant color on the dense decorative fabric with a silk-look and subtle effects. The sides were cut using a special laser technique. Includes panel carriers with rollers and x-gliders for all common curtain tracks. The high-quality aluminum clamping strip allows you to shorten the panel curtain to any desired height. Material: 100% polyester. This sliding panel curtain can be very well combined with other sliding panels.",45.99,1285123046,100
3455616150,Home Fashion,"Home Fashion OPALIA, polyester, turquoise, 245x60 cm","Photorealistic print thanks to a digital printing process. Opaque fabric keeps unwanted views out. Hanging using the included panel carrier, incl. rollers and X-gliders (also for ""IKEA"" curtain rails). Includes a high-quality aluminum clamp bar - fabric can be cut to any desired height. Ideal for combining with additional sliding panels - includes assembly instructions.",36.9,1538167624,75
1434307123,Beco,"Comfort foam mattress »Royal Duo KS«, Beco, 21 cm high, foam density: 30, orthopedic mattress core contour, white, 160 cm x 200 cm x 21 cm 160 cm x 200 cm x 21 cm","Beco: The comfort foam mattress “Royal Duo KS” from BeCo is approx. 21 cm high, has 7 sleeping zones and is highly point-elastic, dimensionally stable and breathable. All firmness levels H2, H3 and H4 = 1 price. It features a special orthopedic mattress core contour that supports nighttime spinal elongation and intervertebral disc regeneration. In addition, the mattress has a soft shoulder relief system. The skin-friendly, functional and elastic double-cloth cover (100% polyester) is quilted with a breathable climate fibre (100% polyester). The cover has a 4-sided zipper, is divisible, removable and washable up to 60 °C. Ideal for pet-hair allergy sufferers. The open-pored materials ensure a good sleeping climate. Made in Germany.",293.99,1739984796,339
1375092751,Beco,Comfort foam mattress Royal Duo KS Beco 21 cm high,"The comfort foam mattress ""Royal Duo KS"" from BeCo is approximately 21 cm high, has 7 sleeping zones and is extremely point-elastic, dimensionally stable and breathable. All firmness levels H2, H3 and H4 = 1 price. It features a special orthopedic mattress-core contour that supports nighttime spinal extension and intervertebral disc regeneration. In addition, the mattress has a soft shoulder relief system. The skin-friendly, functional and elastic double-cloth cover (100% polyester) is quilted with a breathable climate fiber (100% polyester). The cover has a 4-sided zipper, is detachable, removable and washable up to 60 °C. Ideal for pet hair allergy sufferers. The open-pored materials ensure a good sleeping climate. Made in Germany. Color: white Size: 1x 140x200 cm",249.99,1739985306,2
4999205013,Birkenstock Professional,"Clog ""Boston ESD"", size 38, black, shoes, 19434861-38","Birkenstock Professional clog ""Boston ESD"", Birkenstock Professional, shoes",99.99,3631090120,149
1701333916,BeCo,"Comfort foam mattress, 101-120 kg, 7 zones, 1x 140x200 cm, ""Royal Duo KS"", BeCo",1x 140x200 cm. Special orthopedic mattress core contour. Approx. 21 cm high comfort foam mattress. With 7 lying zones. Supports nighttime spinal extension. With soft shoulder relief.,299.99,1739985306,2
3475253392,BeCo,Beco comfort foam mattresses »Wellness Deluxe«,"*rated ""GOOD"" by TÜV SÜD (the size 90/200 cm in firmness grade 2 was tested with certificate no. Z2 12 11 21620 088). ""Customers rated"" with overall grade: 1.1 (tested in Nov–Dec 2014)",287.99,1285950280,36
2074389938,Graef,"Graef SKS903EU all-purpose slicer, anodized aluminum - red, color: red",All-purpose slicer | Cantilever construction | 185 watts | Slice thickness: up to 15 mm | Smooth 19 cm solid steel blade,637.17,1043146066,33
5140039711,Valentino,VALENTINO Swim Re Tote M Black,This VALENTINO bag is ideal for everyday use or a shopping trip! The shoulder bag offers interior space for the things you need throughout the day and a little more. With this bag you simply can't go wrong and you'll be on-trend! Dimensions: 28 x 24 x 14 cm,132.88,4293287891,417
8431816618,Kneer,Kneer Q93 Exclusive-Stretch Fitted Sheet 180x200 - 200x220 82 Black,"Fitted sheet Kneer Q93 - Only the best of the best The Q93 fitted sheet from Kneer is one of the most exclusive fitted sheets available on the market. Thanks to the particularly fine right/left knit, it is especially soft and form-fitting. The high weight of approx. 260g...",114.95,1324747283,427
3798427322,BIRKENSTOCK,"Birkenstock ""Birkenstock Boston ESD mule blue narrow"" sandal 40","Size, 40, Color, blue, Upper material, leather, Style, casual, Toe shape, round, Insole material, cork, latex",101.99,1913270470,150
2057152058,BABOR,BABOR Age ID Glossy Lipstick 4 g No. 08 - Soft Rose,The women's perfume from BABOR is available as a lipstick in the size 4g in the online shop. The fragrance direction of the BABOR Age ID perfume can be described as . The BABOR women's scent has the top notes . The lipstick in the size 4g has the heart notes . The base notes of Gucci Guilty are . The product colors of the BABOR perfume are No. 08 - Soft Rose. The base price of the BABOR perfume in the size 4g is 52.38 EUR / 10g,20.95,845830827,133
1567854903,Yves Saint Laurent,Yves Saint Laurent Rouge Volupté Shine Oil-In-Stick hydrating lipstick shade 104 Corail 3.2 g,"Yves Saint Laurent Rouge Volupté Shine Oil-In-Stick, 3.2 g, lipstick for women. The Yves Saint Laurent Rouge Volupté Shine Oil-In-Stick lipstick enhances the beauty of your lips and skillfully highlights daytime or evening makeup. Features: long-lasting effect, gives lips shine, moisturizes and cares for the lips, with a satin finish. Application: Gently apply the lipstick from the center of the lips to the outer edges.",28.5,1933257945,451
1410058006,Bell Helme,BELL HELMET CUSTOM 500 DLX STREAK GLOSS BLACK/GOLD M,Packaging dimensions (L x W x H): 35.0 cm x 40.0 cm x 35.0 cm Packaging weight: 1.5 kg Material: fiberglass Color: Black/Gold,199.77,1913248983,248
4310081745,biederlack,"biederlack throw, cotton blend, 220 x 240 cm, Camel","Soft and cuddly with fine velour edging Uno Cotton. Easy-care, machine washable at 30 °C. Made in Germany",65.0,1377073738,175
1639794733,Beco EXCLUSIV,"Comfort foam mattress ""Wellness Deluxe"", 100x200x27 cm (W×L×H), H2, 7-zone, suitable for allergy sufferers, Beco EXCLUSIV, material: comfort foam","*rated ""GOOD"" by TÜV SÜD (the size 90/200 cm in firmness grade 2 was tested with certificate no. Z2 12 11 21620 088). ""Customers rated"" with overall grade: 1.1 (tested in Nov.-Dec. 2014",299.99,1285950280,36
4796107660,ED EXCITING DESIGN,"ED EXCITING DESIGN Corner sofa Pamplona L-shape, with bed function, storage compartment, back and decorative cushions, free-standing gray","Features & functions Seating arrangement variant, Ottoman can be mounted on either side, Type of padding, wave spring suspension, Type of back cushions, loose, Features, storage compartment, back cushions, decorative cushions, extendable sleeping surface, Type of storage, storage compartment, Number of seats, 3, Dimensions Width, 244 cm, Depth, 212 cm, Height, 91 cm, Seat height, 46 cm, Seat width, 210 cm, Seat depth, 85 cm, Ottoman depth, 212 cm, Sleeping surface width, 152 cm, Sleeping surface length, 210 cm, Weight, 128 kg, Note on dimensions, All information are approximate measurements., Material Cover, woven fabric, Backrest cover, woven fabric, Decorative cushion cover, microvelour, Pilling tendency of cover, 4 (low), Frame material, wood-based panel, Leg material, plastic, Material note, Back: original upholstery quality, Material composition information, 100% polyester, Martindale abrasion resistance of cover, 190000 rubs, Color Color, gray/Denver 16 silver/decorative cushions Lapit 16 anthracite, Delivery & assembly Assembly information, including assembly instructions - a second person is recommended for assembly, Delivery condition, disassembled, Additional information Additional information, incl. 2 decorative cushions (Lapit) incl. 8 back cushions (Denver) incl. storage compartment incl. sleeping function universally configurable,",1199.99,4663839989,183
2070627808,RAUCH,rauch wardrobe »Rasa« beige 168 cm x 188 cm x 52 cm,"Product details Brand information , rauch BLUE – FURNITURE. SIMPLY GOOD.: Here you will find functional, well-thought-out and sustainable furniture ""Made in Germany"". The rauch BLUE brand combines reliable quality with a top price-performance ratio., Color Color , light structured oak color/white, Handle color , aluminum color, Certificates Quality seal , The ""Golden M"", Quality seal of the DGM, Features & functions Number of shelves , 2, Number of clothes rails , 1, Number of large drawers , 4, Number of doors , 4 pcs., Type of handles , handle strip, Type of doors , mirrored hinged doors, Dimensions Width , 168 cm, Depth , 52 cm, Height , 188 cm, Inner drawer width , 78 cm, Inner drawer depth , 34 cm, Inner drawer height , 6.5 cm, Note on dimensions , All dimensions are approximate., Material Drawer runner material , plastic, Clothes rail material , metal, Handle material , plastic, Fitting material , metal, General Finish , with mirror, Delivery & assembly Scope of delivery , assembly instructions, Notes Note on accessories , Shelves art. no. 862919 Wardrobe lighting art. no. 61256024 Hook rail art. no. 41396010 Trouser holder art. no. 74171859 Tie holder art. no. 28858131, Additional information Additional information , Interior decor in a light linen look. Can only be assembled lying down!,",409.99,3679028029,501
2056478070,RAUCH,rauch wardrobe »Rasa« beige 85 cm x 188 cm x 52 cm,"Product details Brand information , rauch BLUE – FURNITURE. SIMPLY GOOD.: Here you will find functional, well thought-out and sustainable furniture ""Made in Germany"". The rauch BLUE brand combines reliable quality with a top price-performance ratio., Color Color , light structured oak color, Handle color , aluminum-colored, Notes Quality seals , The ""Golden M"", quality seal of the DGM, Features & functions Number of shelves , 1, Number of clothes rails , 1, Number of drawers , 2 pcs., Number of large drawers , 2, Number of doors , 2 pcs., Type of handles , handle strip, Type of doors , mirrored doors, Dimensions Width , 85 cm, Depth , 52 cm, Height , 188 cm, Drawer internal width , 78 cm, Drawer internal depth , 34 cm, Drawer internal height , 6.5 cm, Note on dimensions , All dimensions are approximate., Material Drawer runner material , plastic, Clothes rail material , metal, Handle material , plastic, Fitting material , metal, General Design , with mirror, Delivery & assembly Scope of delivery , assembly instructions, Notes Accessory note , Shelves item no. 862919 Wardrobe lighting item no. 61256024 Hook rail item no. 41396010 Trouser holder item no. 74171859 Tie holder item no. 28858131, Additional information Additional information , Interior decor in light linen look. Can only be assembled lying down!,",230.99,3679060134,502
2078774568,Hn8 Schlafsysteme,"Cold foam mattress 'Royal Visco 26', Hn8 Schlafsysteme, 26 cm high, great value for money 80 cm x 200 cm x 26 cm","Details Number of sleeping zones , 7, Firmness , 4, Body weight from , 101 kg, Body weight up to , 120 kg, Features & functions Allergy information , Suitable for house dust allergy sufferers, Properties Mattress , not usable as a flippable mattress, Properties Mattress cover , removable with zipper, dividable, Dimensions & weight Width , 80 cm, Length , 200 cm, Height , 26 cm, Cover Type Cover , Polyester cover, Material composition , Cover: 67% Polyester, 32% Viscose, 1% Elastane, Care instructions , 60°C machine wash, Core construction Core construction , Visco foam (no cuts, 4 cm high, 50 kg/m3), Cold foam (vertical cuts, 20 cm high, 35 kg/m3), Scope of delivery Number of pieces , 1 pc., Delivery , original dimensions, Dispatch , This item is deliberately packaged with reduced volume to protect the environment and is delivered folded and rolled for easy handling. The mattress needs about 24 hours to fully expand., Ordering notes Visco-elastic foams , With visco-elastic foams, heat plays a very large role - the memory effect depends on room temperature. A room temperature of at least 15 °C in the sleeping area is therefore recommended for visco-elastic mattresses. At first the surface therefore feels firmer at cold room temperatures - please do not think that the mattress has suddenly changed its firmness. If it is colder, it takes correspondingly longer. The warmer it is, the faster the mattress adapts to the body.",236.59,3167913247,511
4643718292,RAUCH,"Wardrobe RAUCH ""Rasa"" Cabinets W/H/D: 85 cm x 188 cm x 52 cm, with mirror, 2, brown hinged-door wardrobe wardrobe wardrobes cabinets","A noble eye-catcher for the bedroom: This wardrobe from rauch offers an intelligent solution for clothes and much more. The pleasant surface transforms the room into an oasis of calm - all available color variants represent an elegant and relaxing atmosphere. Surely there is the right model for every taste. Details like the metal-colored handles reflect a refined ambiance and beautify the room. The various widths are ideal for adapting the wardrobe unit to different room lengths. The wardrobe from rauch is available with or without a mirror, depending on personal preference. The intelligent interior layout and the drawers promote a well-organized overview of your clothes.",219.99,3679060134,502
4200577198,Hn8 Schlafsysteme,"Hn8 Sleep Systems 7-Zone Geltouch Mattress ""XXL Gelstar KS"" (120 x 200 cm, H2)","Hn8 Sleep Systems 7-Zone Cold Foam Mattress »XXL Gelstar KS«  The 7-zone cold foam mattress »XXL Gelstar KS« stands for healthy ergonomics and maximum sleeping comfort. Restful nights are ensured by the reversible 5 cm high Geltouch foam toppers divided into 7 zones and the 7-zone Waterpur® core with high long-term durability.  Optimal body conformity from the first minute  As soon as you lie down on the »XXL Gelstar KS«, it adapts perfectly to your body. Responsible for this are the 5 cm high Geltouch foam covers divided into 7 zones. These are gel-foam toppers located in the mattress made of gently supportive foam that adapt to your individual sleeping position.  7-zone Waterpur® cold foam core provides excellent body support  The »XXL Gelstar KS« mattress is equipped with the innovative 7-zone Waterpur® cold foam core. The Waterpur core ensures high point elasticity and long-term elasticity and supports the body overnight at the most important areas. This ensures that the entire musculature relaxes during sleep and the spine can regenerate optimally.  Climate management - good sleeping climate thanks to innovative cutting technique and high-quality mattress cover  The 7-zone Waterpur® cold foam core not only supports your body optimally during sleep, it also provides a pleasant sleeping climate. The open-pored and breathable foam qualities used ensure perfect ventilation so you can sleep calmly all night.       Features   	 Optimal body support for all sleeping positions thanks to 7-zone Waterpur® cold foam core with high foam density 	 Gentle body conformity and pressure distribution due to reversible 7-zone Geltouch foam toppers 	 Double-cloth cover with 3D climate band and central zipper for improved sleeping climate and optimal hygiene 	 High proportion of viscose and elastane in the cover for better moisture regulation and improved body conformity thanks to the elastane (stretch cover) 	 More hygiene through easy removal and washing of the cover up to 60 °C 	 Available in firmness levels H2, H3 and H4      Product details of the 7-zone cold foam mattress »XXL Gelstar KS« at a glance    li:nth-child(even) { background-color: #F2F3F4; }.attributes > li { padding-left: 15px !important; box-sizing: border-box; }-->     	  Core type:    Cold foam   	  Core construction:    5 cm 7-zone Geltouch foam topper, 12 cm 7-zone Waterpur cold foam, 5 cm 7-zone Geltouch foam topper  	  Core height:   approx. 22 cm  	  Foam density:    Geltouch foam topper: 40 kg/m3; Waterpur core: 35 kg/m3   	  Cover material:   Outer cover: 65% polyester, 34% viscose, 1% elastane; Quilting fill: 100% polyester; Inner cover: 100% polypropylene  	  Sizes:    90 x 190 cm, 80 x 200 cm, 90 x 200 cm, 100 x 200 cm, 120 x 200 cm, 140 x 200 cm, 160 x 200 cm, 180 x 200 cm  	  Total height:    approx. 25 cm   	  Size and weight:    approx. 90 x 190 cm – 18 kg, 80 x 200 cm – 18 kg, 90 x 200 cm – 17 kg, 100 x 200 cm – 19 kg, 120 x 200 cm - 21 kg, 140 x 200 cm – 25 kg, 160 x 200 cm – 28 kg, 180 x 200 cm – 32 kg  	  Firmness:    H2, H3, H4   	  Firmness recommendation:    Firmness H2 (medium): approx. 45 - 80 kg, Firmness H3 (firm): approx. 75 - 95 kg, Firmness H4 (very firm): approx. 90 - 120 kg   	  Removable cover:    yes   	  Type of zipper:    Central zipper   	  Turning handles:    yes   	  Care instructions:    Cover removable and washable up to 60 °C   	  Trial sleep:    90 days for mattresses ordered online from receipt of goods",412.99,4328893999,512
4256622048,VelvetTrading,Rug Sundae 69 - Width: 200 cm Length: 450 cm - Beige - Plastic,Rug | Sundae | Beige 69 | Width: 200 cm Length: 450 cm,130.99,3697771068,513
6015919609,RAUCH,"Wardrobe RAUCH ""Rasa"" Cabinets W/H/D: 85 cm x 188 cm x 52 cm, with mirror, 2 pcs, beige hinged-door wardrobe wardrobes cabinets","A classy eye-catcher for the bedroom: This wardrobe from rauch offers an intelligent solution for clothes and much more. The pleasant surface transforms the room into an oasis of calm - all available color variants convey an elegant and relaxing atmosphere. Surely there is the right model for every taste. Details such as the metallic-coloured handles reflect a refined ambience and beautify the room. The various widths are ideal for adapting the wardrobe to different room lengths. Depending on personal preference, the rauch wardrobe is available with or without a mirror. The intelligent interior layout and the drawers support a well-organized overview of clothing.",219.99,3679029688,516
1639219119,RAUCH,"Wardrobe »Noosa«, with mirror and drawers, white, wardrobes, 335224-0 W/H/D: 168 cm x 188 cm x 52 cm","The modern wardrobe from the manufacturer rauch allows any youth bedroom to be tastefully furnished or to complement an existing furniture range. This attractive wardrobe integrates beautifully and stands out with its colored accents on the drawers. Depending on the room size and personal preference, the wardrobe can be ordered in various widths and with one or two mirrors on the door.",356.99,1722402917,521
2296574953,RAUCH,"Wardrobe »Rasa«, beige, cabinets, 838052-0 W/H/D: 85 cm x 188 cm x 52 cm","A sophisticated focal point for the bedroom: this wardrobe from rauch offers an intelligent solution for clothes and much more. The pleasant surface transforms the room into an oasis of calm — all available colour variants convey an elegant and relaxing atmosphere. Surely there is the right model for every taste. Details such as the metal-coloured handles reflect a refined ambience and beautify the room. The various widths are ideal for adapting the wardrobe system to different room lengths. Depending on personal preference, the rauch wardrobe is available with or without a mirror. The intelligent interior layout and the drawers help to keep clothing well organised.",230.99,3679029688,516
4232666143,Floordirekt,Floordirekt Carpet Runner Sundae 24520 Beige Rectangular 500 mm x 2000 mm,Floordirekt Sundae Beige carpet runner,27.36,3698017610,532
1537709311,Blackline 2.0,Blackline 2.0 Honest Whey+ 1000g (Flavor: Vanilla Ice Cream),"Honest Whey+ 1000g Chocolate Cream consists of the following ingredients: whey protein concentrate (contains emulsifier soy lecithin) 81.8%, whey protein isolate (contains emulsifier soy lecithin) 12.5%, flavoring, highly-deodorized cocoa powder, sweeteners sucralose; acesulfame K. Allergen information for Honest Whey+ 1000g Chocolate Cream: soy, milk. May contain traces of: gluten, crustaceans, egg. Nutritional and active ingredient information: Nutrition per 100g / Per serving (30.00g) Energy kcal 397 kcal / 119 kcal Energy kJ 1662 kJ / 498 kJ Fat 7.50 g / 2.25 g Saturated fatty acids 5.40 g / 1.62 g Carbohydrates 5.00 g / 1.50 g Sugars 2.70 g / 0.81 g Fiber 0.96 g / 0.29 g Protein 77.40 g / 23.22 g Salt 0.43 g / 0.13 g",22.9,1237828102,534
4209814745,BlackLine 2,"BlackLine 2.0 Honest Whey+, 1000 g Bag, Hazelnut","BlackLine 2.0 Honest Whey+, 1000 g Bag, Hazelnut",35.17,1237827995,535
202363939789,Hn8 Schlafsysteme,"Cold foam mattress »XXL Gelstar KS«, 25 cm high, foam density: 38 kg/m3, (1 pc, 1-piece), white, 41645739-2 W/H/L: 120 cm x 25 cm x 200 cm","XXL GELSTAR T KS - the right mattress for a restful night. Hn8 Schlafsysteme - for the best sleep. On a mattress from Hn8 Schlafsysteme you can dream, doze, relax and reflect. Nowhere does a person free themselves from stress better than on a mattress that simply fits. Therefore a mattress from Hn8 Schlafsysteme is not just a piece of furniture, but a personal place of well-being to forget everyday life and come to yourself. The vision of Schwarzwald Schlafsysteme GmbH drives the successful brand, which stands for sustainably developed mattresses of the highest quality ""Made in Germany"". Restful nights with the XXL Gelstar series After a long development period, a new mattress was designed that, according to the latest findings, optimally fulfills all important factors for good sleep. Body support: To support the back even better, a 7-zone Waterpur cold foam core with innovative cutting technique in the shoulder and pelvic zones has been used as the inner core. The 12 cm high 7-zone Waterpur cold foam core supports in the right places and thus prevents excessive sinking of the body contours, which can often cause severe back pain. Pressure relief: The double-sided, 5 cm high gel foam cover with high foam density and special zone structuring ensures excellent body conformity and pressure relief for the spine and joints. The gel foam cover combines the excellent properties of visco and cold foam to provide body-appropriate sleeping comfort. Sleeping climate: Due to the open-pored cell structure of the inner core and the gel foam cover, the model is breathable. In combination with the exclusive double-cloth cover containing viscose and elastane, including high-quality climate wadding and 3D climate band, the XXL Gelstar KS also offers very good moisture regulation and is therefore also ideal for people who sweat heavily. Mattress hygiene: The viscose (also called rayon) content in the exclusive double-cloth cover is responsible for the cover feeling pleasantly soft and having high absorbency. The elastane content optimizes the body conformity to your body contours and ensures high stretchability. Easy handling: The mattress can be easily turned using 4 sturdy handles. The cover has a 4-sided zipper and is therefore removable, separable and washable up to 40 °C. The core height is 22 cm. The total height is approx. 24-25 cm.",509.99,4328893999,512
4944579314,RAUCH,"Rauch Möbel Rasant, wardrobe with hinged doors and mirror including 2 drawers, 3-door, basic accessory package 3 shelves, 1 clothes rail, Sonoma oak, 52 x 127 x 188 cm","Clean-lined and unobtrusive, the Rasant hinged-door wardrobe provides practical storage space. The overall timeless and understated look is accented with functional aluminum-colored handles. Rasant is therefore a real storage partner, anywhere and anytime – in the bedroom, guest room, child’s room, hallway, cellar, ... Behind the wardrobe’s three hinged doors (W x H x D 127 x 188 x 52 cm) there is ample space to store clothing efficiently – hanging or folded. In the two drawers integrated into the wardrobe front, laundry, socks and the like can be neatly stored. The interior of the wardrobe is divided into two compartments, measuring 40 cm and 85 cm. By default, the wider compartment is equipped with a clothes rail, while the smaller compartment has three shelves. The standard interior fittings of the wardrobe can be adjusted in height. Optionally, the interior can be expanded with suitable accessories. The wardrobe with hinged doors is a true classic and particularly flexible. This door type is especially convenient when moving house. Another plus: when all doors are opened, you can see the entire contents of the wardrobe, providing a complete overview of clothing, T-shirts and accessories. Scope of delivery: wardrobe with 3 hinged doors, 2 mirrors and 2 drawers – color Sonoma oak – material engineered wood – dimensions W x H x D 127 x 188 x 52 cm – 1 clothes rail (85 cm), 3 shelves (40 cm) – delivered flat-packed – easy assembly with detailed instructions. This product is packed in two or more boxes. You may receive them on different days.",352.931092437,3679027184,548
3487828521,TOM TAILOR,"Bedded Alisa, TOM TAILOR, with additional cushion 40x40 cm brown 1 pc x 155 cm x 200 cm","General Number of pieces , 3 pcs., Number of duvet covers , 1 pc., Number of pillowcases , 1 pc., Dimensions Width duvet cover , 155 cm, Length duvet cover , 200 cm, Width pillowcase , 80 cm, Length pillowcase , 80 cm, Width pillowcase 2 , 40 cm, Length pillowcase 2 , 40 cm, Look/Style Color , terra, Appearance pillowcase , plain, Appearance duvet cover , plain, Trim , turn hem, Manufacturer color name , terra, Closure Closure pillowcase , buttons, Closure pillowcase details , visible button placket, Closure duvet cover , buttons, Closure duvet cover details , visible button placket, Material Material type , linen, Material composition , Cover: 70% cotton, 30% linen, Fabric weight , 125 g/m2, Organic cotton , certified organic cotton, Care instructions Care instructions , 60°C machine wash tumble dryer safe, Notes Notes pillowcase , The design of the pillowcase may differ from the illustration., Color notes , Please note that the colors on your monitor may differ from the original shades.",99.99,2575855204,555
3289002540,TOM TAILOR,TOM TAILOR 0500500 bedding set with pillowcase Linen Natural Colors 1x 155x200 cm + 1x 80x80 cm + 1x 40x40 cm terra,"TOM TAILOR 0500500 bedding set with pillowcase Linen Natural Colors 1x 155x200 cm + 1x 80x80 cm + 1x 40x40 cm, terra, linen, 70% cotton, 30% linen, 125 g/m², button closure, washable up to 60°C, tumble dryer safe, zipper finish, skin-friendly, breathable and hard-wearing, brand quality from TOM TAILOR, ecologically harmless (Oeko-Tex Standard 100)",99.99,2575855204,555
3289002505,TOM TAILOR,TOM TAILOR 0500500 bedding set with pillowcase linen Natural Colors 1x 155x220 cm + 1x 80x80 cm + 1x 40x40 cm wintergreen,"TOM TAILOR 0500500 bedding set with pillowcase linen Natural Colors 1x 155x220 cm + 1x 80x80 cm + 1x 40x40 cm, wintergreen Linen, 70% cotton, 30% linen, 125 g/m2, button closure, washable up to 60°C, tumble-dryer suitable, zipper finish, skin-friendly, breathable and hard-wearing Brand quality from TOM TAILOR, ecologically harmless (OEKO-TEX Standard 100)",109.99,2575854780,561
29608029868,DEKOWE,"Sisal rug »Mara S2 with special border«, rectangular, 100% sisal, also as runner, living room, 89882935-0 black 5 mm","With this high-quality and hard-wearing sisal rug you bring a piece of nature into your home. The rug, made from 100% sisal, impresses with its natural character and timeless design. Thanks to the many colors and sizes, you can easily coordinate this rug with your furnishings. It suits any interior style—whether kitchen, hallway or living room—this rug fills your home with cozy elegance and comfort. Due to its moisture-regulating property, this rug helps to improve the indoor climate. The slightly heathered and glossy colors demonstrate the authenticity and purity of this natural product. The sisal rug is fully edged with an easy-care polyester border and comes with a non-slip backing. We recommend using a rug pad to provide lasting protection for even high-quality subfloors.",179.99,4380734762,562
3347114660,DR. MARTENS,DR. MARTENS 2976 Vegan Chelsea Boots in vegan construction black 45,"Size , 45, Size system , EU sizes, Heel height , In size 37 approx. 3 cm, Color , black, Upper material , faux leather, Lining , synthetic, Style , classic, Special features , vegan construction, Closure , stretch insert, Heel type , block heel, Toe shape , round, Insole material , synthetic, Cushioning technologies , air-cushion sole, Outsole material , rubber, Outsole properties , petrol-resistant, grease-resistant, alkali-resistant, oil-resistant, acid-resistant, Outsole profile , profiled, Shoe width , normal,",189.0,3072721304,585
18468188878,Hn8 Schlafsysteme,"Cold-foam mattress HN8 SCHLAFSYSTEME ""Royal Visco 26"" Mattress Size 3 (81 kg - 100 kg), W/H/L: 180 cm x 26 cm x 200 cm, Polyester cover, Top material: viscose-polyester-elastane, Bottom material: polyester, 1 pc., white, Hypoallergenic mattress, Great value for money","The 7-zone visco cold-foam mattress with a 20 cm high, open-pored and breathable Waterpur cold-foam core in high density (RG 40) ensures excellent long-term elasticity and provides optimal body support. The 4 cm high visco foam topper on the top in high density (RG 50) offers unique contouring to the body and spinal pressure relief, thus providing excellent lying comfort. The high-quality double-cloth stretch cover is unquilted on the top (viscose side), allowing the mattress to adapt even better to body contours. On the underside the cover is quilted with breathable climate wadding to ensure improved moisture regulation. Splittable with a 4-sided zipper, removable and washable up to 60 °C. Strong frame adjustment of the mattress is possible, making this mattress also highly recommended for avid readers. Regular turning prolongs the mattress life and preserves sleeping comfort.",500.29,3167913185,587
2338916683,#sinob,sinob Honest Whey Protein Powder (Apple Strudel) 1 x 1000 g. 12.5% Isolate Content. Instant Soluble Protein Powder with BCAA & EAA,"TASTE EXPLOSION – We bring enjoyment into your life with our whey protein. Whether you prefer vanilla protein powder or chocolate whey protein, we offer over 20 different protein powder flavors. Bring your protein powder home! PERFECT AMINO ACID PROFILE – Our protein powder contains all 8 EAAs in an optimal composition to stimulate muscle protein synthesis. Try it now! GREAT SOLUBILITY – Honest Whey+ dissolves extremely well in water or milk, in a blender or shaker, and of course without clumping. Lumps are a thing of the past — test our protein powder now! HIGH-QUALITY PROTEIN SOURCE – High-quality whey protein concentrate plus 12.5% whey protein isolate, all essential amino acids (EAA) and rich in BCAAs. Use an optimal protein source for your ideal nutrient supply and recovery! 100% PREMIUM QUALITY – Honest Whey uses only Volac protein and is produced, tested and filled in Germany according to the strictest quality standards DIN EN ISO 13485:2016, IFS FOOD and GMP. Honest Whey+ stands for top quality according to the highest standards.",29.99,1237828643,592
4643943359,RAUCH,"Wardrobe RAUCH ""Rasa"" Wardrobes W/H/D: 168 cm x 188 cm x 52 cm, with mirror, 4, white hinged-door wardrobe wardrobe wardrobes cabinets","A refined eye-catcher for the bedroom: this wardrobe from rauch offers an intelligent solution for clothes and much more. The pleasant surface transforms the room into an oasis of calm — all available color variants convey an elegant and relaxing atmosphere. Surely there is the right model for every taste. Details such as the metal-colored handles reflect a noble ambience and enhance the room. The various widths are ideal for adapting the wardrobe unit to different room lengths. Depending on personal preference, the rauch wardrobe is available with or without a mirror. The clever interior layout and the drawers promote a well-organized overview of your clothes.",389.99,3679028029,501
2296451977,RAUCH,"Wardrobe »Rasa«, brown, wardrobes, 227015-0 W/H/D: 127 cm x 188 cm x 52 cm","A refined eye-catcher for the bedroom: this wardrobe from rauch offers an intelligent solution for clothes and much more. The pleasant surface transforms the room into an oasis of calm — all available colour variants convey an elegant and relaxing atmosphere. There is sure to be a model to suit every taste. Details like the metal-coloured handles reflect a sophisticated ambience and enhance the room. The various widths are ideal for adapting the wardrobe unit to different room lengths. Depending on personal preference, the rauch wardrobe is available with or without a mirror. The smart interior layout and the drawers support a well-organized overview of your clothing.",299.99,3679027184,548
2122362220,Maier Sports,"Maier Sports Women Metor W Functional Jacket, Black (Black), 42","THE PRACTICAL PACKAWAY JACKET for outdoor and leisure, can be quickly and easily packed away into itself to save space. Thanks to its small packed size this jacket is a constant companion. WITH THE HIGHLY BREATHABLE membrane the versatile jacket is wind- and waterproof. Benefit from first-class weather protection and an unbeatable price-performance ratio. THE DETACHABLE HOOD can be easily removed and reattached thanks to the zipper. In addition, the mesh lining with AGION ACTIVE stays fresh at all times. THE HIGH-QUALITY METOR W JACKET combines functionality with modern design made from durable textile and can be effortlessly mixed and matched with other Maier Sports garments. THANKS TO THE PERFECT FIT AND THE COMPREHENSIVE SIZE RANGE of 23 women's sizes, everyone can find their favorite piece here.",111.99,1716139242,605
4316999113,Maier Sports,Maier Sports Functional Jacket Liland P3 W Technical 3-layer Jacket for versatile outdoor activities blue 42,"Size , 42, Size type , Regular sizes, Material composition , 65% Polyester (recycled), 35% Polyester, Care instructions , Machine wash, Color , dark blue, Special features , Technical 3-layer jacket for versatile outdoor activities,",299.95,3407235008,612
2068602973,Hn8 Schlafsysteme,"Cold foam mattress »Royal Visco 26«, Hn8 Schlafsysteme, 26 cm high, great value for money 180 cm x 200 cm x 26 cm","Details Number of sleeping zones , 7, Firmness level , 3, Body weight from , 81 kg, Body weight up to , 100 kg, Number of mattress cores , 1, Features & functions Allergy information , Suitable for house dust allergy sufferers, Mattress properties , not usable as a reversible mattress, Mattress cover properties , removable with zipper, separable, Dimensions & weight Width , 180 cm, Length , 200 cm, Height , 26 cm, Cover Type of cover , Polyester cover, Material composition , Cover: 67% polyester, 32% viscose, 1% elastane, Care instructions , 60°C machine wash, Core construction Core construction , Visco foam (no cuts, 4 cm high, 50 kg/m3), Cold foam (vertical cuts, 20 cm high, 35 kg/m3), Scope of delivery Number of parts , 1 pc., Delivery , Original dimensions, Dispatch , This item is intentionally packaged with reduced volume to protect the environment and is delivered folded and rolled for easy handling. The mattress needs about 24 hours to fully expand., Ordering notes Visco-elastic foams , With visco-elastic foams, heat plays a very large role - the memory effect depends on room temperature. A room temperature of at least 15 °C in the sleeping area is therefore recommended for visco-elastic mattresses. At first, the surface will therefore feel firmer at cold room temperatures - please do not assume that the mattress has suddenly changed in firmness. If it is colder, it takes correspondingly longer. The warmer it is, the faster the mattress adapts to the body.",500.29,3167913185,587
4259429802,Maier Sports,Maier Sports Outdoor Jacket Metor Therm Women 1487 36,"If you enjoy fresh air and crisp temperatures while hiking, the Metor Therm W delivers an all-round excellent hiking experience. Thanks to its light insulation, this outdoor jacket is an ideal weather protection for cooler temperatures in autumn and winter. Despite the warming mTHERM insulation, the jacket remains breathable during activity and keeps you dry inside and out with its mTEX-10,000 weather protection, providing a light, airy wearing feel in any situation. When not in use, the jacket can be packed into itself and stowed easily in your backpack. Adjustable sleeve cuffs and a hem with width adjustment adapt to your needs, clothing layers and current weather conditions. The foldable hood stores compactly in the collar but can also be completely removed. With two spacious inner pockets you have everything important close at hand and can start the cool season prepared and motivated. Key features at a glance:  Waterproof rating 10000 mm; breathable; windproof; hood (adjustable). Product details: Designed for: Women. Ideal for: Hiking, travel, everyday. Hood: adjustable. Waterproof rating: 10000 mm. Fit: regular fit. Features: Breathable, waterproof, water-repellent, versatile packaway outdoor jacket for leisure; waterproof and breathable mTEX-10,000 weather protection; soft mTHERM-light insulation with high loft; packable into itself thanks to practical packaway function; eco-friendly impregnation – free from PFCs. mTEX 10,000: breathable, waterproof and windproof. mTHERM light: light insulation with strong heat retention. Jacket packable into itself. Individually adjustable sleeve cuffs. Adjustable hem. 2 spacious inner pockets. 2 roomy pockets with zippers. Adjustable and removable hood, stowable in the collar. Water-repellent, PFC-free impregnation protects the environment. Materials: Outer material primary: 100% polyester. Outer material secondary: 100% polyester. Lining: 100% polyamide. Technologies and manufacturing processes: mTEX 10,000 — If you like being active outdoors and tend to be optimistic about the weather forecast, no problem if it turns out differently. Tailored weather protection with high water vapor permeability from Maier Sports. Waterproof, windproof and breathable — the laminate for active users with a waterproof rating of 10,000 mm. Perfect for outdoor fans. mTHERM light — The soft insulation with high loft traps a lot of insulating air and scores with an excellent ratio of high thermal performance to low volume and fast moisture transport. During more intense physical activity and warmer temperatures, when extreme insulation is not required, mTHERM light plays to its strengths.",133.95,3315581208,631
4260680249,Maier Sports,"Maier Sports Women's Metor Therm W Jacket (Size S, Red) DWR water-repellent coating",Weatherproof jacket with detachable hood for hiking and travel,169.95,3315581208,631
18468695966,Hn8 Schlafsysteme,"Cold foam mattress HN8 SLEEP SYSTEMS ""Royal Visco 26"" Mattress size 4 (101 kg - 120 kg), W/H/L: 140 cm x 26 cm x 200 cm, Polyester cover, Material top: Viscose-Polyester-Elastane, Material bottom: Polyester, 1 pc., white Allergy-friendly mattress Mattress Great value for money","The 7-zone visco cold foam mattress with a 20 cm high, open-cell and breathable Waterpur cold foam core in high quality foam density (RD 40) ensures excellent long-term elasticity and provides optimal body support. The 4 cm high visco foam topper on the top in high quality foam density (RD 50) offers unique conformity to body contours and pressure relief for the spine, resulting in excellent lying comfort. The high-quality double-cloth stretch cover is unquilted on the top side (viscose side), allowing the mattress to adapt even better to body contours. The bottom side of the cover is quilted with breathable climate wadding to ensure improved moisture regulation. Dividable with a 4-sided zipper, removable and washable up to 60 °C. Strong frame adjustment of the mattress is possible, so this mattress is also highly recommended for avid readers. Regular turning prolongs the mattress life and preserves the sleeping comfort.",401.71,3167913106,636
2115151765,Dr. Martens,"Dr. Martens Unisex Vegan 1460 Classic Boots, Red (Cherry Red 600), EU 45","Soft, durable and shiny Cambridge brush synthetic leather upper. Soft synthetic and moisture-wicking textile lining. Non-removable, foam-padded insole for cushioning. Goodyear welt construction for durability. Oil-, fat-, acid-, petrol- and alkali-resistant AirWair air-cushioned sole.",183.71,1350115119,646
2281691154,Dr. Martens,Dr. Martens - 2976 Chelsea Boot Black Vegan 21456001 Men's Boots black Vegi FELIX RUB OFF,"Dr. Martens women's Chelsea boots 2976 VEGAN Color: black Upper: synthetic The Dr. Martens 2976 Chelsea Boot offers a refined, uncompromisingly fashion-forward look. The women's boot features all the classic Doc's DNA, including ribbed sides, heel loop and yellow stitching. It is built to last – using the best construction method, a heat-sealed Goodyear welt with a Z-stitch, which bonds the upper and sole together securely. The boot sits on our legendary AirWair™ sole, which is oil- and fat-resistant as well as abrasion- and slip-resistant. In the winter of 1945 Dr. Maertens, a doctor from Seeshaupt at Lake Starnberg, broke his leg while skiing. To support the healing process with a cushioning sole, he and his team designed the 'Dr. Maertens shoe.' Thus, on April 1, 1960, the first pair of Dr. Martens left the production line. The model 1460, named after the historic date 01.04.60, brought Dr. Martens worldwide fame. For over 50 years Dr. Martens has been considered the cult shoe. Emerging from the punk subculture, Dr. Martens are now a 'must-have' for fashionistas and an alternative lifestyle with the same rebellious spirit. The 2976 Chelsea boot is made from supple faux leather, with a subtle two-tone finish and elastic side panels for easy on and off. It is built on a 59 last and has all the characteristics of a Dr. Martens classic including the Z-welt stitch and signature heel loop – but this boot is 100% animal-friendly. The comfortable, sturdy and robust air-cushioned sole is oil- and fat-resistant and provides good abrasion resistance and slip resistance. Construction This product is Goodyear-welted. Upper and sole are heat-sealed and stitched together, not just glued like many other shoes. Material Suitable for vegans. A faux leather made from synthetic materials that is soft and supple with a subtle light-dark shading. This modern Chelsea boot from the cult brand Dr. Martens is an absolute eye-catcher thanks to its simple design and yellow details. Upper: faux leather Secondary material: textile Composition: 80% faux leather, 20% textile Lining: faux leather Insole: faux leather Closure: slip-on Sole: rubber Heel shape: block heel Heel height: 3 cm Shaft height: approx. 14 cm Special features: pull tab, yellow decorative stitching, elastic inserts Weight: 0.55 kg Upper: black faux leather elastic inserted on both sides at the ankle Interior: faux leather and textile Insole: faux leather, padded Air Cushion sole by Dr. Martens yellow welt stitch EU36 37 38 39 40 41 42 43 UK3 4 5 6 6.5 7 8 8.5 9 US5 6 7 8 8.5 9 10 11 - vegan manufacturing - upper made of faux leather - robust, slip-resistant lug sole The 2976 Vegan CHERRY RED Chelsea Boots from Dr. Martens present a sturdy look with the trendy yellow welt stitch at the sole edge. The elastic panels on both sides of the shaft allow a good fit. - Pull tab on the shaft - reinforced toe and heel area Closure: slip-on Removable footbed: No Heel type: flat Heel height approx.: 2.5 cm Shoe width: F Upper: Other material (synthetic) Lining: Other material (synthetic) Insole: Other material (synthetic) Outsole: Other material (rubber) Beautiful women's ankle boots from Dr. Martens made of pleasantly soft and high-quality leather. The interior of the shoe is equipped with chrome-free tanned leather. The shoe has a regular width. The sturdy block heel has a height of approximately 2 cm. The outsole is made of rubber. The shoe size fits true to size. Insole: rubber. Outsole: leather. Outside leather. Construction type: glued. 3.5 cm. tracked.",200.72,2239661306,647
2339749085,#sinob,sinob Honest Whey Protein Powder (Butter Cookies) 1 x 1000 g. 12.5% Isolate content. Instant soluble protein powder with BCAA & EAA,"FLAVOR EXPLOSION – We bring enjoyment to your life with our Protein Whey; whether you prefer protein powder vanilla or whey protein chocolate, we have over 20 different protein powder flavors. Get your protein powder delivered! PERFECT AMINO ACID PROFILE – Our protein powder contains all 8 EAAs in a perfect composition to stimulate muscle protein synthesis. Try it now! TOP SOLUBILITY – Honest Whey+ dissolves extremely well in water or milk, in a blender or shaker, of course without clumping. Lumps are a thing of the past, test our protein powder now! HIGH-QUALITY PROTEIN SOURCE – High-quality whey protein concentrate plus 12.5% whey protein isolates, all essential amino acids (EAA) and rich in BCAAs. Use an optimal protein source for your optimal nutrient supply and recovery! 100% PREMIUM QUALITY - Honest Whey uses only Volac protein and is manufactured, tested and bottled in Germany according to the strictest quality standards DIN EN ISO 13485:2016, IFS FOOD and GMP. Honest Whey+ stands for top quality to the highest standards.",29.99,1237834248,657
1537709317,Blackline 2.0,Blackline 2.0 Honest Whey+ 1000g (Flavor: Apple Strudel),"Honest Whey+ 1000g Chocolate Cream consists of the following ingredients: whey protein concentrate (contains emulsifier soy lecithin) 81.8%, whey protein isolate (contains emulsifier soy lecithin) 12.5%, flavoring, highly de-oiled cocoa powder, sweeteners sucralose; acesulfame K. Allergen information for Honest Whey+ 1000g Chocolate Cream: soy, milk. May contain traces of: gluten, crustaceans, egg. Nutritional and active ingredient information: Nutritional values per 100g | Serving (30.00g) Energy kcal 397 kcal 119 kcal Energy kJ 1662 kJ 498 kJ Fat 7.50g 2.25g of which saturates 5.40g 1.62g Carbohydrates 5.00g 1.50g of which sugars 2.70g 0.81g Fiber 0.96g 0.29g Protein 77.40g 23.22g Salt 0.43g 0.13g",22.9,1237828643,592
4285709211,Maier Sports,"Maier Sports Women's Liland P3 Jacket (Size XL, Red)",Versatile outdoor jacket made partly from recycled materials for protection and comfort in the mountains,134.982,3407235199,667
4316999082,Maier Sports,Maier Sports functional jacket Liland P3 W technical 3-layer jacket for versatile outdoor activities red 44,"Size , 44, Size type , Regular sizes, Material composition , 65% polyester (recycled), 35% polyester, Care instructions , Machine wash, Color , red, Special features , Technical 3-layer jacket for versatile outdoor activities,",299.95,3407235199,667
3214249597,Airoh,"Airoh Commander Skill Motocross helmet, gray, size XL","* Double D-ring closure * Vents at chin, front and top * Visor (scratch-resistant and UV-resistant, extra wide field of view, Pinlock-ready) | Item: Airoh Commander Skill Motocross helmet, gray, size XL",359.90003,2491910760,130
4643898157,Hn8 Schlafsysteme,"Cold foam mattress HN8 SLEEP SYSTEMS ""Royal Visco 26"" Mattresses 4 (101 kg - 120 kg), W/H/L: 80 cm x 26 cm x 200 cm, polyester cover, top material: viscose-polyester-elastane, bottom material: polyester, 1 pc., white Allergy mattress Mattress Great value for money","The 7-zone visco cold foam mattress with a 20 cm high, open-pored and breathable Waterpur cold foam core in high density (RG 40) ensures excellent long-term elasticity and provides optimal body support. The 4 cm high visco foam comfort layer on top in high density (RG 50) offers unique contouring to the body and pressure relief for the spine, providing outstanding sleeping comfort. The high-quality double-cloth stretch cover is unquilted on the top (viscose side), allowing the mattress to adapt even better to body contours. On the underside the cover is quilted with breathable climate wadding to ensure improved moisture regulation. Divisible with a 4-sided zipper, removable and washable up to 60 °C. The mattress allows strong frame adjustment, making it highly suitable for those who enjoy reading in bed. Regular turning extends the mattress lifespan and preserves sleeping comfort.",212.93,3167913247,511
1994805938,Dr. Martens,Dr. Martens - Vegan 2976 Chelsea Boots Black Felix Rub Off - Boots,"Dr. Martens - Vegan 2976 Chelsea Boots Black Felix Rub Off - Shoes - Boots - Rubber outsole,Cushioning footbed,Boots,Leather-free - Fashion",179.99,3072721304,585
2199135578,Dr. Martens,Dr. Martens 1460 Vegan Cherry-Red Men's Boots,"The Dr. Martens 1460 Vegan is a lace-up boot featuring a new design in the pretty, supple Cambridge-Brush material in cherry red. The 8-eyelet boot is 100% vegan and marked by our signature yellow heel loop and yellow stitching. This collection has a glossy finish and is fashionable. - Goodyear welt - 100% vegan - Felix Rub Off soft and supple material - Oil-, fat-, acid- and petrol-resistant soles - Hot-seal process and signature ""Air Wair"" sole - Silver eyelets.",140.0,1350115119,646
4226659635,Floordirekt,Floordirekt Carpet Runner Sundae 24524 Beige Rectangular 2000 mm x 4500 mm,Carpet runner Floordirekt Sundae Beige,135.66,3697771068,513
4157551094,DR. MARTENS,DR. MARTENS boat shoe red 38,"Size , 38, Color , Red, Material composition , Upper material: Other material & Textile, Lining: Textile, Outsole: other material,",189.0,3264429762,687
3501281334,TOM TAILOR,"Bedding ""Alisa"", TOM TAILOR, made of linen and organic cotton with extra cushion 40x40 cm, blue","The solid-colored GOTS-certified linen bedding ""Alisa"" from TOM TAILOR becomes a guaranteed eye-catcher in your bedroom thanks to its modern colors and the two differently sized pillowcases. For the sake of the environment, the bedding set is packaged in the 40 x 40 cm pillowcase. Made of 70% cotton and 30% linen, the bedding also scores with skin-friendly properties and the breathable fabric quality ensures a comfortable night's sleep. GOTS guarantees that no dyes or auxiliaries that are harmful to health or the environment are used during production. Sustainable manufacturing is also assured. The cotton comes from controlled organic cultivation. The pillow and duvet covers feature a decorative button closure that makes changing the bedding child's play. The set is machine-washable at up to 60°C and suitable for tumble drying. GOTS-certified, the timeless linen bedding ""Alisa"" from Tom Tailor.",149.99,2574572947,688
4150903563,TOM TAILOR,"TOM TAILOR bedding Alisa, (3 pc.), with additional cushion 40x40 cm green bedding sets bedding, bed sheets and bed linens","The plain GOTS-certified linen bedding ""Alisa"" from the TOM TAILOR brand is guaranteed to become an eye-catcher in your bedroom thanks to its modern colors and the two differently sized pillowcases. For environmental reasons, the bedding set is packaged in the 40 x 40 cm pillowcase. The bedding, made from 70% cotton and 30% linen, also scores with its skin-friendly properties and the breathable fabric quality ensures a comfortable sleep. GOTS guarantees that no dyes or auxiliaries that are harmful to health or the environment are used in production. Sustainable manufacturing is also assured. The cotton comes from controlled organic cultivation. The pillowcase and duvet cover are equipped with a decorative button closure, making changing the bedding child's play. The set is machine washable at up to 60° C and suitable for tumble drying. GOTS certified, the timeless linen bedding ""Alisa"" from Tom Tailor.",98.99,2575854780,561
38406123057,DEKOWE,"Dekowe sisal rug ""Mara S2 with special border"", rectangular, 100% sisal, also as runner, living room","With this high-quality and hard-wearing sisal rug you bring a piece of nature into your home. The rug made from 100% sisal impresses with its natural look and timeless design. Thanks to the many colors and sizes, you can easily combine this rug with your furnishings. It suits any interior style—whether kitchen, hallway or living room—this rug fills your home with cozy elegance and comfort. Due to its moisture-regulating properties, this rug helps improve the indoor climate. The lightly heathered and glossy colors show the authenticity and purity of this natural product. The sisal rug is edged all around with an easy-care polyester border and comes with a non-slip backing. We recommend using a rug pad to permanently protect high-quality subfloors.",116.99,4380729330,689
4272137501,Dr. Martens,"Dr. Martens, Lace-up Boots 1460 Vegan in red, Men's boots - synthetic",Boots from Dr. Martens. The red boot from Dr. Martens combines casualness and confident style. The high-quality leather-look finish makes the model a standout. These boots are an excellent stylish addition for everyday wear. A man's shoe goes through a lot and still needs to look great.,189.0,2123785815,691
1537709308,Blackline 2.0,Blackline 2.0 Honest Whey+ 1000g (Flavor: Hazelnut),"Honest Whey+ 1000g Chocolate Cream consists of the following ingredients: Whey protein concentrate (contains emulsifier soy lecithin) 81.8%, whey protein isolate (contains emulsifier soy lecithin) 12.5%, flavoring, highly defatted cocoa powder, sweeteners sucralose; acesulfame K. Allergen information for Honest Whey+ 1000g Chocolate Cream: Soy, milk. May contain traces of: Gluten, crustaceans, egg. Nutritional and active ingredient information: Nutrition per 100g / Serving (30.00g) Energy kcal 397 kcal 119 kcal Energy kJ 1662 kJ 498 kJ Fat 7.50g 2.25g of which saturated fatty acids 5.40g 1.62g Carbohydrates 5.00g 1.50g Sugars 2.70g 0.81g Fiber 0.96g 0.29g Protein 77.40g 23.22g Salt 0.43g 0.13g",22.9,1237827995,535
18468687381,Hn8 Schlafsysteme,"Cold foam mattress HN8 SLEEP SYSTEMS ""Royal Visco 26"" Mattress Size 3 (81 kg - 100 kg), W/H/L: 140 cm x 26 cm x 200 cm, polyester cover, top material: viscose-polyester-elastane, bottom material: polyester, 1 pc, white, allergy-friendly mattress, great value for money","The 7-zone visco cold foam mattress features a 20 cm high, open-pored and breathable Waterpur cold foam core with a high density (RG 40), ensuring excellent long-term resilience and optimal body support. The 4 cm high visco foam comfort layer on the top with high density (RG 50) provides unique contouring to the body and pressure relief for the spine, delivering outstanding sleeping comfort. The high-quality double-cloth stretch cover is unquilted on the top (viscose side), allowing the mattress to adapt even better to body contours. The underside of the cover is quilted with breathable climate wadding to improve moisture regulation. It is divisible with a 4-sided zipper, removable and washable up to 60 °C. The mattress allows strong frame adjustment, making it also highly recommended for people who like to read in bed. Regular turning extends the mattress lifespan and preserves sleeping comfort.",459.99,3167913167,705
107725292534,Elho,"Elho flower pot seedling pot Green Basics 19 terracotta, drill holes orange|red 19 cm x 18 cm x 19 cm","Width, 19 cm, Depth, 19 cm, Height, 18 cm, Material, Plastic, Color, terracotta",7.99,723335457,709
2112576214,Elho,Elho Green Basics Seedling Pot 19 - Growpot for Growing and Harvesting - Ø 19.0 x H 17.4 cm - Brown/Mild Terra,"CHOOSE YOUR SIZE | This pot is available in various sizes, so there is a suitable option for every type of vegetable, fruit or herb. FROST-RESISTANT | The pot can remain in your garden all year round — even in frost, as it can withstand freezing temperatures. GROW VEGETABLES | The Green Basics collection offers countless possibilities to start your own growing adventure, whether you are a beginner or an avid plant grower looking for fun or functionality. RECYCLED PLASTIC | The seedling pot is made from recycled plastic — produced with our own Dutch wind energy and also 100% recyclable. DON'T FORGET THE SAUCER | A saucer is essential for the best care of your plants. It ensures excess water is drained away. This keeps the plant healthy and protects the surface as well, because it",7.45,723335457,709
4348295931,Maier Sports,Maier Sports Liland P3 Jacket Women blue EU 42 2021 Winter sports jacket,"Type: Ski & snowboard jacket; Material: Water column: 20000 mm; Outer material: 100% polyester; Main information: Length: short; Material: Weather protection technology: mTEX 20,000 (Maier Sports); Main information: Clothing layer: Outlayer / weather protection layer; Season: Winter; Functions & features: Rain protection: waterproof; Material: Special features: PFC-free coating (Durable Water Repellent); Functions & features: Wind protection: windproof; Material: Surface coating: DWR impregnation; Equipment: Outer pockets: 2 zip front pockets, 1 zip chest pocket, 1 zip sleeve pocket; Inner pockets: 1 spacious inner pocket; With hood: yes; Snow skirt: detachable snow skirt; Zipper: full-length; Hood: Details: detachable; Hood hem: adjustable width; Sleeves: Details: underarm ventilation; Cuffs: adjustable width; Measurements: Back length: 68 cm; Measured size: 38; Size information: Size runs true to size; Fit: regular fit; Details: sleeves extended over the back of the hand, with practical glasses cleaning cloth",238.99,3407235008,612
4285491833,Maier Sports,Maier Sports Outdoor Jacket Liland P3 Women 131 36,"The versatile 3-layer jacket Liland P3 W can be used for a variety of ambitious outdoor activities. Thanks to its full ski equipment, it is also ideal for ski touring – both on and off piste. Its mTEX 20,000 membrane gives the jacket maximum weather protection in the form of waterproofing, windproofing and high breathability. The latter is also supported by effective underarm ventilation, which ensures an ideal body climate. Features such as the detachable hood, the removable snow guard and the sleeve length extended over the back of the hand are additional details that make the Liland P3 W the ideal companion in the cold season. Sustainability is also a high priority: the jacket is made from almost two thirds recycled PES yarn and has an environmentally friendly, PFC-free impregnation.

Key points at a glance
- Waterproof rating 20000 mm
- Breathable
- Hood (adjustable)
- Integrated snow skirt

Product details
Made for: Women
Best for: Skiing, Freeski, Ski touring, Trekking (longer tours), Hiking, Travel, Everyday
Hood: Adjustable
Water column: 20000 mm
Fit: Regular fit
Features: Snow skirt, Breathable, Water-repellent

Technical 3-layer jacket for versatile outdoor activities
- Maximum weather protection thanks to mTEX 20,000 high-tech membrane
- Environmentally friendly: made from 65% recycled PES yarn
- Water-repellent impregnation – completely free of PFCs
- Underarm ventilation enables an ideal body climate

mTEX 20,000: breathable membrane with maximum weather protection
- Water-repellent, PFC-free impregnation protects the environment
- Made from 65% recycled PES yarn
- Sleeves extended over the back of the hand
- Individually adjustable sleeve cuffs
- Detachable hood with individual adjustment options
- Removable snow skirt
- Large underarm ventilation on body and sleeves
- Adjustable hem
- 3 roomy zippered pockets
- 1 inner pocket

Materials:
Outer material: 65% polyester (recycled), 35% polyester
Lining: 100% polyamide

Technologies and manufacturing processes
mTEX 20,000
There is no bad weather for you. What matters are the challenge and the enthusiasm for your experience in nature. Tailored weather protection with very high moisture vapor permeability from Maier Sports. Waterproof, windproof and breathable – the premium laminate with a waterproof rating of 20,000 mm. Optimal equipment for full performance.",233.95,3407235003,713
4179651570,Dr. Martens,"Dr. Martens boots ""Vegan 1460"" women's cherry red, size 5, synthetic","Women's boots - 100% vegan, marked by our special yellow heel loop, made from Cherry Red Oxford Rub Off, a soft and subtly two-tone synthetic material. The classic Doc's DNA remains fully intact with the legendary Dr. Martens air-cushion sole with Goodyear welt. Brand: Dr. Martens, boots ""Vegan 1460""",170.99,3264429762,687
2071751695,Hn8 Schlafsysteme,"Cold foam mattress ""Royal Visco 26"", Hn8 sleeping systems, 26 cm high, Great value for money 140 cm x 200 cm x 26 cm","Details Number of comfort zones , 7, Firmness , 3, Body weight from , 81 kg, Body weight up to , 100 kg, Features & functions Allergy information , Suitable for house dust mite allergy sufferers, Properties Mattress , not usable as a turnable mattress, Properties Mattress cover , removable with zipper, divisible, Dimensions & weight Width , 140 cm, Length , 200 cm, Height , 26 cm, Cover Type Cover , Polyester cover, Material composition , Cover: 67% polyester, 32% viscose, 1% elastane, Care instructions , 60°C machine wash, Core construction Core construction , Visco foam (no cut, 4 cm high, 50 kg/m3), Cold foam (vertical cuts, 20 cm high, 35 kg/m3), Scope of delivery Number of pieces , 1 pc., Delivery , Original dimensions, Dispatch , This item is intentionally packed with reduced volume to protect the environment and is delivered folded and rolled for easy handling. The mattress needs about 24 hours to fully expand., Ordering notes Visco-elastic foams , For visco-elastic foams, temperature plays a very important role - the memory effect depends on room temperature. A room temperature of at least 15 °C in the sleeping area is therefore recommended for visco-elastic mattresses. At first, the surface will feel firmer at cold room temperatures - please do not assume that the mattress has suddenly changed firmness. If it is colder, it will take correspondingly longer. The warmer it is, the faster the mattress adapts to the body.",459.99,3167913167,705
3637042235,Oral B,Oral-B Pulsonic Slim One 2900 Twin Pack Sonic Toothbrush white,"Oral-B Pulsonic Slim One 2900 Twin Pack Sonic Toothbrush white

28.12.2021 12:17:41
euronics-xxl-vilshofen
euronics-xxl-vilshofen
27
02.04.2020 11:32:16
5e6816f0189d
100

Oral-B Pulsonic Slim One 2900 Twin Pack Sonic Toothbrush white
4061856151175
0
0.8000

--The Oral-B Pulsonic Slim One with 2 handles

--Removes surface stains for whiter teeth in 2 weeks

--Two cleaning modes for personalized brushing comfort: Daily Clean and Whitening

--The ultra-slim, super-light sonic toothbrush from Oral-B, ideal for home and travel

--The elongated brush head helps remove surface stains with gentle sonic technology

--Scope of delivery: 2 rechargeable electric toothbrushes in white, 2 replaceable brush heads, 2 charging stations

--Oral-B, the No.1 toothbrush brand recommended by dentists worldwide",68.7,1435573037,65
4256926363,VelvetTrading,rug sundae 69 width: 50 cm length: 200 cm - beige - plastic,Rug | Sundae | Beige 69 | Width: 50 cm Length: 200 cm,14.99,3698017610,532
1920503864,Maier Sports,Maier Sports Metor Women's Functional Jacket black (900) 42,"An outdoor jacket with a perfect fit for year-round use, for everyday wear and almost any weather. The practical packaway jacket is a constant companion and has the potential to become your new favorite jacket. Thanks to the mTEX 10,000 membrane, it is versatile and easy to combine.",116.35,1716139242,605
4285709207,Maier Sports,"Maier Sports Women's Liland P3 Jacket (Size S, Red) DWR impregnation",Versatile outdoor jacket made from partly recycled materials for protection and comfort in the mountains,202.464,3407235003,713
4065797638,TOM TAILOR,"Linen bedding TOM TAILOR TOM TAILOR 200x200 cm, with 2 pillows","· light blue · 70% cotton, 30% flax/linen · Pillow size: 40x40 cm, 80x80 cm · with buttons · Machine washable up to 60°C · Suitable for tumble drying Material: 70% cotton, 30% flax",129.0,2574572947,688
2338131041,#sinob,sinob Honest Whey Protein Powder (Vanilla Icecream) 1 x 1000 g. 12.5% Isolate proportion. Instant soluble protein powder with BCAA & EAA,"FLAVOR EXPLOSION – We bring enjoyment to your life with our protein whey; whether you prefer vanilla protein powder or chocolate whey protein, we offer over 20 different protein powder flavors. Get your protein powder delivered to your home! PERFECT AMINO ACID PROFILE – Our protein powder contains all 8 EAAs in an optimal composition to stimulate muscle protein synthesis. Try it now! EXCELLENT SOLUBILITY – Honest Whey+ dissolves extremely well in water or milk, in a blender or shaker, of course without clumping. Lumps are a thing of the past—try our protein powder now! HIGH-QUALITY PROTEIN SOURCE – High-quality whey protein concentrate plus 12.5% whey protein isolate, all essential amino acids (EAA) and rich in BCAA. Use an optimal protein source for your best nutrient supply and recovery! 100% PREMIUM QUALITY – Honest Whey uses only Volac protein and is produced, tested and bottled in Germany according to the strictest quality standards DIN EN ISO 13485:2016, IFS FOOD and GMP. Honest Whey+ stands for top quality according to the highest standards.",32.9,1237828102,534
4065795443,TOM TAILOR,"Linen bedding TOM TAILOR TOM TAILOR 135x200 cm, with 1 pillow","· stone · 70% cotton, 30% flax/linen · Pillow size: 40x40 cm, 80x80 cm · with buttons · machine wash up to 60°C · suitable for tumble drying Material: 70% cotton, 30% flax",74.9,3163192131,728
2061448087,Blackline 2.0,Honest Whey + - 1000g - Rice Pudding Cinnamon,"Blackline 2.0 Honest Whey+ 1.0 kg Honest Whey+ from Blackline 2.0 consists of a blend of whey protein isolate (approx. 12.5%) and whey protein concentrate. Protein is used by muscles for growth and maintenance and can be consumed once or multiple times daily as needed. The Honest Whey+ powder is available in several tasty flavors, is very soluble and delivers a delicious, creamy consistency as a prepared protein shake (also when mixed with water). The protein content varies by flavor between 74.6% and 77%, with the Vanilla Ice Cream flavor containing the highest and the Summer Fruits flavor the lowest protein content. The ready protein shake made from Honest Whey+ powder and water can be used in the morning, as a snack, or before or after training by athletes of various sports. Benefits of Honest Whey+: whey from whey protein concentrate and isolate tasty flavors available very soluble and creamy 100% manufactured in Germany Manufacturer/Importer information: #sinob GmbH Hamburger Straße 4-6 22946 Grande Germany www.sinob.de Ingredients list: 82.4% whey protein concentrate (emulsifier soy lecithin), 12.5% whey protein isolate (emulsifier soy lecithin), caramel, flavoring, maltodextrin, sweetener sucralose, acesulfame K. Allergens: Contains milk, milk products, soy. Special characteristics: With emulsifier(s), flavoring(s), sweetener(s). Recommended use: Mix 30 g powder per serving with milk or water. Storage: Store in a cool, dry place. Protect from direct sunlight. Description: Powder for preparing a whey protein drink with sweeteners Net weight: 1 kg Note: The stated recommended daily intake should not be exceeded. Do not use the dietary supplement as a substitute for a varied and balanced diet. Keep out of reach of children.",29.99,1316055693,731
2120155505,Dr. Martens,"Dr. Martens Unisex Vegan 1460 Classic Boots, Red (Cherry Red 600), 42 EU","Constructed on the iconic, durable Dr. Martens air-cushioned sole. Good slip resistance and abrasion resistance. Made with a Goodyear welt: upper and sole are heat-sealed and stitched together with a Z-welt stitch — not just glued. Boots lined with faux fur. Retains classic Doc DNA, such as grooved sides, stitching, and heel loop.",189.0,2123785815,691
3555205657,Tom Tailor,"TOM TAILOR bedding Alisa, made of linen and organic cotton with additional cushion 40x40 cm beige bedding sets bed linen sheets","The plain GOTS-certified linen bedding ""Alisa"" from TOM TAILOR is guaranteed to be an eye-catcher in your bedroom thanks to its modern colours and the two differently sized pillowcases. For environmental reasons, the bedding set is packaged in the 40 x 40 cm pillowcase. Made from 70% cotton and 30% linen, the bedding also scores with its skin-friendly properties and the breathable fabric quality ensures a comfortable sleep. GOTS guarantees that no dyes or auxiliaries that are harmful to health or the environment are used during production. Sustainable manufacturing is also ensured. The cotton comes from controlled organic cultivation. The pillow and duvet covers feature a decorative button closure, making changing the bedding child's play. The set is machine washable at up to 60°C and suitable for tumble drying. GOTS certified, the timeless linen bedding ""Alisa"" from Tom Tailor.",134.99,2574917744,736
4604457043,MANDARINA DUCK,MANDARINA DUCK Hunter Crossover Crossbody Waterfall Bag Blue,MANDARINA DUCK Hunter Crossover Crossbody Waterfall Bag Blue,85.0,3633265349,738
4511530729,Mandarina Duck,"Mandarina Duck Women's Hunter P10VCT18 Shoulder Bag, Waterfall, 28x21x11 (L x H x W)","Functional and lightweight shoulder bag in a sporty-chic look made of glossy nylon with faux-leather details. The look is complemented by metal accessories, personalized pulls, and the elegant metallic logo. It features two exterior zip pockets. The interior is individually designed and equipped with practical pockets.",85.0,3633265349,738
2061448091,Blackline 2.0,Honest Whey + - 1000g - Butter Cookies,"Blackline 2.0 Honest Whey+ 1.0 kg
Honest Whey+ from Blackline 2.0 consists of a blend of whey protein isolate (approx. 12.5%) and whey protein concentrate. Protein is used by muscles for growth and maintenance and can be consumed once or several times daily as needed. The Honest Whey+ powder is available in several delicious flavors, is very soluble and produces a tasty, creamy consistency as a finished protein shake (also when mixed with water). The protein content varies by flavor between 74.6% and 77%, with the Vanilla Ice Cream flavor containing the highest and the Summer Fruits flavor the lowest protein content. The finished protein shake made from Honest Whey+ powder and water can be used in the morning, as a snack, or before or after training by athletes from a variety of sports.
Advantages of Honest Whey+:
- Whey from whey protein concentrate and isolate
- Delicious flavors available
- Good solubility and creamy
- 100% produced in Germany
Manufacturer/Importer information: #sinob GmbH Hamburger Straße 4-6 22946 Grande Germany www.sinob.de
Ingredients: 82.4% whey protein concentrate (emulsifier: soy lecithin), 12.5% whey protein isolate (emulsifier: soy lecithin), caramel, flavoring, maltodextrin, sweeteners: sucralose, acesulfame K.
Allergens: Contains milk, milk products, soy.
Special features: Contains emulsifier(s), flavoring(s), sweetener(s).
Recommended use: Mix 30 g of powder per serving with milk or water.
Storage: Store in a cool, dry place. Protect from direct sunlight.
Designation: Powder for preparing a whey protein drink with sweeteners
Net weight: 1 kg
Note: The stated recommended daily intake must not be exceeded. Do not use this dietary supplement as a substitute for a balanced and varied diet. Keep out of reach of children.",29.99,1237834248,657
4291077418,TOM TAILOR,"TOM TAILOR Unisex Linen Bedding - Natural Colors, gray, Size 135/200","TOM TAILOR Unisex Linen Bedding - Natural Colors, gray, Size 135/200",89.99,3163192131,728
3287805133,TOM TAILOR,TOM TAILOR 0500500 bedding set with pillowcase linen Natural Colors 1x 200x200 cm + 2x 80x80 cm + 2x 40x40 cm sand,"TOM TAILOR 0500500 bedding set with pillowcase linen Natural Colors 1x 200x200 cm + 2x 80x80 cm + 2x 40x40 cm, sand Linen, 70% cotton, 30% linen, 125 g/m², button closure, washable up to 60°C, tumble dryer suitable, zipper construction, skin-friendly, breathable and hard-wearing Brand quality from TOM TAILOR, ecologically harmless (Oeko-Tex Standard 100)",149.99,2574917744,736
2063706226,Hn8 Schlafsysteme,"Cold foam mattress »Royal Visco 26«, Hn8 Schlafsysteme, 26 cm high, great value for money 140 cm x 200 cm x 26 cm","Details Number of sleeping zones , 7, Firmness level , 4, Body weight from , 101 kg, Body weight up to , 120 kg, Features & functions Allergy information , Suitable for house dust mite allergy sufferers, Properties Mattress , not usable as a flip mattress, Properties Mattress cover , removable with zipper, separable, Dimensions & weight Width , 140 cm, Length , 200 cm, Height , 26 cm, Cover Type Cover , Polyester cover, Material composition , Cover: 67% Polyester, 32% Viscose, 1% Elastane, Care instructions , 60°C machine wash, Core construction Core construction , Visco foam (no cut, 4 cm high, 50 kg/m3), Cold foam (vertical incisions, 20 cm high, 35 kg/m3), Scope of delivery Number of pieces , 1 pc., Delivery , Original dimensions, Shipment , This item is deliberately packaged with reduced volume to protect the environment and is delivered folded and rolled for easy handling. The mattress needs approx. 24 hours to fully expand., Ordering notes Visco-elastic foams , With visco-elastic foams, temperature plays a very important role - the memory effect depends on the room temperature. A room temperature of at least 15 °C in the sleeping area is therefore recommended for visco-elastic mattresses. Initially the surface will feel firmer at cold room temperatures - please do not assume the mattress has suddenly changed its firmness. If it is colder, it takes correspondingly longer. The warmer it is, the faster the mattress adapts to the body.,",401.71,3167913106,636
1537709304,Blackline 2.0,Blackline 2.0 Honest Whey+ 1000g (Flavor: Rice Pudding Cinnamon),"Honest Whey+ 1000g Chocolate Cream consists of the following ingredients: whey protein concentrate (contains emulsifier soy lecithin) 81.8%, whey protein isolate (contains emulsifier soy lecithin) 12.5%, flavoring, highly defatted cocoa powder, sweeteners sucralose; acesulfame K. Allergen information for Honest Whey+ 1000g Chocolate Cream: soy, milk. May contain traces of: gluten, crustaceans, egg. Nutrient and active ingredient information: Nutritional values per 100g / per serving (30.00g): Energy kcal 397 kcal / 119 kcal; Energy kJ 1662 kJ / 498 kJ; Fat 7.50 g / 2.25 g; of which saturated fatty acids 5.40 g / 1.62 g; Carbohydrates 5.00 g / 1.50 g; of which sugar 2.70 g / 0.81 g; Fiber 0.96 g / 0.29 g; Protein 77.40 g / 23.22 g; Salt 0.43 g / 0.13 g.",22.9,1316055693,731
29299331674,DEKOWE,"Sisal rug DEKOWE ""Mara S2 with Special Border"" Rugs Size W/L: 67 cm x 200 cm, 5 mm, 1 pc, black (black, heathered) Sisal rugs 100% sisal, also suitable as runner, living room","With this high-quality and hard-wearing sisal rug you bring a piece of nature into your home. The rug, made of 100% sisal, impresses with its natural look and timeless design. Thanks to the many colors and sizes, you can easily combine this rug with your furnishings. It suits any interior style—whether kitchen, hallway or living room—this rug fills your home with cozy elegance and comfort. Its moisture-regulating property helps to improve the indoor climate. The lightly heathered and shiny colors demonstrate the authenticity and purity of this natural product. The sisal rug is finished all around with an easy-care polyester border and comes with a non-slip backing. We recommend using a rug pad to permanently protect even high-quality subfloors.",136.19,4380734762,562
4145588659,DR. MARTENS,DR. MARTENS Vegan 2976 Boot Shoe black 42,"Size , 42, Color , Black, Material composition , Upper material: Other material, Lining: Textile, Outsole: other material,",189.0,2239661306,647
2113093450,RAUCH,"Rauch Möbel Noosa wardrobe with hinged doors, White / Sonoma Oak, 4-door with mirror and 2 drawers, incl. accessory pack Basic 1 clothes rail, 3 shelves W x H x D 168x188x52 cm","Small but fine: The classic wardrobe with its hinged doors comes in a timelessly beautiful design in white. The discreet aluminium-coloured handles integrate perfectly into the wardrobe’s simple design. A highlight of this wardrobe are the two large drawers, where socks, underwear, fashion accessories and more can be stored without any problems. The drawers are also a real eye-catcher, as one drawer is staged by the contrasting Sonoma Oak finish and thus attracts attention. One door of the wardrobe is fitted with a mirror. This not only visually adds depth to the room/bedroom, but also conveniently provides the opportunity for a quick styling check. The white hinged-door wardrobe with the dimensions (Width x Height x Depth) 168 x 188 x 52 cm hides plenty of storage space behind its 4 doors, so all favourite items find their place and the wardrobe also creates more order in the bedroom / youth room. The interior of the wardrobe is divided into two halves, each measuring 85 cm. It is standardly equipped with one clothes rail and three shelves. If required, the wardrobe can be individually configured with suitable accessories. This product is packed in two or more boxes. You may receive them on different days.",356.99,1722402917,521
1867262556,,"PLAYMOBIL 70370 Figures Girls Series 18, Waitress with Tray, Donuts, Cup #1 NEW","PLAYMOBIL 70370 Figures Girls Series 18, Waitress with Tray, Donuts, Cup #1 NEW",3.49,1721487200,323
29607392514,DEKOWE,"Sisal rug ""Mara S2 with special border"", rectangular, 100% sisal, also available as runner, living room, 53373525-0 beige 5 mm","Bring a piece of nature into your home with this high-quality, hard-wearing sisal rug. The rug, made of 100% sisal, impresses with its natural character and timeless design. With the many colours and sizes available, you can easily combine this rug with your furnishings. It suits any interior style—whether kitchen, hallway or living room—this rug fills your home with cozy elegance and comfort. Its moisture-regulating properties help improve the indoor climate. The slightly heathered and glossy colours demonstrate the authenticity and purity of this natural product. The sisal rug is fully edged with an easy-care polyester border and comes with a non-slip backing. We recommend using a rug pad to provide long-term protection for even high-quality subfloors.",107.99,4380729330,689
4004756512,,Playmobil Female Knight Fighter Figures Series 18 Girls 70370,Playmobil Female Knight Fighter Figures Series 18 Girls 70370,3.9,1721487200,323
4643726166,Sit&More,"sit&more upholstered set (2-piece), consisting of one 2-seater and one 3-seater, including spring-core SOFTLUX® faux leather brown upholstered set couch sets sofas couches living room","Cozy 2-piece upholstered set, consisting of one 2-seater and one 3-seater with elaborate back stitching and elegantly curved armrests. Choose your favorite color from different cover qualities: PRIMABELLE® microfiber (100% polyester); SOFTLUX® faux leather, SOFTLUX®/structure (frame in faux leather, seat and back in structured fabric made of 75% polyester and 25% viscose), NaturLEDER (genuine cowhide leather on seat and back, frame in color-matched faux leather). Made from FSC®-certified engineered wood. Includes spring core.",927.99,3707884784,844
4643729167,Sit&More,"sit&more upholstered set, (2-piece), consisting of one 2-seater and one 3-seater, including spring core TOPSELLER Luxury Microfiber ALTARA NUBUCK® brown upholstered set couch sets sofas living room","TOPSELLER. Cozy 2-piece upholstered set, consisting of one 2-seater and one 3-seater, each with elaborate back stitching and elegantly curved armrests. Choose your favorite color from various cover qualities: PRIMABELLE® microfiber (100% polyester); SOFTLUX® faux leather; SOFTLUX®/structure (frame in faux leather, seat and back in structured fabric made of 75% polyester and 25% viscose); NaturLEDER (genuine cowhide in seat and back, frame in color-matched faux leather). Made from FSC®-certified wood-based materials. Includes spring core.",818.99,3707800284,861
4644033077,Sit&More,"sit&more upholstered set (2-piece), consisting of a 2-seater and a 3-seater, including spring core TOPSELLER NaturalLEDER® brown upholstered set leather sofas sofas couches living room","TOPSELLER. Cozy 2-piece upholstered set, consisting of a 2-seater and a 3-seater with elaborate back stitching and elegantly curved armrests. Choose your favorite color from various cover qualities: PRIMABELLE® microfiber (100% polyester); SOFTLUX® faux leather; SOFTLUX®/structure (frame in faux leather, seat and back in structured fabric made of 75% polyester and 25% viscose); NaturalLEDER (genuine cowhide leather on seat and back, frame in color-matching faux leather). Made from FSC®-certified wood-based material. Includes spring core.",1255.99,3707788976,862
1489852051,realme,"realme 5 Pro 8GB+128GB, Crystal Green",Display: 6.3 inches (16.0 cm) Main camera: 48 + 8 + 2 + 2 MP / Front camera: 16 MP Storage: 128 GB / 8 GB RAM Battery: 4035 mAh,250.66,1845370192,894
4227532011,Floordirekt,Floordirekt carpet runner Sundae 24523 beige rectangular 1000 mm x 4000 mm,Carpet runner Floordirekt Sundae beige,63.65,3698083617,906
4644018013,Domo Collection,"DOMO collection upholstered set Norma, (set, 2 pcs.), consisting of one 2-seater and one 3-seater microfiber PRIMABELLE® beige sofa sets couches living room","Product details: Product details: Attractive, cubic, comfortable: upholstered furniture program with extra-wide armrests! In 4 cover qualities: easy-care PRIMABELLE microfiber (100% polyester), our proven SOFTLUX artificial leather, trendy textured fabric (90% polyester, 10% polyacrylic), natural LEATHER (glove-soft cowhide) in the seat and back - carcass and rear covered with color-matched SOFTLUX artificial leather. Made from FSC-certified wood-based materials. Stable wooden subframe, wave spring suspension for high seating comfort, breathable polyurethane foam padding. Freestanding. Feet in wenge color. Approx. dimensions: 2-seater: overall width 192 cm, depth 90 cm, height 77 cm, seat depth/height 59/43 cm 3-seater: overall width 212 cm, depth 90 cm, height 77 cm, seat depth/height 59/43 cm Please note that leather covers generally have more seams than fabric covers., Brand information: DOMO collection develops and produces quality upholstered furniture for the European market. With innovative ideas, functional design and an experienced eye for harmonious material compositions, DOMO collection has become one of the most successful upholstered furniture manufacturers. Not only in the selection of materials, but also in production, DOMO collection relies on quality, because only in this way can your living dreams become a flawless, aesthetic and durable living experience. Every living room is different and can therefore be considered individually. DOMO collection is the ideal partner for you, because we offer the perfect solution for your home. The latest market and color trends are observed and high-quality materials are used, trend-appropriate upholstery shapes are designed and innovative functions are built. It is precisely this mix that sets DOMO collection apart from its competitors. Whether timeless design, modern look or refreshing color accents. DOMO collection creates your living dream for relaxing and feeling good., Measurements: Note on measurements: All dimensions are approx., Load capacity per seat: 100 kg, Clearance under furniture: 7 cm, Material: Cover: PRIMABELLE microfiber, Abrasion resistance of cover: 4-5 (good - very good), Rub test cover: 90,000 rubs, Color: Color: natural, Series: Series: Norma, Features & functions: Core density seat cushion: 30 kg/m³, Number of seats: 5, Delivery & assembly: Delivery condition: partially assembled, only feet to be mounted, Notes: Information: Attention! Natural leather generally has more seams than other covers.",631.99,3707783739,909
4256643182,VelvetTrading,rug sundae 69 width: 50 cm length: 400 cm - beige - plastic,Rug | Sundae | Beige 69 | Width: 50 cm Length: 400 cm,28.99,3697847128,931
4643676486,Sit&More,"sit&more upholstered suite, consisting of a 3- and 2-seater, including spring-core SOFTLUX® faux leather black upholstered set sofas couches living room","Product details: Product details: With excellent attention to detail. Made from FSC-certified engineered wood. Stable wooden base frame, comfortable wave-suspension, spring core and breathable polyether foam padding provide pleasant seating comfort. Available in 3 covering qualities: luxury microfiber (100% polyester), SOFTLUX faux leather or NaturLEDER (genuine cowhide) on seat and back, carcass in matching SOFTLUX faux leather. Approx. dimensions: 2-seater (W/D/H): 148/95/94 cm, 148 cm overall width 3-seater (W/D/H): 198/95/94 cm, 198 cm overall width Seat depth/height each 54/46 cm. All dimensions are approximate. Please note that leather covers have more seams than fabric covers. Measurement information: Note on dimensions: All information are approximate measurements. Load capacity per seat: 110 kg. Floor clearance: 2 cm. Material: Cover: SOFTLUX faux leather. Colour: Colour: black. Colour notes: Please note that online images of the item may differ from the original shades on your home monitor. Series: Series: Bansin. Equipment & functions: Foam density: 30 kg/m³, Number of seats: 5. Delivery & assembly: Delivery condition: assembled. Notes: Care instructions: Please follow the care instructions according to the enclosed product and material passport.",1015.99,3707781025,934
2296575161,sit&more,"Upholstery set (2-piece), consisting of a 2-seater and a 3-seater, including spring core, brown, seating furniture sets, 89951949-0","Cozy 2-piece upholstery set, consisting of a 2-seater and a 3-seater with elaborate back quilting and elegantly curved armrests. Choose your favorite color from various cover qualities: PRIMABELLE® microfiber (100% polyester); SOFTLUX® faux leather; SOFTLUX®/structure (frame in faux leather, seat and back in structured fabric made of 75% polyester and 25% viscose); NaturLEDER (genuine cowhide leather on seat and back, frame in color-coordinated faux leather). Made from FSC®-certified engineered wood. Includes spring core.",1569.99,3707788976,862
3235858252,ORALB,ORAL-B Pulsonic Slim One 2900 Twin Pack White,"The Oral-B Pulsonic Slim One is now available with 2 handles. It removes surface stains for whiter teeth in 2 weeks. Thanks to the ultra-slim, super-light handle, the toothbrush sits particularly well in the hand and is ideal for home and travel. The elongated brush head helps remove surface stains with gentle sonic technology. You can choose between two modes for a personalized brushing experience: Daily Clean and Whitening. For a cleaner smile & natural brightening!",65.8,1435573037,65
138961204496,sit&more,"sit&more upholstered set ""Savona"", (2-piece), consisting of a 2-seater and a 3-seater, including spring core, brown","Cozy 2-piece upholstered set, consisting of a 2-seater and a 3-seater with elaborate back quilting and elegantly curved armrests. Choose your favorite color from various upholstery options: PRIMABELLE® microfiber (100% polyester); SOFTLUX® faux leather; SOFTLUX®/structure (frame in faux leather, seat and back in structured fabric made of 75% polyester and 25% viscose); NaturLEDER (genuine cowhide leather on seat and back, frame in color-matched faux leather). Made from FSC®-certified engineered wood. Includes spring core.",999.99,3707800284,861
2057795666,sit&more,"sit&more upholstered set, consisting of a 3- and a 2-seater, including spring core black","Product details Product details, With excellent attention to detail. Made from FSC®-certified wood-based material. Stable wooden frame, comfortable wave suspension, spring core and breathable polyether foam padding provide pleasant seating comfort. Available in 3 cover qualities: luxury microfiber (100% polyester), SOFTLUX® faux leather or Nappa LEATHER (genuine cowhide) on seat and back, carcass in matching SOFTLUX® faux leather. Approx. dimensions: 2-seater (W/D/H): 148/95/94 cm, 148 cm total width 3-seater (W/D/H): 198/95/94 cm, 198 cm total width Seat depth/height each 54/46 cm. All dimensions are approximate. Please note that leather covers have more seams than fabric covers., Dimension information Note on dimensions, All information are approximate dimensions., Load capacity per seat, 110 kg, Clearance under furniture, 2 cm, Cover material, SOFTLUX® faux leather, Color Color, black, Color notes, Please note that the colors of the item in online images may differ from the original shades on your home monitor., Series Series, Bansin, Features & functions Foam density, 30 kg/m3, Number of seats, 5, Delivery & assembly Delivery condition, assembled, Notes Care instructions, Please follow the care instructions according to the enclosed product and material passport.",1269.99,3707781025,934
2297065031,Domo Collection,"Upholstered suite ""Norma"", (set, 2 pcs.), consisting of a 2-seater and a 3-seater, beige, seating furniture sets, 86870107-0","DOMO collection upholstered suite ""Norma"", (set, 2 pcs.), consisting of a 2-seater and a 3-seater, DOMO collection, seating furniture sets",789.99,3707783739,909
2296556569,sit&more,"Upholstery set (2-piece), consisting of one 2-seater and one 3-seater, including spring core, brown, seating furniture set, 25419805-0","Cozy 2-piece upholstery set, consisting of a 2-seater and a 3-seater, each with elaborate back quilting and elegantly curved armrests. Choose your favorite color from different cover qualities: PRIMABELLE® microfiber (100% polyester); SOFTLUX® faux leather; SOFTLUX®/structure (frame in faux leather, seat and back in structured fabric made of 75% polyester and 25% viscose); Natural LEATHER (genuine cowhide on seat and back, frame in color-matched faux leather). Made from FSC®-certified wood-based materials. Includes spring core.",1159.99,3707884784,844
3637031760,Oral B,"Oral-B Toothbrush Pulsonic Slim One 2900 Twin Pack, white","Weichhold GmbH\n\n-- to the eBay seller account \n\nNew goods  &nbsp;\n***\n&nbsp; Exhibition items  &nbsp;\n***\n&nbsp; Single items  &nbsp;\n***\n&nbsp; Clearance stock  &nbsp;\n***\n&nbsp; Special items\n\nOral-B Toothbrush Pulsonic Slim One 2900 Twin Pack, white\n\n--The Oral-B Pulsonic Slim One with 2 handles\n\n--Removes surface stains for whiter teeth in 2 weeks\n\n--Two cleaning modes for personalized brushing comfort: Daily Clean and Whitening\n\n--The ultra-slim, super-light sonic toothbrush from Oral-B, ideal for home and travel\n\n--The elongated brush head helps remove surface stains with gentle sonic technology\n\n--Contents: 2 rechargeable electric toothbrushes in white, 2 replacement brush heads, 2 charging stations\n\n--Oral-B, the No.1 toothbrush brand, recommended by dentists worldwide...",69.99,1435573037,65
1502528798,,"Smartphone Realme 5 PRO 6.3"" Octa-Core 8 GB RAM 128 GB Green","Smartphone Realme 5 PRO 6.3"" Octa-Core 8 GB RAM 128 GB Green",303.28,1845370192,894
4229989483,Floordirekt,Floordirekt Carpet Runner Sundae 24523 Beige Rectangular 1000 mm x 5000 mm,Carpet runner Floordirekt Sundae Beige,77.34,3698125504,956
4231112504,Floordirekt,Floordirekt Carpet Runner Sundae 24520 Beige Rectangular 500 mm x 4000 mm,Carpet runner Floordirekt Sundae Beige,35.69,3697847128,931
4256814997,VelvetTrading,rug sundae 69 width: 100 cm length: 400 cm - beige - plastic,Rug | Sundae | Beige 69 | Width: 100 cm Length: 400 cm,57.99,3698083617,906
4256704314,VelvetTrading,rug sundae 69 width: 100 cm length: 500 cm - beige - plastic,Rug | Sundae | Beige 69 | Width: 100 cm Length: 500 cm,72.99,3698125504,956
1423044582,Wesco,Wesco Bread Bin - Single Elly - Red,"A genuine retro gem for a smaller kitchen, the Single Elly bread bin is ideal for storing bread, pastries, cakes or other treats. Ventilation holes ensure optimal air circulation so everything stays fresh longer. Solid metal hinges and the metal handle make the Single Elly virtually indestructible. In classic white the nifty box simply looks good and can be easily combined with existing accessories. Product details: Approx. dimensions: Width: 32 cm Depth: 19.4 cm Height: 14 cm Material: high-quality sheet steel, powder-coated Handle and hinges made of metal Not dishwasher safe Contents of delivery: 1 x Wesco Bread Bin Single Elly - Red Decorative items shown are not included.",42.95,1315301634,1007
1537709306,Blackline 2.0,Blackline 2.0 Honest Whey+ 1000g (Flavor: Butterkeeeks),"Honest Whey+ 1000g Chocolate Cream is made from the following ingredients: whey protein concentrate (contains emulsifier soy lecithin) 81.8%, whey protein isolate (contains emulsifier soy lecithin) 12.5%, flavouring, cocoa powder highly defatted, sweeteners sucralose; acesulfame K. Allergen information for Honest Whey+ 1000g Chocolate Cream: soy, milk. May contain traces of: gluten, crustaceans, egg. Nutritional and active ingredient information: Nutritional values per 100g / per serving (30.00g) Energy kcal 397 kcal 119 kcal Energy kJ 1662 kJ 498 kJ Fat 7.50g 2.25g of which saturated fatty acids 5.40g 1.62g Carbohydrates 5.00g 1.50g Sugars 2.70g 0.81g Fibre 0.96g 0.29g Protein 77.40g 23.22g Salt 0.43g 0.13g",22.9,1237834248,657
2118643101,Dr. Martens,"Dr. Martens Unisex Adult 2976 Chelsea Boots, Black, EU 45",AirWair.,170.99,3072721304,585
3927439605,TOM TAILOR,"TOM TAILOR Alisa bedding, with extra 40x40 cm cushion, green autumn bedding, bed linen and sheets","The plain GOTS-certified linen bedding ""Alisa"" from TOM TAILOR becomes a guaranteed eye-catcher in your bedroom thanks to its modern colors and the two differently sized pillowcases. For environmental reasons, the bedding set is packaged in the 40 x 40 cm pillowcase. Made from 70% cotton and 30% linen, the bedding also scores with its skin-friendly properties and the breathable fabric quality ensures a comfortable sleep. GOTS guarantees that no dyes or auxiliaries that are harmful to health or the environment are used in production. Sustainable manufacturing is also assured. The cotton comes from controlled organic farming. The pillowcase and duvet cover feature a decorative button closure, making changing the bedding child's play. The set is machine washable at up to 60°C and suitable for tumble drying. GOTS-certified, the timeless linen bedding ""Alisa"" from Tom Tailor.",109.99,2575854780,561
4188977524,TOM TAILOR,"TOM TAILOR bedding Alisa, (3 pc.), with extra cushion 40x40 cm grey bedding set bed linen, sheets and duvet covers","The plain GOTS-certified linen bedding ""Alisa"" from TOM TAILOR becomes a guaranteed eye-catcher in your bedroom thanks to its modern colours and the two differently sized pillowcases. For environmental reasons, the bedding set is packed in the 40 x 40 cm pillowcase. Made from 70% cotton and 30% linen, the bedding also scores with its skin-friendly properties, and the breathable fabric quality ensures a comfortable night's sleep. GOTS guarantees that no dyes or auxiliaries that are harmful to health or the environment are used during production. Sustainable manufacturing is also assured. The cotton comes from controlled organic cultivation. The pillowcase and duvet cover feature a decorative button closure, making changing the bedding child's play. The set is machine washable up to 60°C and suitable for tumble drying. GOTS-certified, the timeless linen bedding ""Alisa"" from Tom Tailor.",80.99,3163192131,728
4188896319,TOM TAILOR,"Bed linen Alisa, TOM TAILOR, with additional cushion 40x40 cm grey 1 pc x 135 cm x 200 cm","General Number of pieces , 3 pcs, Number of duvet covers , 1 pc, Number of pillowcases , 2 pcs, Dimensions Width duvet cover , 135 cm, Length duvet cover , 200 cm, Width pillowcase , 40 cm, Length pillowcase , 80 cm, Width pillowcase 2 , 80 cm, Length pillowcase 2 , 80 cm, Appearance/Style Colour , stone, Appearance pillowcase , plain, Appearance duvet cover , plain, Decoration , standing hem, Closure Closure pillowcase , buttons, Closure pillowcase details , visible button placket, Closure duvet cover , buttons, Closure duvet cover details , visible button placket, Material Material type , linen, Material composition , Cover: 70% cotton, 30% linen, Areal weight , 125 g/m2, Organic cotton , organic cotton (kbA), Care instructions Care instructions , 60°C machine wash tumble dryer suitable, Additional information Additional information pillowcase , The design of the pillowcase may differ from the illustration., Colour notes , Please note that the colours on your monitor may differ from the original shades.",89.99,3163192131,728
2068611560,RAUCH,rauch wardrobe »Rasa« beige 85 cm x 188 cm x 52 cm,"Product details Brand information , rauch BLUE – FURNITURE. SIMPLY GOOD.: Here you will find functional, well thought-out and sustainable furniture ""Made in Germany"". The rauch BLUE brand combines reliable quality with a great price-performance ratio., Color Color , structured oak decor light/gray metallic, Handle color , aluminum-colored, Notes Quality seal , The ""Golden M"", quality seal of the DGM, Features & functions Number of shelves , 1, Number of clothes rails , 1, Number of drawers , 2 pcs., Number of large drawers , 2, Number of doors , 2 pcs., Type of handles , handle strip, Type of doors , mirrored doors, Dimensions Width , 85 cm, Depth , 52 cm, Height , 188 cm, Drawer internal width , 78 cm, Drawer internal depth , 34 cm, Drawer internal height , 6.5 cm, Note on dimensions , All information are approximate measurements., Material Drawer runner material , plastic, Clothes rail material , metal, Handle material , plastic, Fitting material , metal, General Finish , with mirror, Delivery & assembly Delivery contents , assembly instructions, Notes Accessory note , Shelves item no. 862919 Wardrobe lighting item no. 61256024 Hook rail item no. 41396010 Trouser holder item no. 74171859 Tie holder item no. 28858131, Additional information Additional information , Interior decor in light linen look. Can only be assembled lying down!,",230.99,3679029688,516
4623017083,RAUCH,"rauch wardrobe ""Noosa"", with mirror and drawers","The modern wardrobe from the manufacturer rauch allows any youth bedroom to be furnished tastefully or to complement an existing furniture range. This great wardrobe integrates beautifully and stands out with its colored accents on the drawers. Depending on the size of the room and individual preference, the wardrobe can be ordered in various widths and with one or two mirrors on the door.",385.99,1722402917,521
29299658960,DEKOWE,"Sisal Rug DEKOWE ""Mara S2 with Special Border"" Rug Size W/H: 67 cm x 250 cm, 5 mm, 1 pc., black (black, heathered) Sisal Rugs 100% Sisal, also as runner, living room","With this high-quality and hard-wearing sisal rug you bring a piece of nature into your home. The rug made of 100% sisal impresses with its natural look and timeless design. Thanks to the many colors and sizes, you can ideally match this rug to your furnishings. It suits any decor style—whether kitchen, hallway or living room—this rug fills your home with cozy elegance and warmth. Due to its moisture-regulating property, this rug helps improve the indoor climate. The slightly heathered and lustrous colors demonstrate the authenticity and purity of this natural product. The sisal rug is fully edged with a low-maintenance polyester border and comes with a non-slip backing. We recommend using a rug gripper to provide lasting protection for even high-quality subfloors.",143.99,4380734762,562
202581283129,Hn8 Schlafsysteme,"Cold foam mattress HN8 SLEEP SYSTEMS ""XXL Gelstar KS"" Mattress Size 2 (0 kg - 80 kg), W/H/L: 120 cm x 25 cm x 200 cm, Material top: elastane-synthetic fiber-viscose, Material bottom: elastane-synthetic fiber-viscose, 1 pc., white cold foam mattress","XXL GELSTAR T KS - the right mattress for a restorative night. Hn8 Sleep Systems - for the best sleep. On an Hn8 Sleep Systems mattress you can dream, doze, relax and reflect. Nowhere does a person free themselves from stress better than on a mattress that simply fits. Therefore, a mattress from Hn8 Sleep Systems is not just a piece of furniture, but a personal place of well-being to forget everyday life and find yourself. The vision of Schwarzwald Schlafsysteme GmbH drives the successful brand, which stands for sustainably developed mattresses of the highest quality ""Made in Germany"". Restful nights with the XXL Gelstar series After a long development period, a new mattress was designed that, according to the latest findings, optimally meets all important factors for good sleep. Body support: To support the back even better, a 7-zone Waterpur cold foam core with an innovative cutting technique in the shoulder and pelvic zones was used as the inner core. The 12 cm high 7-zone Waterpur cold foam core supports in the right places and thus prevents excessive sinking of the body contours, which can often cause severe back pain. Pressure relief: The double-sided, 5 cm high gel foam cover with high density and special zoned structure ensures excellent body adaptation and pressure relief for the spine and joints. The gel foam cover combines the excellent properties of visco and cold foam to provide body-appropriate sleeping comfort. Sleep climate: Due to the open-cell structure of the inner core and the gel foam cover, the model is breathable. In combination with the exclusive double-cloth cover containing viscose and elastane, including high-quality climate wadding and 3D climate band, the XXL Gelstar KS also offers very good moisture regulation and is therefore also ideally suited for people who sweat heavily. Mattress hygiene: The viscose (also called artificial silk) content in the exclusive double-cloth cover is responsible for the cover feeling cuddly soft and having high absorbency. The elastane content optimizes body adaptation to your body contours and ensures high elasticity (stretch). Easy handling: The mattress can be easily turned using 4 sturdy handles. The cover has a 4-sided zipper and is therefore removable, separable and washable up to 40 °C. The core height is 22 cm. The total height is approx. 24-25 cm.",509.99,4328893999,512
2296537627,Hn8 Schlafsysteme,"Cold foam mattress »Royal Visco 26«, 26 cm high, (1 pc.), Great value for money, white, mattress, 612195-4 W/H/L: 80 cm x 26 cm x 200 cm","The 7-zone visco cold foam mattress with a 20 cm high, open-pored and breathable Waterpur cold foam core in high-quality density (RG 40) ensures excellent long-term elasticity and provides optimal body support. The 4 cm high visco foam topper on top in high-quality density (RG 50) offers unique contouring to the body and pressure relief for the spine, providing excellent lying comfort. The high-quality double-cloth stretch cover is unquilted on the top (viscose side), allowing the mattress to adapt even better to body contours. The underside of the cover is quilted with breathable climate wadding to ensure improved moisture regulation. Dividable with a 4-sided zipper, removable and washable up to 60 °C. Strong frame adjustment of the mattress is possible, making this mattress highly recommended for avid readers as well. Regular turning extends the mattress's lifespan and preserves sleeping comfort.",269.99,3167913247,511
3551952830,BlackLine 2,"BlackLine 2.0 Honest Whey+, 1000 g bag, Cinnamon Rice Pudding",Sinob wanted to bring an honest whey to market...,30.98,1316055693,731
4435586554,Maier Sports,Maier Sports Women's Jacket Liland P3 W 6600151 Fire Red 44,"Liland P3 W by MAIER SPORTS Product type: Women's jacket mTEX el 3-layer Gender: Women The versatile 3-layer jacket Liland P3 W from MAIER SPORTS can be used for a variety of ambitious outdoor activities. Thanks to its full ski equipment, it is also ideally suited for ski tours—both on and off piste. Its mTEX 20,000 membrane gives the jacket maximum weather protection in the form of waterproofing, windproofing and high breathability. The latter is also supported by effective underarm ventilation, which ensures an ideal body climate. Features such as the detachable hood, the removable powder skirt and the sleeves extended over the back of the hand are further details that make the Liland P3 W from MAIER SPORTS the ideal companion in the cold season. Sustainability is also a priority here: the jacket is made from almost two-thirds recycled PES yarn and has an environmentally friendly, PFC-free impregnation. Technical 3-layer jacket for versatile outdoor activities Maximum weather protection thanks to the mTEX 20,000 high-tech membrane Environmentally friendly, made from 65% recycled PES yarn Water-repellent impregnation – completely free of PFC Underarm ventilation enables an ideal body climate Suitable for: Hiking Trekking Leisure Winter sports Snow adventures Water column: 20,000 mm Material composition: Main material: 65% polyester, 35% polyester Lining: 100% polyamide Membrane: 100% polyurethane Did you know? With the “Mission Clean Function” MAIER SPORTS has committed to using materials that are safe for people and the environment. They therefore use an alternative impregnation that is free of per- and polyfluorinated chemicals (PFC). ID:224253",197.37,3407235199,667
4657354263,KARAT,Karat Rug Sundae | Beige 69 | 50x200 cm,"Made-to-measure velour rug ""Sundae"" – plush area rug of the highest class. Do you value a high-quality area rug? Then we have just the thing: the custom-made velour rug ""Sundae"" in six beautifully appealing colors. The extra-high, fluffy pile has a subtle sheen that gives the velour rug its special charm. From now on you can walk as if on clouds through the living room, bedroom or hallway, because this premium area rug is available in almost any size and is ideal for every living area. The velour rug features an easy-care and particularly durable polypropylene pile and a backing coated with non-slip fabric. This helps fix the rug lightly to the floor while keeping it flexible. The rug runner is available in various sizes and as a custom cut. For the latter, different widths are available. The maximum length is thirty meters. The beautiful velour rug is visually finished with a color-coordinated overlock edge made from robust synthetic yarn.",25.99,3698017610,532
29607898384,DEKOWE,"Sisal rug »Mara S2 with special border«, rectangular, 100% sisal, also as runner, living room, 79882608-0 black 5 mm","With this high-quality and hard-wearing sisal rug you bring a piece of nature into your home. The rug, made from 100% sisal, impresses with its natural character and timeless design. Thanks to the many colors and sizes, you can easily combine this rug with your furnishings. It suits any interior style—whether kitchen, hallway, or living room—this rug fills your home with cozy elegance and comfort. Due to its moisture-regulating property, this rug helps improve the indoor climate. The subtly variegated and glossy colors reflect the authenticity and purity of this natural product. The sisal rug is fully edged with a low-maintenance polyester border and comes with a non-slip backing. We recommend using a rug pad to permanently protect even high-quality subfloors.",143.99,4380734762,562
2117931367,Blackline 2.0,Honest Whey + - 1000g - Vanilla Ice Cream,"Honest Whey + from Blackline 2.0. With Honest Whey + from Blackline 2.0 the name says it all. The ""honest"" whey consists of whey protein concentrate and 12.5% whey protein isolate and forgoes unnecessary fillers and additives. This especially benefits the taste. In addition, Honest Whey + from Blackline comes in a range of unusual and extremely delicious flavours. Who didn't enjoy rice pudding with cinnamon, or butter biscuits? With these and many other classics you can not only support your muscle-building training but also treat your taste buds a little. Manufacturer/importer information: sinob GmbH, Hamburger Straße 4-6, 22946 Grande, Germany, www.sinob.de. Ingredients: 82.4% whey protein concentrate (emulsifier: soy lecithin), 12.5% whey protein isolate (emulsifier: soy lecithin), caramel, flavouring, maltodextrin, sweeteners: sucralose, acesulfame K. Allergens: Contains milk, milk products, soy. Special features: Contains emulsifier(s), flavouring(s), sweetener(s). Recommended use: Mix 30 g powder per serving with milk or water. Storage: Store in a cool, dry place. Protect from direct sunlight. Description: Powder for preparing a whey protein drink with sweeteners. Net weight: 1 kg. Note: The stated recommended daily intake should not be exceeded. Do not use the food supplement as a substitute for a balanced and varied diet. Keep out of reach of children.",29.99,1237828102,534
156116289986,Lidl,"Hn8 Sleep Systems 7-Zone Geltouch Mattress XXL Gelstar KS (120 x 200 cm, H2) - 2 Year Warranty - at least 14 Days Return Policy","Hn8 Sleep Systems 7-Zone Cold Foam Mattress »XXL Gelstar KS« The 7-zone cold foam mattress »XXL Gelstar KS« stands for healthy ergonomics and maximum sleeping comfort. Restful nights are ensured by the double-sided, 5 cm high Geltouch foam toppers divided into 7 zones and the 7-zone Waterpur® core with high long-term durability. Optimal body adaptation from the first minute As soon as you lie down on the »XXL Gelstar KS«, it perfectly adapts to your body. Responsible for this are the 5 cm high Geltouch foam covers divided into 7 zones. These are gel-foam toppers integrated into the mattress made of gently supportive foam that adapts to your individual sleeping position. 7-zone Waterpur® cold foam core provides the best body support The »XXL Gelstar KS« mattress is equipped with the innovative 7-zone Waterpur® cold foam core. The Waterpur core ensures high point and long-term elasticity and supports the body overnight at the most important contact points. This allows the entire musculature to relax during sleep and supports optimal regeneration of the spine. Climate management - Good sleeping climate thanks to innovative cut technique and high-quality mattress cover The 7-zone Waterpur® cold foam core not only supports your body optimally during sleep but also provides a pleasant sleeping climate. The open-pored and breathable foam qualities used ensure perfect ventilation so you can sleep peacefully all night. Features Optimal body support for all sleeping positions thanks to 7-zone Waterpur® cold foam core with high-quality density Gentle body adaptation and pressure distribution through double-sided, 7-zone Geltouch foam toppers Double-cloth cover with 3D climate band and center zipper for improved sleeping climate and optimal hygiene High proportion of viscose and elastane in the cover for better moisture regulation and improved body adaptation due to the elastane (stretch cover) More hygiene by easily removing and washing the cover up to 60 °C Available in firmness levels H2, H3 and H4 Product details of the 7-zone cold foam mattress »XXL Gelstar KS« at a glance Core type: Cold foam Core construction: 5 cm 7-zone Geltouch foam topper, 12 cm 7-zone Waterpur cold foam, 5 cm 7-zone Geltouch foam topper Core height: approx. 22 cm Density: Geltouch foam topper: 40 kg/m3; Waterpur core: 35 kg/m3 Cover material: Outer cover: 65% polyester, 34% viscose, 1% elastane; Quilting fill: 100% polyester; Inner cover: 100% polypropylene Sizes: 90 x 190 cm, 80 x 200 cm, 90 x 200 cm, 100 x 200 cm, 120 x 200 cm, 140 x 200 cm, 160 x 200 cm, 180 x 200 cm Total height: approx. 25 cm Size and weight: approx. 90 x 190 cm – 18 kg, 80 x 200 cm – 18 kg, 90 x 200 cm – 17 kg, 100 x 200 cm – 19 kg, 120 x 200 cm – 21 kg, 140 x 200 cm – 25 kg, 160 x 200 cm – 28 kg, 180 x 200 cm – 32 kg Firmness: H2, H3, H4 Recommended weight ranges: Firmness H2 (medium): approx. 45 - 80 kg, Firmness H3 (firm): approx. 75 - 95 kg, Firmness H4 (very firm): approx. 90 - 120 kg Removable cover: yes Type of zipper: center zipper Turning handles: yes Care instructions: Cover removable and washable up to 60 °C Trial sleeping: 90 days on mattresses ordered online from receipt of goods",412.99,4328893999,512
3487828519,TOM TAILOR,"Bedding Alisa, TOM TAILOR, with extra cushion 40x40 cm blue 1 pc x 200 cm x 200 cm","General Number of pieces , 5 pcs, Number of duvet covers , 1 pc, Number of pillowcases , 2 pcs, Dimensions Width duvet cover , 200 cm, Length duvet cover , 200 cm, Width pillowcase , 80 cm, Length pillowcase , 80 cm, Width pillowcase 2 , 80 cm, Length pillowcase 2 , 80 cm, Width pillowcase 3 , 40 cm, Length pillowcase 3 , 40 cm, Width pillowcase 4 , 40 cm, Length pillowcase 4 , 40 cm, Appearance/Style Color , light blue, Pillowcase appearance , plain, Duvet cover appearance , plain, Trim , hem, Manufacturer color name , light blue, Closure Pillowcase closure , buttons, Pillowcase closure details , visible button placket, Duvet cover closure , buttons, Duvet cover closure details , visible button placket, Material Material type , linen, Material composition , Outer material: 70% cotton, 30% linen, Fabric weight , 125 g/m2, Organic cotton , certified organic cotton, Care instructions Care instructions , 60°C machine wash tumble dryer suitable, Additional information Additional information pillowcase , The design of the pillowcase may differ from the illustration., Color notes , Please note that the colors on your monitor may differ from the original shades.",149.99,2574572947,688
3501315747,TOM TAILOR,"Bedding »Alisa«, TOM TAILOR, made of linen and organic cotton with extra cushion 40x40 cm, beige","The solid-colour GOTS-certified linen bedding ""Alisa"" from TOM TAILOR becomes a guaranteed eye-catcher in your bedroom thanks to its modern colours and the two differently sized pillowcases. For environmental reasons, the bedding set is packaged in the 40 x 40 cm pillowcase. Made from 70% cotton and 30% linen, the bedding also scores with skin-friendly properties and the breathable fabric quality ensures a comfortable night's sleep. GOTS guarantees that no health- or environmentally-harmful dyes and auxiliaries are used during production. Sustainable manufacturing is also assured. The cotton comes from certified organic cultivation. The pillow and duvet covers feature a decorative button closure that makes changing the bedding child's play. The set is machine washable up to 60°C and suitable for tumble drying. GOTS certified, the timeless linen bedding ""Alisa"" from Tom Tailor.",149.99,2574917744,736
3993296567,DR. MARTENS,DR. MARTENS Vegan 1460 lace-up ankle boots red 42,"Size , 42, Heel height , 3 cm, Color , burgundy, Upper material , synthetic leather, Material composition , Upper (shoes): 100% Other material, Lining (shoe): 100% Textile, Insole: 100% Textile, Outsole: 100% Other material, Fastening , lace-up, Heel type , block heel, Toe , open, Insole material , textile, Outsole material , other material, Shaft height , NA, Width , E,",190.99,2123785815,691
3072524524,Dr. Martens,"Dr. Martens Women's Vegan 1460 Lace-up Ankle Boots burgundy, Size 45, 3841739","Toe: Round cap; Material: Synthetic/Rubber; Heel type: Block heel; Design: Contrast lining, Profile/tread sole, Reinforced heel, 8-eyelet lacing, Heel pull tab; Extras: Contrast stitching; Heel height: Low heel (0-3 cm)",182.99,1350115119,646
3972766136,Dr. Martens,Dr. Martens 1460 Vegan Cherry-Red Men's Boots,"Dr. Martens 1460 Vegan is a lace-up boot featuring a new design in the pretty, supple Cambridge-brush material in cherry red. The 8-eyelet boot is 100% vegan and marked by our signature yellow heel loop and yellow stitching. This collection has a glossy finish and is fashion-forward.",161.0,1350115119,646
2011670508,M. Westermann & Co. GmbH,"Wesco Single Elly bread bin, bread box for storing bread, rolls, pastries or cake, color: red","The Wesco Single Elly bread bin is a genuine retro gem: with its oval shape and decorative embossing on the lid, it is reminiscent of bread boxes from the 1950s. The bread box is especially well suited to smaller households because its footprint of 32 x 19 cm does not take up much space on the countertop. In the Single Elly, bread, rolls, pastries or cake can be stored hygienically. Ventilation holes on the back of the box ensure good air circulation. If desired, the Single Elly can also simply be used as a storage container or organiser — in the kitchen for baking utensils or spice jars, in the office for pens, scissors, sticky notes and more, or in the children’s room for building blocks or craft supplies.",50.95,1315301634,1007
4286394339,Maier Sports,"Maier Sports Metor Therm functional jacket women in chili-hot coral, size 36 chili-hot coral 36","Outdoor jacket with breathable, water- and windproof mTex technology; 10,000 mm water column; hood stowable in the collar and detachable; 2 outer pockets with zippers; 2 roomy inner pockets; adjustable sleeve cuffs and hem with width regulation; water-repellent, PFC-free impregnation; soft mTherm-light padding with high loft; practical packaway function; shell 100% polyester, lining 100% polyamide.",118.95,3315581208,631
3487828531,TOM TAILOR,"Bedding Alisa, TOM TAILOR, with extra cushion 40x40 cm beige 1 pc x 200 cm x 200 cm","General Number of pieces , 5 pcs, Number of duvet covers , 1 pc, Number of pillowcases , 2 pcs, Measurements Width duvet cover , 200 cm, Length duvet cover , 200 cm, Width pillowcase , 80 cm, Length pillowcase , 80 cm, Width pillowcase 2 , 80 cm, Length pillowcase 2 , 80 cm, Width pillowcase 3 , 40 cm, Length pillowcase 3 , 40 cm, Width pillowcase 4 , 40 cm, Length pillowcase 4 , 40 cm, Appearance/Style Colour , sand, Pillowcase appearance , plain, Duvet cover appearance , plain, Trim , topstitch, Manufacturer colour name , sand, Closure Pillowcase closure , buttons, Pillowcase closure details , visible button placket, Duvet cover closure , buttons, Duvet cover closure details , visible button placket, Material Material type , linen, Material composition , Cover: 70% cotton, 30% linen, Fabric weight , 125 g/m2, Organic cotton , organic cotton (kbA), Care instructions Care instructions , 60°C machine wash tumble dryer suitable, Additional information Additional information pillowcase , The design of the pillowcase may differ from the illustration., Colour note , Please note that the colours on your monitor may differ from the original shades.",149.99,2574917744,736
4065797640,TOM TAILOR,"Linen bedding TOM TAILOR TOM TAILOR 155x200 cm, with 1 pillow","· terra · 70% cotton, 30% flax/linen · Pillow size: 40x40 cm, 80x80 cm · with buttons · Machine wash up to 60°C · Tumble dryer suitable Material: 70% cotton, 30% flax",84.9,2575855204,555
2523741989,DR. MARTENS,DR. MARTENS 2976 Vegan Chelsea boots in vegan construction black 42,"Size, 42, Size system, EU sizes, Heel height, In size 37 approx. 3 cm, Color, black, Upper material, imitation leather, Lining material, synthetic, Style, classic, Special features, in vegan construction, Closure, stretch gore, Heel type, block heel, Toe shape, round, Insole material, synthetic, Cushioning technologies, air-cushion sole, Outsole material, rubber, Outsole properties, petrol-resistant, fat-resistant, alkali-resistant, oil-resistant, acid-resistant, Outsole profile, profiled, Shoe width, regular",189.0,2239661306,647
4451342522,Elho,Elho plant container Green Basics seedling pot various colors and orange Ø 19 cm x 19 cm x 17 cm x 19 cm,"Width: 19 cm, Depth: 19 cm, Height: 17 cm, Diameter: 19 cm, Material: plastic, Material composition: 100% polypropylene, Color: mild terra, Pattern: plain (solid color), Features: seedling pot, Note on contents: seedling pot",11.34,723335457,709
4150903702,TOM TAILOR,"TOM TAILOR bed linen Alisa (3 pc.), with additional 40x40 cm cushion, orange bedding sets bed linen, sheets and bed covers","The solid-color GOTS-certified linen bed linen ""Alisa"" from TOM TAILOR becomes a guaranteed eye-catcher in your bedroom thanks to its modern colors and the two differently sized cushion covers. For environmental reasons, the bedding set is packaged in the 40 x 40 cm cushion cover. The bed linen, made from 70% cotton and 30% linen, also scores with its skin-friendly properties and the breathable fabric quality ensures a pleasant sleep. GOTS guarantees that no dyes or auxiliaries that are harmful to health or the environment are used in production. A sustainable manufacturing process is also assured. The cotton comes from controlled organic cultivation. The pillowcase and duvet cover are equipped with a decorative button closure, making changing the bedding child's play. The set is machine washable up to 60°C and suitable for tumble drying. GOTS-certified, the timeless linen bed linen ""Alisa"" from Tom Tailor.",89.99,2575855204,555
18467725403,Hn8 Schlafsysteme,"Cold foam mattress HN8 SLEEP SYSTEMS ""Royal Visco 26"" Mattress Size 4 (101 kg - 120 kg), W/H/L: 80 cm x 26 cm x 200 cm, Polyester cover, Top material: Viscose-Polyester-Elastane, Bottom material: Polyester, 1 pc, white Allergy-friendly mattress Great value for money","The 7-zone visco cold foam mattress with a 20 cm high, open-pored and breathable Waterpur cold foam core in high density (RG 40) ensures excellent resilience and provides optimal body support. The 4 cm high visco foam topper on the top in high density (RG 50) offers unique contouring to the body and pressure relief for the spine, providing outstanding sleeping comfort. The high-quality double-cloth stretch cover on the top (viscose side) is unquilted, allowing the mattress to adapt even better to body contours. The underside of the cover is quilted with breathable climate wadding to ensure improved moisture regulation. Dividable with a 4-sided zipper, removable and washable up to 60 °C. The mattress allows strong frame adjustment, making it highly recommended for those who like to read in bed. Regular turning extends the mattress lifespan and preserves sleeping comfort.",236.59,3167913247,511
4606793746,Mandarina Duck,Mandarina Duck shoulder bag Hunter blue,"Material , Nylon, polyurethane, Material composition , Outer material: 80% Nylon, 20% Polyurethane. Lining: 100% Polyester, Color , Waterfall, Appearance/Style , solid color, Measurements Width , 28 cm, Height , 20 cm, Depth , 13 cm, Weight , 430 g,",125.0,3633265349,738
29298304831,DEKOWE,"Sisal rug DEKOWE ""Mara S2 with Special Border"" Rugs Size W/L: 67 cm x 150 cm, 5 mm, 1 pc, beige (natural) Sisal rugs 100% sisal, also suitable as runner, living room","With this high-quality and hard-wearing sisal rug you bring a piece of nature into your home. The rug made of 100% sisal impresses with its natural character and timeless design. Thanks to the many colors and sizes, you can easily combine this rug with your furnishings. It suits any decor style—whether kitchen, hallway or living room—this rug fills your home with cozy elegance and comfort. Due to its moisture-regulating property, this rug helps to improve the indoor climate. The subtly mottled and glossy colors show the authenticity and purity of this natural product. The sisal rug is fully edged with an easy-care polyester border and comes with a non-slip backing. We recommend using a rug pad to protect high-quality subfloors in the long term.",107.99,4380729330,689
6013639039,RAUCH,"Wardrobe RAUCH ""Rasa"" Cabinets W/H/D: 85 cm x 188 cm x 52 cm, with mirror, 2 pcs., brown hinged-door wardrobe wardrobe wardrobes cabinets","A refined focal point for the bedroom: This wardrobe from rauch provides an intelligent solution for clothes and much more. The pleasant surface transforms the room into an oasis of calm — all available color variants convey an elegant and relaxing atmosphere. Surely there is the right model for every taste. Details such as the metal-colored handles reflect a noble ambience and enhance the room. The various widths are ideal for adapting the wardrobe unit to different room lengths. Depending on personal preference, the rauch wardrobe is available with or without a mirror. The smart interior layout and the drawers support a well-organized overview of your clothing.",219.99,3679060134,502
4643941609,Hn8 Schlafsysteme,"Cold foam mattress HN8 SCHLAFSYSTEME ""Royal Visco 26"" Mattresses 3 (81 kg - 100 kg), W/H/L: 180 cm x 26 cm x 200 cm, polyester cover, top material: viscose-polyester-elastane, bottom material: polyester, 1 pc., white, allergy-friendly mattress, mattress great value for money","The 7-zone visco cold foam mattress with a 20 cm high, open-pored and breathable Waterpur cold foam core in high-quality density (RG 40) ensures excellent long-term elasticity and offers optimal body support. The 4 cm high visco foam topper on the top in high-quality density (RG 50) provides unique contouring to the body and pressure relief for the spine, delivering excellent lying comfort. The high-quality double-cloth stretch cover is unquilted on the top (viscose side), allowing the mattress to adapt even better to body contours. On the underside the cover is quilted with breathable climate wadding to ensure improved moisture regulation. Divisible with a 4-sided zipper, removable and washable up to 60 °C. Strong frame adjustment of the mattress is possible, making this mattress also highly recommended for avid readers. Regular turning extends the mattress's lifespan and preserves sleeping comfort.",450.26,3167913185,587
2058258958,Blackline 2.0,Honest Whey + - 1000g - Rice Pudding Cinnamon,"Honest Whey + from Blackline 2.0. With Honest Whey + from Blackline 2.0 the name says it all. The ""honest"" whey is made from whey protein concentrate and 12.5% whey protein isolate and avoids unnecessary fillers and additives. This especially benefits the taste. In addition, Honest Whey + from Blackline comes in a range of extraordinary and extremely tasty flavours. Who didn't enjoy rice pudding with cinnamon, or butter biscuits? With these and many other classics you can not only support your muscle building training, but also treat your taste buds a little. Manufacturer/importer information: sinob GmbH, Hamburger Straße 4-6, 22946 Grande, Germany, www.sinob.de Ingredients: 82.4% whey protein concentrate (emulsifier soy lecithin), 12.5% whey protein isolate (emulsifier soy lecithin), caramel, flavouring, maltodextrin, sweeteners sucralose, acesulfame K. Allergens: Contains milk, milk products, soy. Special features: Contains emulsifier(s), flavouring(s), sweetener(s). Recommended use: Mix 30 g powder per serving with milk or water. Storage: Store in a cool, dry place. Protect from direct sunlight. Description: Powder for preparing a whey protein drink with sweeteners. Net weight: 1 kg. Note: The stated recommended daily intake should not be exceeded. Do not use the dietary supplement as a substitute for a balanced and varied diet. Keep out of reach of children.",29.99,1316055693,731
4006530352,Dr. Martens,Dr. Martens Vegan 2976 Black Felix Rub Off lace-up boots black,"Dr. Martens at EMP. Dr. Martens Vegan 2976 Black Felix Rub Off unisex lace-up boots available in sizes EU37, EU38, EU40, EU41, EU42, EU43, EU44, EU45, EU46. Details: Color: black Pattern: plain Main material: synthetic leather",189.99,3072721304,585
4897454510,Elho,"elho, Flower Pot, Green Basic (19 cm)","From seeds and cuttings to already mature plants – this flower pot from elho is available in the right size for any type of vegetable, herb or fruit. This plant container was developed together with growers, so nothing can go wrong! Its unique base gives the roots optimal aeration and allows them to absorb water easily. A matching saucer is also available for ideal plant care.",3.55,723335457,709
