id,brand,title,description,price,priceCurrency,cluster_id,label,unseen
96929485,APC,B? L?U ?I?N UPS APC SURT20KRMXLI 20KVA,"Th?ng s? k? thu?t?¨¢nh gi¨¢Output power capacity:16.0 KWatts / 20.0 kVAMax Configurable Power (Watts):16.0 KWatts / 20.0 kVANominal Output Voltage:230VOutput Voltage Note:Configurable for 400 or 415V 3 Phase nominal output voltageOutput Voltage Distortion:Less than 5%Output Frequency (sync to mains):50/60 Hz +/- 3 Hz user adjustable +/- 0.1Other Output Voltages:220, 240Load Crest Factor:3 : 1Topology:Double Conversion OnlineWaveform type:Sine waveOverload Operation:60 seconds @ 125% and 30 seconds @ 150%Output Connections(2) IEC Jumpers (Battery Backup)(8) IEC 320 C19 (Battery Backup)(1) Hard Wire 3-wire (H N + G) (Battery Backup)Bypass:Built-in Static Bypass, Internal Bypass (Automatic and Manual), Optional External BypassInputNominal Input Voltage:230V , 400V 3PHInput frequency:40 - 70 Hz (auto sensing)Input Connections:Hard Wire 3 wire (1PH+N+G), Hard Wire 5-wire (3PH + N + G)Input voltage range for main operations:160 - 280VInput Total Harmonic Distortion:Less than 5% for full loadOther Input Voltages:220, 240Maximum Input Current:115.0AInput Power Factor at Full Load:0.98Batteries & RuntimeBattery type:Maintenance-free sealed Lead-Acid battery with suspended electrolyte : leakproofIncluded Battery Modules:4Typical recharge time:2.5hour(s)Nominal Battery Voltage:+/-192 V (split battery referenced to neutral)Replacement Battery:APCRBC140Expected Battery Life (years):3 - 5RBC Quantity:4Extendable Run Time:1Extended Run Options:APC-Smart-UPS-RT-20kVA-RM-230VEnd of Discharge Battery Voltage:+/-154 VEfficiency in Battery Operation93.0 %Runtime:View Runtime Graph:View Runtime ChartEfficiency:View Efficiency GraphCommunications & ManagementInterface Port(s):DB-9 RS-232 , RJ-45 10/100 Base-T , Smart-SlotPre-Installed SmartSlot? Cards:AP9631Control panel:Multi-function LCD status and control consoleAudible Alarm:Audible and visible alarms : configurable delaysEmergency Power Off (EPO):YesSurge Protection and FilteringFiltering:Full time multi-pole noise filtering : 0.3% IEEE surge let-through : zero clamping response time : meets UL 1449PhysicalMaximum Height:533mm , 53.3CMMaximum Width:432mm , 43.2CMMaximum Depth:773mm , 77.3CMRack Height:12UNet Weight:247.73KGShipping weight:314.09KGShipping Height:990mm , 99.0CMShipping Width:610mm , 61.0CMShipping Depth:1003mm , 100.3CMColor:BlackUnits per Pallet:1.0EnvironmentalOperating Temperature:0 - 40 ¡ãCOperating Relative Humidity:0 - 95% non-condensing %Operating Elevation:0-3000metersStorage Temperature:-15 - 45 ¡ãCStorage Relative Humidity:0 - 95% non-condensing %Storage Elevation:0-15000metersAudible noise at 1 meter from surface of unit:59.0dBAOnline thermal dissipation:3770.0BTU/hrProtection Class:IP 20ConformanceApprovals:BSMI, EN/IEC 62040-2, EN/IEC 62040-1-1, VDEStandard warranty:2 years repair or replaceSustainable Ofer Status:RoHS:CompliantREACHREACH: Contains No SVHCsPEP:Available in Documentation tabEOLI:Available in Documentation tabBattery Directive:CompliantBattery Notes:ts_Battery_Notes",205000000,VND,280415,280415,False
16338439,,WD 4TB My Passport Portable Hard Drive,WD 4TB My Passport Portable Hard DriveWD 4TB My Passport Portable Hard Drive 4TB Storage Capacity Micro-USB 3.0 Interface Bus Powered Data Protection with Hardware Encryption1 Year warranty,16000.00,KES,3880206,3880206,False
83480362,,SEAGATE 16TB 3.5 IRON WOLF PRO NAS HDD SATA 6GBPS,,14114.81,ZAR,40783,40783,False
35541139,Audemars Piguet,Royal Oak Offshore Chronograph in Steel,Royal Oak Offshore Chronograph in Steel on Brown Alligator Leather Strap with Brown Dial,27500,USD,34768783,34768783,False
13150770,Zebra,Zebra TrueColours ix Series Monochrome,,155,NOK,163499,163499,False
29909599,,"Zebra Black Printer Ribbon for P310F, P310C, P420C, P520C & P720C ID Card Printers",,21.51,USD,183681,183681,False
26844226,,WS-C2960X-24PD-L - 24 Port Switch,Cisco Catalyst 2960-X 24 Port 370W PoE LAN Base Ethernet Switch,1364.00,USD,1412234,1412234,False
37083729,,Apple Airpod Pro Wireless Bluetooth IPX4 In-Ear Headphones with Wireless Charging Case - White,"AirPods Pro have been designed to deliver Active Noise Cancellation for immersive sound, Transparency mode so you can hear your surroundings and a customisable fit for all-day comfort.",298.00,CAD,1563974,1563974,False
32292330,SHIMANO,BICYCLE-CHAIN-CN-HG95-SUPER-NARROW-HG-FOR-MTB-10-SPEED-116-LINKS-W/O-END-PIN-W/AMPOULE-TYPE-CONNECT-PIN-X1,"BICYCLE CHAIN, CN-HG95 SUPER NARROW HG FOR MTB 10-SPEED 116 LINKS, W/O END PIN, W/AMPOULE TYPE CONNECT PIN X1, IND.PACK",14.0,OMR,107440,107440,False
52158659,,Apple - AirPods with Charging Case (Latest Model) - White,,119.18,USD,1223297,1223297,False
91116388,,Corsair ML140 PRO 1x 140mm RGB LED PWM Magnetic Levitation | Discount Computer Needs,"View and shop for Corsair ML140 PRO 1x 140mm RGB LED PWM Magnetic Levitation, Computer Case Fans, and many more products at Discount Computer Needs.",65.00,AUD,264505,264505,False
74270481,Swiss Military Hanowa,Swiss Military Hanowa06-5161.2.04.003 Flagship Uhr,Steel Swiss Made Watch with Date,249.00,EUR,2682919,2682919,False
28769706,,AirPods 2 with Wireless Charging Case,"Summary:- Designed by Apple- Automatically on, automatically connected- Easy setup for all your Apple devices6- Quick access to Siri by saying ¡°Hey Siri¡± or setting up double-tap- Double-tap to play or skip forward- Charges quickly in the case- Case can be charged with a Lightning connector- Rich, high-quality audio and voice- Seamless switching between devicesMore magical than ever.The new AirPods deliver the wireless headphone experience, reimagined. Just pull them out of the charging case and they¡¯re ready to use with your iPhone, Apple Watch, iPad, or Mac.After a simple one-tap setup, AirPods work like magic. They¡¯re automatically on and always connected. AirPods can even sense when they¡¯re in your ears and pause when you take them out.To adjust the volume, change the song, make a call, or even get directions, simply say ¡°Hey Siri¡± and make your request. You have the freedom to wear one or both AirPods, and you can play or skip forward with a double-tap when listening to music or podcasts.AirPods deliver 5 hours of listening time1 and 3 hours of talk time on a single charge.2 And they¡¯re made to keep up with you, thanks to a charging case that holds multiple charges for more than 24 hours of listening time.3 Need a quick charge? Just 15 minutes in the case gives you 3 hours of listening time4 or 2 hours of talk time.5Powered by the all-new Apple H1 headphone chip, AirPods use optical sensors and motion accelerometers to detect when they¡¯re in your ears. Whether you¡¯re using both AirPods or just one, the H1 chip automatically routes the audio and engages the microphone. And when you¡¯re on a call or talking to Siri, an additional speech-detecting accelerometer works with beamforming microphones to filter out external noise and focus on the sound of your voice.What's in the box: - AirPods- Charging Case- Lightning to USB Cable",190.90,EUR,1126552,1126552,False
70863968,Apple,Apple APPLE AIRPODS PRO (2019),APPLE AIRPODS PRO (2019),249.00,USD,1563974,1563974,False
25360513,Corsair,Corsair ML140 Pro LED 140mm Premium Mag-Lev Fan Red,Corsair ML140 Pro LED 140mm Premium Mag-Lev Fan Red ¨C PC Case Gear ¨C Australia¡¯s Premier Online PC Store.,39,AUD,387671,387671,False
27087295,,"Catalyst 2960-X 24 GigE, 2 x 10G SFP+, LAN Base","Cisco? Catalyst? 2960-X and 2960-XR Series Switches are fixed-configuration, stackable Gigabit Ethernet switches that provide enterprise-class access for campus and branch applications (Figure 1). Designed for operational simplicity to lower total cost of ownership, they enable scalable, secure and energy-efficient business operations with intelligent services and a range of advanced Cisco IOS? Software features. For more detail: https://www.cisco.com/c/en/us/support/switches/catalyst-2960x-24td-l-switch/model.html",27340.25,HKD,758825,758825,False
70805675,Maxxis,Maxxis High Roller II 27.5x2.3 DC/EXO/TR Tire,"An open and aggressive tread design gives the High Roller II excellent soil penetration and mud-clearing ability. A square profile provides a solid, consistent feel across the knobs. Modified knobs on the shoulder and center improve braking performance and traction on hard surfaces. An excellent choice for technical, loose terrain. The High Roller II is available in trail, enduro, and downhill specs.",$52.00,USD,627344,627344,False
80932957,,Seagate IronWolf Pro ST16000NE000hard drive - 16 TB - SATA 6Gb/s,Optimized for NAS with AgileArrayHigh performance means no lag timeRotational Vibration (RV) sensorsDesigned for always accessible 24¡Á7 performance,430.93,GBP,40783,40783,False
17553753,,"Crystal Series 680X RGB Tempered Glass, No PSU, E-ATX, White, Mid Tower Case",Crystal Series 680X RGB ATX High Airflow Tempered Glass Smart Case ¡ª WhiteThe CORSAIR Crystal Series 680X RGB is a dual-chamber tempered glass ATX smart case boasting superb airflow and brilliant RGB lighting to efficiently cool and illuminate the most demanding systems.,339.23,USD,28019,28019,False
14132157,SRAM,SRAM PG-1130CASSETTE ROAD - 11 SPEED,"FEATURESCompatible with all SRAM 11-speed chains11-42t cassette fits 10 and 11-speed non-XD? driver bodies (1.85mm spacer is required for 11-speed driversCompatible with 11-speed road splined driver bodies11-36t and 11-42t cassettes are compatible with 1x drivetrains onlyPower Glide? shift technology for smooth and positive shift performanceWide range of gearing options¡ªa perfect fit for any rideCompatible with non-XD? driver bodiesSPECIFICATIONSSPEED (CS)11sGEARING11-36t, 11-26t, 11-28t, 11-32t, 11-42tCOG FINISH (CASSETTE)Silver, BlackTECHNOLOGY (CASSETTE)PGCOG SIZES11-36t:11,12,13,15,17,19,22,25,28,32,36, 11-26t:11,12,13,14,15,16,17,19,21,23,26, 11-28t:11,12,13,14,15,16,17,19,22,25,28, 11-32t:11,12,13,14,15,17,19,22,25,28,32, 11-42t: 11,13,15,17,19,22,25,28,32,36,42SERVICE",40.0,OMR,296239,296239,False
57644517,,"Swiss Military Hanowa Navy Flagship Quartz Watch, Blue, Day, 42 mm, 10 atm","LineNavyReference6-5161.2.04.003MovementQuartzCaliberRonda 505Case MaterialStainless steelDial colorBlueDiameter42 mmBezel FunctionHour scaleCrystalSapphireCase backScrew-downCalendar typeDayWater resistant depth10 atmBraceletStainless steelClasp typeFoldover claspWarranty2 yearsCountry of ManufactureSwitzerlandAdditional information: Swiss Military Hanowa has always distinguished itself by combining Swiss-made quality and sporty design with the values of the Swiss armed forces, achieving robust and high precision pieces with the ability to function in extreme conditions. The Navy Flagship model perfectly represents these values and stands out for its sporty design and resistance, thanks to its sapphire crystal and its stainless steel case and bracelet. In addition, it's blue color gives great beauty to the watch. Enjoy now this piece with Iguana Sell!",165.0,GBP,2682919,2682919,False
54362555,,"Crucial MX500 SSD 2.5"" - 2TB","Solid State Drive, kryptert, 2 TB, intern, 2.5"", SATA 6Gb/s, 256-bit AES, TCG Opal Encryption 2.0",2803.00,NOK,70841,70841,False
7344796,,Karta VGA Asus Phoenix GeForce? GTX 1660 SUPER OC 6GB GDDR6 192bit DVI+HDMI+DP PCIe3.0,,1276.69,PLN,137125,137125,False
39152734,,CORSAIR CARBIDE SPEC-01 Mid-Tower Gaming Case with Red LED Fan | CC-9011050-WW,"The Essential Gaming PC Case.Carbide Series SPEC-01 is proof that great looks, smart design, and durable construction don¡¯t need to be pricy, and that basic doesn¡¯t need to be boring. You get aggressive styling, a huge side panel window for admiring your components, and an LED-lit front intake fan that draws cool air directly to your graphics cards.Inside, there¡¯s room for up to five fans, and the four combination hard drive / SSD trays make storage installation and upgrades quick and easy. Cable routing cutouts help you reduce clutter, and the built-in dust filters help protect your components. Up front, the USB 3.0 connector gets you up to speed with the latest high-performance storage devices.",210,AED,195552,195552,False
1021564,,UniFi Video Camera G3-MICRO,"Full HD (1080p) indoor camera with compact form factor, 30 FPS, and dual-band support.",265.00,CAD,591042,591042,False
12997946,,Corsair ML140 2x PWM 140mm Magnetic Levitation Fan | Discount Computer Needs,"View and shop for Corsair ML140 2x PWM 140mm Magnetic Levitation Fan, Computer Case Fans, and many more products at Discount Computer Needs.",88.00,AUD,456079,456079,False
35452993,,"UVC-G3-FLEX-3Ubiquiti UniFi Video Camera, G3, Flex 3 pack",,26.27,KES,266703,266703,False
93243301,,Crucial MX500 2TB 3D NAND SATA 2.5 inch 7mm (with 9.5mm adapter) Internal SSD | CT2000MX500SSD1 | Crucial UK,"Buy Crucial MX500 2TB 3D NAND SATA 2.5 inch 7mm (with 9.5mm adapter) Internal SSD CT2000MX500SSD1. FREE US Delivery, guaranteed 100% compatibility when ordering using our online tools.",212.39,GBP,70841,70841,False
86650421,Ubiquiti Networks (UBNT),Ubiquiti UniFi Video Camera G3 Bullet (3 Pack),Ubiquiti UniFi Video Camera G3 Bullet (3 Pack),491.51,GBP,64482,64482,False
74610695,Apple,Apple APPLE AIRPODS (2ND GEN) WIRELESS HEADPHONES WITH WIRELESS CHARGING CASE,"The new AirPods deliver the wireless headphone experience, reimagined. Just pull them out of the charging case and they¡¯re ready to use with your iPhone, Apple Watch, iPad, or Mac.",199.00,USD,1994510,1994510,False
63542010,Ubiquiti,Ubiquiti UVC-G3-BULLET 3 pack,"The UniFi Video Camera G3 Bullet features clear 1080p video resolution. The ball joint mount design offers flexible 3-axis adjustment and can be mounted indoors or outdoors. The camera has infrared LEDs with an automatic IR cut filter for day and night surveillance. Supports 802.3af or 24V Passive PoE. Available in 3-pack.UVC-G3-BULLETDimensions? 75 x 140 mm(? 2.95 x 5.51"")Weight300 g(10.58 oz)EnclosureInjection-Molded Polycarbonate and Die-Cast AluminumNetworking Interface(1) 10/100 Ethernet PortSensor1/3"" 4-Megapixel HDR SensorLensEFL 3.6 mm, f/1.8Night ModeIR LEDs with Mechanical IR Cut FilterMicrophoneYesButtonFactory Reset ButtonPower Method802.3af PoE or 24V Passive PoEPower Supply802.3af PoE SwitchMaximum Power Consumption Standalone With Optional IR Extender4W 9WMountingWall/Ceiling/PoleOperating Temperature-20 to 50¡ã C (-4 to 122¡ã F)Operating Humidity20 - 90% NoncondensingVIDEOVideo CompressionH.264Resolution1080p Full HD (1920x1080)Maximum Frame Rate30 FPSImage SettingsBrightness, Contrast, Sharpness, Saturation, Noise Reduction, 50/60 HzGENERALViewing AngleBefore Lens CorrectionAfter Lens Correction85¡ã (H), 44.8¡ã (V), 98.1¡ã (D)72¡ã (H), 42.9¡ã (V), 80.4¡ã (D)Supported UniFi Video VersionUniFi Video 3.8 (or Newer)UniFi Video System Requirements64-bit Microsoft Windows 10/8/7, Ubuntu 14.04 or 16.04, or Debian 7.0 System withan Intel or Compatible 1.86 GHz (or Above) Processor and a Minimum of 4 GB RAM",404.74,USD,64482,64482,False
53125631,,Corsair ML140 Pro Ventola PWM 140 LED Ross,Corsair ML140 Pro Ventola PWM 140 LED Ross,24.9,EUR,387671,387671,False
9867732,,Disco Seagate Ironwolf Pro 6Tb 256Mb (St6000ne000),"Seagate IronWolf Pro ST6000NE000, 3.5"", 6000 GB, 7200 RPM",202.21,EUR,84984,84984,False
55005068,Audemars Piguet,Audemars Piguet Royal Oak Black Dial Men's Watch,,286189.0,HKD,31594,31594,False
21944667,,WD Black 4TB My Passport Portable USB3.0 HDD (WDBPKJ0040BBK-WESN) (Warranty 3years with WD SG),Warranty : 3 Years with WD,159.00,SGD,1939560,1939560,False
20044617,,LOGITECH - HD WEBCAM C270 PACKAGING REFRESHIN CAM,LOGITECH HD WEBCAM C270 PACKAGING REFRESHIN CAM (960-001063),1070.00,DKK,79254,79254,False
21367693,,Asus GTX1660S 6GB PH GDDR6,"GDDR6, HDMI,DVI,DP, 2S",,,137125,137125,False
71230707,,Sandisk Extreme Pro USB 3.1 Solid State Flash Drive 128GB - SDCZ880-128G-G46,"TRANSFER 4GB TO DRIVE IN LESS THAN 25 SECONDSThe SanDisk Extreme PRO USB 3.1 Solid State Flash Drive delivers super-fast solid state performance in a USB flash drive. A game-changer in the USB storage category, this flash drive offers read speeds of up to 420MB/s and write speeds of up to 380MB/s1 that let you transfer everything fast. With capacities up to 256GB*, there¡¯s plenty of room to easily manage massive files. The sophisticated aluminum design is both stylish and durable, and the included SanDisk SecureAccess software, with 128-bit file encryption and password protection, ensures that your private files stay private2. Plus, the SanDisk Extreme PRO USB 3.1 Solid State Flash Drive is backed by a limited lifetime warranty6 for added peace of mind.READ/WRITE SPEEDS OF UP TO 420MB/s / 380MB/sBlazing-fast performance lets you transfer a full-length 4K movie to drive in less than 15 seconds or 1000 photos in less than 25 secondsSOLID STATE USB FLASH DRIVEThe SanDisk Extreme PRO USB 3.1 Solid State Flash Drive delivers the performance, capacity, and reliability of an SSD in ultimate portability of a USB flash drive.ALUMINUM METAL CASING FOR DURABILITYThe SanDisk Extreme PRO USB 3.1 Flash Drive features an elegant yet durable aluminum metal casing to help protect the drive from everyday wear and tear.SANDISK SECUREACCESS? SOFTWARE PROTECTS YOUR PRIVACYCreate a private folder on your drive with SanDisk SecureAccess software. This 128-bit AES encryption software makes it easy to password-protect critical files. Drag and drop files into the vault, and they'll be protected.EASY FILE RECOVERY WITH RESCUEPRO DELUXE SOFTWAREThe drive comes with a RescuePRO Deluxe data recovery software download offer. This software makes it easy to recover files that have been accidentally deleted (download required).COMPATIBLE WITH USB 3.0 AND 2.0 PORTSThe SanDisk Extreme USB 3.1 Solid State Flash Drive is backward-compatible, so you can plug it into any USB 2.0 or 3.0 port.",18.90,KWD,79238,79238,False
457768,,"Seagate IronWolf 6TB 3.5"" NAS HDD",,0,SEK,498972,498972,False
41132816,Maxxis,"Maxxis Maxxis Highroller 2 Tire, 27.5 x 2.5"" 3C EXO TR",,75.00,USD,729259,729259,False
34298415,,WD HDD 1TB My Passport Black,WD HDD 1TB My Passport Black Hard diskovi,153.60,BAM,472560,472560,False
19673382,CISCO,Catalyst 2960 24 10/100 + 2 1000BT LAN Base Image,, 2757.66,EUR,520988,520988,False
54164067,,Epson 13x18 Premium Glossy Photo Paper,"Glanset fotopapir, 255g/m2, 30 ark",140.00,NOK,157548,157548,False
23249222,,AAA Replica Audemars Piguet Royal Oak Offshore Chronograph Watch 26470OR.OO.A125CR.01,AAA Replica Audemars Piguet Royal Oak Offshore Chronograph Watch 26470OR.OO.A125CR.01 for sale from China with good prices.,,,67840743,67840743,False
57812104,Swiss Military Hanowa,Rel¨®gio Swiss Military Hanowa06-5161.2.04.007 Flagship,Black & Steel Swiss Made Watch with Date,249.00,EUR,5860529,5860529,False
25695113,,"UVC-G4-PROUbiquiti Professional Indoor/Outdoor, 4K Video, 3x Optical Zoom, and POE support",,3.05,GHS,788533,788533,False
16842812,Logitech,Logitech H390 USB Wired Headset,"This is a Wired Headset System RequirementsPCWindows 2000, Windows XP, Windows Vista, Windows 7USB portMacMac OS X (10.2.8 or later)USB portWarranty Information2-year manufacturer's guarantee Package ContentsLogitech USB Headset H390Quick-Start GuidePart NumberPN 981-000406Technical SpecificationsFrequency response: Headset: 20 Hz?20 kHz Microphone: 100 Hz?10 kHzInput sensitivity: -62 dBV/¦Ìbar, -42 dBV/Pa +/- 3 dBCable length: 2.4 m (8 feet)Connections: USB compatible (1.1 and 2.0)",54.87,USD,149318,149318,False
77340472,Apple,Apple APPLE AIRPODS (2ND GEN) WIRELESS HEADPHONES WITH CHARGING CASE,APPLE AIRPODS (2ND GEN) WIRELESS HEADPHONES WITH CHARGING CASE,159.00,USD,1223297,1223297,False
96980573,,WD My Passport WDBPKJ0040BBK - hard drive - 4 TB - USB 3.2 Gen 1,"Every journey needs a passport.The My Passport drive is trusted, portable storage that gives you the confidence and freedom to drive forward inlife. With a new, stylish design that fits in the palm of your hand, there's space to store, organize, and share yourphotos, videos, music, and documents. Perfectly paired with WD Backup software and password protection, the MyPassport drive helps keep your digital life's contents safe.",119.69,USD,1939560,1939560,False
61690853,,CORSAIRMl140 Pro Rgb 140mm Premium Magnetic FAN CO-9050077-WW,Corsair ML140 PRO RGB 140mm Premium Magnetic Levitation RGB LED PWM Fan Single Pack (Embargo Nov 16),56,AUD,264505,264505,False
50944297,,WD My Passport 1TB USB 3.0 + Etui,,239,PLN,283756,283756,False
45136761,,Western Digital My Passport 1TB ?ierny (WDBYNN0010BBK-WESN),Western Digital My Passport 1TB ?ierny (WDBYNN0010BBK-WESN),59.70,CZK,472560,472560,False
38024744,,WS-C2960-24TT-L Cisco Catalyst 2960 Network Switch (New),"Condition: NEWAvailability: End Of Life - Inventory May Be LimitedCisco 2960 Ethernet Switch - 24 port switch - 24 x 10/100Base-TX, 2 x 10/100/1000Base-T (WS-C2960-24TT-L)Cisco Catalyst 2960 Series Intelligent Ethernet Switches are a new family of fixed-configuration standalone devices that provide desktop Fast Ethernet and Gigabit Ethernet connectivity, enabling enhanced LAN services for entry-level enterprise, mid-market, and branch office networks. The Catalyst 2960 Series offers integrated security, including network admission control (NAC), advanced quality of service (QoS), and resiliency to deliver intelligent services for the network edge.GeneralDevice TypeSwitch - 24 ports - L4 - managedEnclosure TypeRack-mountable 1USubtypeFast EthernetPorts24 x 10/100 + 2 x 10/100/1000MAC Address Table Size8K entriesRemote Management ProtocolSNMP 1, RMON 1, RMON 2, RMON 3, RMON 9, Telnet, SNMP 3, SNMP 2c, HTTPAuthentication MethodRADIUS, TACACS+, Secure Shell v.2 (SSH2)FeaturesLayer 4 switching, layer 3 switching, layer 2 switching, auto-sensing per device, DHCP support, auto-negotiation, VLAN support, auto-uplink (auto MDI/MDI-X), IGMP snoopingCompliant StandardsIEEE 802.3, IEEE 802.3u, IEEE 802.3z, IEEE 802.1D, IEEE 802.1Q, IEEE 802.3ab, IEEE 802.1p, IEEE 802.3x, IEEE 802.3ad (LACP), IEEE 802.1w, IEEE 802.1x, IEEE 802.1s, IEEE 802.3ahRAM64 MBFlash Memory32 MB flashStatus IndicatorsPort transmission speed, port duplex mode, power, link OK, system, link/activityExpansion / ConnectivityInterfaces2 x 1000Base-T RJ-45 | 24 x 100Base-TX RJ-45PowerPower DeviceInternal power supplyVoltage RequiredAC 120/230 V (50/60 Hz)Power Consumption Operational30 WattFeaturesRedundant Power System (RPS) connectorMiscellaneousMTBF282,416 hoursCompliant StandardsTUV GS, cUL, EN 60950, EN55022, NOM, VCCI Class A ITE, IEC 60950, EN55024, FCC Part 15, UL 1950 Third Edition, CSA 22.2 No. 950 Third EditionPricing TypeRefurbishedDimensions & WeightWidth17.5 inDepth9.3 inHeight1.7 inWeight7.94 lbs",5.67E2,USD,520988,520988,False
9999780,Sandisk,SanDisk Extreme PRO CZ880 128GB 256GB 420MB/s USB 3.1 Solid State Flash Drive (128GB),"Solid state performance in a USB 3.1 flash drive1Read speeds of up to 420MB/s; write speeds of up to 380MB/s1Sophisticated design with durable aluminium metal casingPassword protection and 128-bit AES file encryption software4RescuePRO? Deluxe data recovery download5Technical DetailsCapacities: 128GB, 256GB*Read speed: 420MB/sWrite speed: 380MB/sCompatibility: USB 3.1, Gen 1 (backward compatible with USB 3.0 and USB 2.0)Dimensions: 11.0 x 21.0 x 71.0 mm; 0.45 x 0.84 x 2.79 inWeight: 17g; 0.6 oz.Operational temperature: 32¡ã - 95¡ã F (0¡ã - 35 ¡ãC)Storage temperature: 14¡ã - 158¡ã F (-10 ¡ãC - 70 ¡ãC)Warranty: Lifetime warranty6TRUST IN SANDISK?All SanDisk products are constructed to the highest standards and rigorously tested, so you can be confident in the outstanding quality, performance and reliability of every SanDisk product.LEGAL DISCLAIMER* 1GB=1,000,000,000 bytes. Actual user storage less.1.Read speeds up to 420MB/s, write speeds up to 380MB/s. USB 3.1Gen 1 or USB 3.0 port required. Based on internal testing; performance may belower depending upon host device. 1MB=1,000,000 bytes.2.Based on 4K video transfer (4GB) with USB 3.1, Gen 1 or USB 3.0host device. Results may vary based on host device, file attributes and otherfactors.3. Based on 4GB transfer of 1000 photos (avg. file 4MB) with USB3.1, Gen 1 or USB 3.0 host device. Results may vary based on host device, fileattributes and other factors.4.Password protection uses 128-bit AES encryption and is supportedby Windows Vista?, Windows 7, Windows 8, Windows 10 and Mac OS X v10.7+(Software download required for Mac)5. Registration required; terms and conditions apply.6.30 years in Germany, Canada and regions not recognizing lifetime warranty.",288.0,MYR,79238,79238,False
71275365,,Ubiquiti UVC-G3-Bullet - Camara IP UniFi Interior/Exterior HD IR,Ubiquiti UVC-G3-BulletCamara IP UniFi Interior/Exterior HD IR,,,192122,192122,False
39528474,,WS-C2960-48TC-L Cisco Catalyst 2960 Network Switch (New),"Condition: NEWAvailability: End Of Life - Inventory May Be LimitedCisco 2960 Ethernet Switch - 48 port switch - 48 x 10/100Base-TX, 2 x 10/100/1000Base-T (WS-C2960-48TC-L)Cisco Catalyst 2960 Series Intelligent Ethernet Switches are a new family of fixed-configuration standalone devices that provide desktop Fast Ethernet and Gigabit Ethernet connectivity, enabling enhanced LAN services for entry-level enterprise, mid-market, and branch office networks. The Catalyst 2960 Series offers integrated security, including network admission control (NAC), advanced quality of service (QoS), and resiliency to deliver intelligent services for the network edge.GeneralDevice TypeSwitch - 48 ports - L4 - managedEnclosure TypeRack-mountable 1USubtypeFast EthernetPorts48 x 10/100 + 2 x combo Gigabit SFPMAC Address Table Size8K entriesRemote Management ProtocolSNMP 1, RMON 1, RMON 2, RMON 3, RMON 9, Telnet, SNMP 3, SNMP 2c, HTTPAuthentication MethodRADIUS, TACACS+, Secure Shell v.2 (SSH2)FeaturesLayer 4 switching, layer 3 switching, layer 2 switching, auto-sensing per device, DHCP support, auto-negotiation, VLAN support, auto-uplink (auto MDI/MDI-X), IGMP snoopingCompliant StandardsIEEE 802.3, IEEE 802.3u, IEEE 802.3z, IEEE 802.1D, IEEE 802.1Q, IEEE 802.3ab, IEEE 802.1p, IEEE 802.3x, IEEE 802.3ad (LACP), IEEE 802.1w, IEEE 802.1x, IEEE 802.1s, IEEE 802.3ahRAM64 MBFlash Memory32 MB flashStatus IndicatorsPort transmission speed, port duplex mode, power, link OK, system, link/activityExpansion / ConnectivityInterfaces2 x 1000Base-T RJ-45 | 48 x 100Base-TX RJ-45 | 2 x SFP (mini-GBIC)PowerPower DeviceInternal power supplyVoltage RequiredAC 120/230 V (50/60 Hz)Power Consumption Operational45 WattFeaturesRedundant Power System (RPS) connectorMiscellaneousMTBF243,595 hoursCompliant StandardsTUV GS, cUL, EN 60950, EN55022, NOM, VCCI Class A ITE, IEC 60950, EN55024, FCC Part 15, UL 1950 Third Edition, CSA 22.2 No. 950 Third EditionDimensions & WeightWidth17.5 inDepth9.3 inHeight1.7 inWeight7.94 lbs",9.93E2,USD,3739198,3739198,False
17212553,Corsair,Corsair ML Series ML120 PRO LED Premium Magnetic Levitation,,265,SEK,971833,971833,False
90806449,Audemars Piguet,Royal Oak 41mm Chronograph in Steel,Royal Oak 41mm Chronograph in Steel on Steel Bracelet with Black Dial,32000,USD,31594,31594,False
97028330,Epson,Epson Premium Glossy Photo Paper A4 2x15 vel 255g,,15.00,EUR,1601212,1601212,False
17236806,Maxxis,Reifen Maxxis 29x2.50 Highroller II DoubleDown,,59.30,CHF,1702430,1702430,False
95518443,WTB,"WTB WTB Byway Tire - 650b x 47, TCS Tubeless, Folding, Black",The Byway Road Plus tire allows riders to find comfort on remote gravel roads without being slowed down on the pavement required to reach them.,64.99,USD,1496586,1496586,False
29326164,,"Seagate IronWolf PRO 4TB 3,5"" NAS HDD","3.5"", SATA 6.0Gb/s, 7200RPM, 128MB cache, Agile Array",2245.85,NOK,1102119,1102119,False
72591739,,Logitech H151 On-Ear Stereo Headset,"Immerse yourself in your own music with H151 Stereo Headset from Logitech. It works with on all operating systems and any devices via its 3.5mm audio jack connection. You can expect true comfort even with extended use of your headphones, thanks to its adjustable headband with ultra-soft foam ear cushions. Making and taking clear-cut calls is made possible by its background noise-cancelling feature.Key Features Full Stereo Sound: This headset is perfect for both personal and office use. It produces full stereo sound for crystal-clear voice and video calls, music, games, and more.Rotating Microphone: It has an adjustable boom microphone that can turn 180¡ã and can be worn on either side. It is also made flexible to allow you to position it to capture a better-quality voice.In-Line Audio Controls: You can easily adjust the volume or mute calls through the in-line controls on the cord.Adjustable Headband: Built for your convenience and comfort, it has an adjustable headband to fit it according to the shape of your head.Compatibility: It works with a computer, tablet, and smartphone that have 3.5mm audio in and out jacks.",37.43,NZD,24792,24792,False
77502844,,"Western Digital HDD USB3 1TB EXT. 2.5""/RED",,6.55E1,EUR,2807367,2807367,False
81257793,,Apple AirPods wWireless Charging Case,,199.00,USD,1994510,1994510,False
17120480,Logitech,Logitech H390 Headset - 2.0,Stereo Headset H390,39.95,EUR,149318,149318,False
16691545,,UVC-G3-Micro Ubiquiti Latest G3 Video Camera In Micro Version,"For Unboxing, Click: UVC-G3-Micro For Specifications, Click: Datasheet Product Description:The UniFi Video Camera G3 Micro features a wide angle lens and 1080p video resolution. Multiple mounting options allow the camera to be installed almost anywhere indoors for permanent or temporary surveillance. The infrared LEDs and mechanical IR cut filter enable uninterrupted surveillance. The built-in microphone and speaker enable two-way audio communication. Main Features:* 1/3"" 4MP Sensor* Mechanical IR Cut Filter* Built-in Light Sensor* 2.7mm Fixed Lens* 30fps at 1080P* 24V Passive PoE* Mic and Speaker for Two-Way Audio* H.264 CompressionFor Further Queries, Email: sales@sublimetelecom.com Or Message: +65-86866757",300,SGD,591042,591042,False
60604702,,Seagate IronWolf Pro ST6000NE000 Interne Festplatte 3.5 Zoll 6000 GB Serial ATA III,"Seagate IronWolf Pro ST6000NE000, 3.5 Zoll, 6000 GB, 7200 RPM",241.32,EUR,84984,84984,False
81533196,,Corsair Carbide SPEC-01 Red LED,,,,195552,195552,False
24856378,XPG,"XPG SX6000 Lite M.2 2280 1TB PCI-Express 3.0 x4, NVMe 1.3 3D NAND Internal Solid State Drive (SSD) ASX6000LNP-1TT-C","XPG SX6000 Lite M.2 2280 1TB PCI-Express 3.0 x4, NVMe 1.3 3D NAND Internal Solid State Drive (SSD) ASX6000LNP-1TT-C",104.99,USD,89058,89058,False
54112792,Logitech,Logitech C270 webcam 3 MP 1280 x 720 Pixels USB 2.0 Zwart,"HD Webcam C270, 3 MP, 1280 x 720, USB 2.0, Fluid Crystal",52.04,EUR,79254,79254,False
23678296,,Pre-Owned Audemars Piguet Royal Oak Chronograph - Full Diamond Watch,Brand: Audemars PiguetModel: Royal Oak ChronographComes with Original Box and PapersDetailsCase: Original Audemar Piguet Case with Custom Set with Genuine High Quality DiamondsCase Material: SteelDiamond on the LugsCase Diameter: 41mmBezel: Custom Diamond Baguette BezelDial: Original Audemars PiguetColor: White ColorBand: OriginalAudemars Piguet Steel Custom Set With High Quality Diamonds,1.01963E5,USD,607611,607611,False
3954683,,27.5x2.40 3C/EXO/TR/MAXX TERRA,"The second generation of the legendary High Roller Open tread design Easily clears debris Single-ply, DoubleDown, and DH casings available 3C MaxxTerra, 3C MaxxGrip, and Super Tacky available on select models Wide trail (WT) casing specs are optimized for 30-35mm inner width rims An open and aggressive tread design gives the High Roller II excellent soil penetration and mud-clearing ability. A square profile provides a solid, consistent feel across the knobs. Modified knobs on the shoulder and center improve braking performance and traction on hard surfaces. An excellent choice for technical, loose terrain. The High Roller II is available in trail, enduro, and downhill specs.",109.99,NZD,1631327,1631327,False
49056070,,HIGH ROLLER II 27.5 X 2.30 EXO TR FOLD 60TPI,"The second generation of the legendary High RollerOpen tread designEasily clears debrisSingle-ply, DoubleDown, and DH casings available3C MaxxTerra, 3C MaxxGrip, and Super Tacky available on select modelsWide trail (WT) casing specs are optimized for 30-35mm inner width rimsAn open and aggressive tread design gives the High Roller II excellent soil penetration and mud-clearing ability. A square profile provides a solid, consistent feel across the knobs. Modified knobs on the shoulder and center improve braking performance and traction on hard surfaces. An excellent choice for technical, loose terrain. The High Roller II is available in trail, enduro, and downhill specs.",7.299E1,AUD,627344,627344,False
28679400,,APPLE - AirPods (2019) white DE,Apple AirPods (2019) white,,,767259,767259,False
67415262,Ubiquiti,Ubiquiti UniFi 2MP 1080p Wide-angle Full HD Camera - 3 Pack,Adjustable lens and swivel base for vertical and horizontal viewing angle adjustments,225.99,,266703,266703,False
58269311,,Epson Papel Premium Glossy Photo 255 gr 13 x 18cm 30h.,,7.53,EUR,157548,157548,False
60359264,,Apple AirPods (2nd Gen) with Charging Case,"SensorsDual beamforming microphonesDual optical sensorsMotion-detecting accelerometerSpeech-detecting accelerometerChipDual beamforming microphonesControlsDouble-tap to play, skip forwards or answer a phone callSay ¡°Hey Siri¡± to do things like play a song, make a call or get directionsCharging CaseWorks withLightning connectorBatteryAirPodsUp to 5hours of listening time with a single chargeUp to 3hours of talk time with a single chargeAirPods with Charging CaseMore than 24hours of listening timeUp to 18hours of talk time15minutes in the case provides up to 3hours of listening timeor up to 2hours of talk timeConnectivityBluetooth 5.0In the BoxAirPodsLightningCharging CaseLightning to USB-A CableDocumentation",150.00,GBP,767259,767259,False
51855709,,"Western Digital Dysk MY PASSPORT 1TB 2,5 black WDBYVG0010BBK-WESN",,317.99,PLN,283756,283756,False
25831104,,SRAM CASSETTE PG-1130 11V 11-36,,88,EUR,296239,296239,False
38784883,,Maxxis Tire High Roller II EXO/TR Foldable 29x2.30,"An open and aggressive tread design gives the High Roller II excellent soil penetration and mud-clearing ability. A square profile provides a solid, consistent feel across the knobs. Modified knobs on the shoulder and center improve braking performance and traction on hard surfaces. An excellent choice for technical, loose terrain. The High Roller II is available in trail, enduro, and downhill specs.",,,1496586,1496586,False
21266898,,Jabra Evolve Over The Head Supra Aural 40 Wired Mono Headset,Jabra EVOLVE is designed to give you better conversations with a world-class microphone and speakers that are optimised for voice and music.,73.99,GBP,5313,5313,False
37427126,Corsair,Corsair ML Series ML140 Premium Magnetic Levitation,,329,SEK,456079,456079,False
48868171,,ZEBRA 800033-801 BLACK RIBBON (1000 PRINTS),"The Zebra 800015-101 black ribbon utilises thermal printer ribbon technology to guarantee outstanding print results. The monochrome resin is perfect for printing detailed text and accurate barcodes. It also comes complete with an adhesive cleaning roller to ensure all cards are of the highest printed standard. 1,000 prints per roll Black monochrome ribbon Use genuine Zebra products only to ensure quality performanceManufacturer part number: 800015-101",9.5,GBP,163499,163499,False
42916115,,Ubiquiti UniFi Video Camera G3-Bullet Infrared IR 1080P HD Video- 802.3af is embedded,Ubiquiti UniFi Video Camera G3-Bullet Infrared IR 1080P HD Video- 802.3af is embedded,226.55,AUD,192122,192122,False
74983296,Cisco,Cisco Catalyst 2960-X - [WS-C2960X-24PD-L],"-, 2960-X, Catalyst, Cisco, Netwerk, [WS-C2960X-24PD-L], bedraad, switch",1650,EUR,1412234,1412234,False
35307953,,Epson Premium Glossy Photo Paper- 15 sheet(s),"Media Sizes: A4 (210 x 297 mm), Included Qty: 15 sheet(s), Media Weight: 255 g/m2",18.48,GBP,1601212,1601212,False
41707094,,Royal Oak Offshore Chronograph Rose Gold 26470OR.OO.1000OR.02,"UNWORNAudemars Piguet Royal Oak Offshore Chronograph Rose Gold 26470OR.OO.1000OR.02. 42mm 18ct rose gold case, fixed 18ct rose gold bezel, grey ruthenium-toneddial featuring ¡°grand tappiserie¡± pattern and a date indicator at 3 o¡¯clock, automatic movement with chronograph function, on an 18ct rose gold bracelet. Complete with original box and papers.",47995,GBP,14143134,14143134,False
22134242,Maxxis,Maxxis High Roller II 27.5x2.5WT TERRA/EXO/TR Tire,"An open and aggressive tread design gives the High Roller II excellent soil penetration and mud-clearing ability. A square profile provides a solid, consistent feel across the knobs. Modified knobs on the shoulder and center improve braking performance and traction on hard surfaces. An excellent choice for technical, loose terrain. The High Roller II is available in trail, enduro, and downhill specs.",$68.00,USD,729259,729259,False
77791574,A-Data,ADATA SSD 1TB XPG SX6000 Lite PCIe Gen3x4 M.2 2280 QLC (R:1800/W:1200 MB/s),"XPG SX6000 Lite PCIe Gen3x4 M.2 2280 Solid State Drive Looking to replace your SATA SSD? If so, look no further than the SX6000 Lite PCIe Gen3x4 M.2 2280 SSD. Supporting NVMe 1.3, equipped with 3D NAND Flash, and coming with up to 1TB capacity, the SX6000 Lite is a great upgrade choice.FeaturesUltra-fast PCIe Gen3x4 interface: R/W speed up to 1800/1200MB/s NVMe 1.3 support 3D NAND Flash for higher capacity and durability Advanced LDPC ECC Technology HMB (Host Memory Buffer) and SLC Caching Compact M.2 2280 form factor ¨C ideal for high-end desktops, notebooks and UltrabooksTECHNICAL SPECIFICATIONSCapacity 1TBForm Factor M.2 2280NAND Flash 3D TLCDimensions (L x W x H) 22 x 80 x 3.5mmWeight 8gInterface PCIe Gen3x4Consumption 0.33W Active (Typical)Controller Realtek 0.14W Idle (Typical) (*measured by power meter)Operating Temperature 0¡ãC~70¡ãCStorage Temperature -40¡ãC~85¡ãCShock Resistance 1500G/0.5msMTBF 2,000,000 hoursCertifications RoHS, CE, FCC, BSMI, VCCI, KCWarranty 5 years.",118,EUR,89058,89058,False
29412015,,Swiss Military Hanowa Flagship Horloge,,199.00,EUR,5860529,5860529,False
71614858,Maxxis,"Maxxis Maxxis High Roller II Tire - 29 x 2.5, Tubeless, Folding, Black, 3C Maxx Terra, DD, Wide Trail",The High Roller II has an open and aggressive tread design for excellent soil penetration and mud clearing ability. Modified knobs on the shoulder and center im,90.00,USD,1702430,1702430,False
12173638,Audemars Piguet,Audemars Piguet Royal Oak Silver Dial Men's Watch,,278759.0,HKD,607611,607611,False
46693236,,Corsair ML Series ML140 Pro Magnetic Levitation Fan (140mm) with Blue LED,"Corsair is expanding its range of fans with the introduction of the ML series, an acronym that reveals the technological nature of the new series of magnetic levitation fans. The Corsair ML fans provide quiet operation and excellent performance, thanks to magnetic levitation of the rotor and the owner of the design of the fan blades. The innovative design is able to considerably increase both the static pressure and a flow of air, thanks to the very low friction of the magnetic levitation system. Moreover, thanks to the 4-pin PWM connector is possible to adjust timely the fan rotation speed so as to manage the performance / noise ratio appropriately. The PRO version includes in the package a set of silicone nose pads, interchangeable with optional sets of various colors (red, white and blue) that have the dual function to cancel the vibrations produced by the fan itself and beautify the fan, matching the color of nose pads to that of your system! Finally, the LED version is equipped with 4 high-brightness LED inserted in the rotor of the fan, guaranteeing maximum brightness and uniform lighting along the translucent material blades.Suitable for: Computer case,Type: Fan,Fan diameter: 14 cm.Colour of product: Black, Transparent,Illumination: LED,Illumination colour: Blue.Rated current: 0.276 A.Width: 14 cm,Depth: 2.5 cm,Height: 14 cm",1412.00,MUR,509638,509638,False
96920840,,Jabra Evolve 40 UC Mono Bedrade Usb A Office Headset,USB,72.85,EUR,5313,5313,False
64941287,,6TB - Seagate Enterprise IRONWOLF SATA - ST6000VN0033,"Seagate IronWolf ST6000VN00336TB 5400 RPM 64MB Cache SATA 6.0Gb/s 3.5"" Internal Hard Drive Bare Drive",161.0,USD,498972,498972,False
41608931,,Cooler Master MasterLiquid ML120L V2 RGB - 120 mm,Watercooling autonome - PWM - Socket AMD AM4 / AM3(+) / AM2(+) / FM2(+) / FM1 et Intel 2066 / 2011(-V3) / 115x / 1200,59.99,EUR,91172,91172,False
75962303,,"Zebra C Series Black Monochrome Ribbon For P3xx, P4xx, P5xx printers - 1000 prints (800015-101)","Prints Per Roll: 1000 printsCompatible with: Zebra iSeries printers P310i, P320i, P330i, P330m, P420i, P430i and P520i and Zebra C Series printers",20.00,SGD,5836450,5836450,False
72310020,,"Apple Airpods 2019, MRXJ2ZM/A","Buy online Apple Airpods 2019, MRXJ2ZM/A **New Retail** W. Wireless Charging in stock and delivered quickly at good price",,,1126552,1126552,False
72029794,Ubiquiti,Ubiquiti UniFi UVC-G4-PRO Network IP 4K Video Surveillance Camera,"The UniFi Video Camera G4-PRO is Ubiquitis most powerful camera to date, featuring a large 1/2"" image sensor, 3X powered optical zoom lens and integrated high-power infrared LEDs for long range night vision performance.",465.99,GBP,788533,788533,False
73147765,,DISCO DURO EXT USB3.0 2.54TB WD MY PASSPORT NEGRO,"Western Digital My Passport 4TB, Unidad de disco duro, 3.0 (3.1 Gen 1), Micro-USB B, Windows 10 Education, Windows 10 Education x64, Windows 10 Enterprise, Windows 10 Enterprise x64, Wi, 256-bit AES, Negro",127.56,EUR,3880206,3880206,False
90938642,,"Zebra 800015-101 Black Monochrome Ribbon - K - 1,000 prints","Zebra 800015-101 Resin Black (""K"") ribbons are monochrome (1-color) ribbons.Zebra 800015-101 black monochrome ribbons are primarily used for printing text and one-color line art on one or both sides of a card.Note: Black resin is needed to print readable barcodes.To maintain your Zebra card printer's warranty, genuine Zebra ribbons must be used. As an authorized Zebra Solution provider, ID Wholesaler only sells Genuine Zebra 800015-101 Black Monochrome Ribbon.ID Wholesaler offers a low price guarantee on black monochrome Zebra 800015-101 ribbon.Did you know that Zebra 800015-101 monochrome ribbons have a shelf life?When stored under proper conditions, Zebra 800015-101 black ribbons typically have a shelf life of up to one year. Ribbons that are more than one year old, and improperly stored, will not print optimally and will likely end up costing more money and time in maintenance and in reprinting cards.ID Wholesaler is an authorized Zebra reseller specializing in ID card printing products. We guarantee that our 800015-101 black monochrome ribbons are genuine Zebra ribbons, are stored properly, and are always 'fresh'.",13,USD,5836450,5836450,False
50368196,zebra,Zebra C Series Black Ribbon 800015-301,,,,183681,183681,False
47933104,Maxxis,"Maxxis Maxxis, High Roller II, 27.5x2.40, Folding, 3C Maxx Terra, Tubeless Ready, EXO, 60TPI, 60PSI, Black",,84.00,USD,1631327,1631327,False
189533,,XT HG95 10-Speed Chain,- 10-speed compatible- Shimano XT- 116 links,44.99,USD,107440,107440,False
70919736,,Seagate IronWolf Pro ST8000NE001hard drive - 8 TB - SATA 6Gb/s,Built to maintain performanceSupport your business,230.99,GBP,1578824,1578824,False
7221254,Maxxis,"Maxxis, Minion DHR2, Tire, 29''x2.40, Folding, Tubeless Ready, 3C Maxx Grip, 2-ply, Wide Trail, 60TPI, Black",Fast rolling center.,124.00,CAD,319607,319607,False
76236901,,Audemars Piguet Royal Oak Offshore Havana Men's Watch,"New colour combinations to extend the line of 42mm steel chronographs. Here it is on the updated ¡°Havana style model"" with cigarbrown¡± mega tapisserie¡± dial and caribbean-blue counters and inner bezel.",24500.00,USD,34768783,34768783,False
34868774,,Audemars Piguet Royal Oak Offshore Chronograph 42mm,Audemars Piguet Royal Oak Offshore Chronograph 42mm,34800,USD,67840743,67840743,False
35792541,WD,WD My Passport WDBYNN0010BRD-WESN 1 TB Portable Hard Drive - External - Red **,USB 3.0 - 256-bit Encryption Standard - 3 Year Warranty,117.35,CAD,2807367,2807367,False
89973207,,Cisco Catalyst WS-C2960X-24TD-L network switch Managed L2 Gigabit Ethernet (10/100/1000) Black,"Cisco Catalyst WS-C2960X-24TD-L, Managed, L2, Gigabit Ethernet (10/100/1000), Full duplex, Rack mounting",0.0,EUR,758825,758825,False
56993303,,"Corsair ML140 PRO LED Bl?, 140mm Vifte","Magnetic Levitation Fan, 140x140x25mm, 400~2000 RPM, 20~97 CFM, 16-37dBA, 4-pin",299.00,NOK,509638,509638,False
74074705,,LOGITECH BLACK H151 STEREO HEADSET (981-000587)-WRTY 1YR W/BANLEONG,Warranty : 1 Year with Local Distributor - Ban Leong,25.00,SGD,24792,24792,False
2214493,,APC RT 20000 VA RM 230V Smart-UPS,"APCSmart-UPS On-Line,16 kW /20 kVA,Input230V, 400V 3PH /Output230V, Interface Port DB-9 RS-232, RJ-45 10/100 Base-T, Smart-Slot, Extended runtime model, Rack Height 12U",36633.450001,AED,280415,280415,False
26095201,,CORSAIR CRYSTAL 680X RGB TG WHITE,Boitier gamer format ATX,,,28019,28019,False
77369770,Cooler Master,Cooler Master MasterLiquid ML120L RGB V2 120mm Liquid CPU Cooler MLW-D12M-A18PC-R2 | PCByte,New Generation Dual Chamber PumpEnlarged Surface Area on RadiatorNew SickleFlow 120 RGBReinforced Sealing for Anti-Leaking Prevention,85.0,AUD,91172,91172,False
70518638,Seagate,"Seagate IronWolf Pro ST4000NE001 - Hard drive - 4 TB - internal - 3.5"" - SATA 6Gb/s - 7200 rpm - buffer_ 128 MB - with 2 years Rescue Data Recovery Service Plan","Product InformationTough. Ready. ScalableFor everything NAS, there's IronWolf and IronWolf Pro. Always on and always working, IronWolf is enhanced with AgileArray technology for optimal reliability and system agility. Multi-user technology and extreme workload rates allow IronWolf to perform and scale up with your enterprise.IronWolf + the Power of AgileArray- NAS-optimised hard drive for the best-possible user experience- IronWolf Health Management in compatible NAS1 systems continuously helps to safeguard the health of your data- Drive balance with Rotational Vibration (RV) sensors manage multi-bay vibration for long-term consistent performance and reliability- RAID performance optimised that maximises responsiveness and uptime with NAS-aware Error Recovery Control- Advanced power management saves energy and delivers the right power at the right timeActively Protect Your Data With IronWolf Health Management in Popular and Enabled NASIronWolf Health Management is designed to operate on compatible NAS systems such as Synology and ASUSTOR. Populated with supported IronWolf or IronWolf Pro HDDs It improves the overall system reliability by displaying actionable prevention, intervention or recovery options for the user.Multi-Bay and NAS-Ready With Built-In RV SensorFirst in its class, IronWolf drives are equipped with RV sensors on high capacity drives to maintain performance in multi-bay NAS enclosures. RV sensors on IronWolf Pro come standard, helping business and creative pros to have consistent performance for years to come.Do More With Multi-User OptimisationDo more with your NAS with multi-user optimisation. Enabling user workloads of up to 180 TB/year on IronWolf and 300 TB/year with IronWolf Pro, multiple users can confidently upload and download data to a NAS server. Whether you're a creative pro or a small business, IronWolf is on your side.Show more;",145.97,GBP,1102119,1102119,False
86355040,,Zebra Black Monochrome Ribbon 800011-101 - 1000 Prints,,¡ê12.99,GBP,1542544,1542544,False
7934808,,Zebra Zxp1 Black Ribbon (1000 Images),"Zebra Zxp Series 1 Ribbon - Zxp Series 1 Load-N-Go Black (K) Monochrome Ribbon. 1, 000 Prints Per Ribbon","R 382,6 excl tax",ZAR,1542544,1542544,False
38229177,,CISCO - Catalyst 2960 Plus 48 10/100 + 2 T/SFP L,CISCO Catalyst 2960 Plus 48 10/100 + 2 T/SFP L (WS-C2960+48TC-L) - Produkt: Administrerad - Portar: 48 - Hastighet: 100Mbps,19599.00,SEK,3739198,3739198,False
15071592,,AUDEMARS PIGUET ROYAL OAK OFFSHORE CHRONOGRAPH 42MM MEN'S WATCH- Luxury Souq,"42mm 18kt rose gold case, 14.21mm thickness, gold dial, fixed bezel, scratch resistant sapphire crystal, transparent case back, tang buckle clasp, automatic movement, water resistant to 100m/330ft.",,,14143134,14143134,False
25369954,Maxxis,Maxxis Minion DHR29X2.40 WT MG TR,"Excellent braking and cornering tractionTubeless ready (TR) availableThe Minion DHR II is a complete redesign. Acceleration, cornering and braking have all been improved. The shoulder knobs were borrowed from the legendary Minion DHF and then beefed u",88.00,EUR,319607,319607,False
48406238,Cooler Master,Cooler Master Corsair ML120 PRO LED Red 120mm Fan CO-9050042-WW,,44.99,CAD,971833,971833,False
3079056,,"HDD Seagate NAS IronWolf Pro 8TB 3,5"" ST8000NE001",,,,1578824,1578824,False
10003582,,Cheap Replica Audemars Piguet Royal Oak Offshore Chronograph Watch 26470OR.OO.1000OR.02,Top AAA replica Audemars Piguet Royal Oak Offshore Chronograph Watch 26470OR.OO.1000OR.02 wholesale from China with cheap price.,,,14143134,14143134,False
28044413,Maxxis,"Maxxis Maxxis, High Roller II, 29''x2.50, Folding, 3C Maxx Terra, Double Down, Wide Trail, Tubeless Ready, 120x2TPI, Black",,124.99,CAD,1702430,1702430,False
45849101,,APC Smart-UPS SURT20KRMXLI 20kVA RM 230V,"APCSmart-UPS On-Line,16 kW /20 kVA,Input230V, 400V 3PH /Output230V, Interface Port DB-9 RS-232, RJ-45 10/100 Base-T, Smart-Slot, Extended runtime model, Rack Height 12U",,,280415,280415,False
68595024,,WD My Passport 4TB Sort,"USB 3.2 Gen 1, WD Backup software",1362.91,NOK,1939560,1939560,False
67614478,,"Hard Disk Drive WD My Passport WDBYNN0010BRD, 1TB, USB 3.0, rosu",,,,2807367,2807367,False
11564664,Western Digital,"Western Digital My PassPort, 4TB, BLACK3 Years - WDBYFT0040BBK-WESN","¡ï¡ï¡ï¡ï¡ï good prices, Fast delivery! If you order before 14.00 your goods will be sent the same everyday - Gulf Micro Systems Call us +971 4 3586629",437.00,AED,3880206,3880206,False
84780185,Ubiquiti,Ubiquiti UniFi Video Camera G3 FLEX 3-Pack (UVC-G3-FLEX-3),"1080p Full HD, 25 FPSBuilt-in IR illuminators for night vision Powered by 802.3af Power over Ethernet High sensitivity microphoneWeather resistant for outdoor operation",176.148,USD,266703,266703,False
79821099,Maxxis,"Maxxis Maxxis, High Roller II, Tire, 27.5''x2.30, Folding, Tubeless Ready, Dual, EXO, 60TPI, Black",,88.00,CAD,627344,627344,False
20847407,,"Maxxis High Roller II 29"" WideTrail Tire - 3C MT DD / 2.5""",An open and aggressive tread design gives the Maxxis High Roller II excellent soil penetration and mud-clearing ability.A square profile provides a solid consistent feel across the knobs. Modified knobs on the shoulder and center improve braking performance and traction on hard surfaces. An excellent choice for technical terrain. Maxxis'...,75.00,USD,1702430,1702430,False
57274568,,Maxxis Tire High Roller II 3C MAXXTERRA/EXO/TR Foldable 27.5X2.40,"An open and aggressive tread design gives the High Roller II excellent soil penetration and mud-clearing ability. A square profile provides a solid, consistent feel across the knobs. Modified knobs on the shoulder and center improve braking performance and traction on hard surfaces. An excellent choice for technical, loose terrain. The High Roller II is available in trail, enduro, and downhill specs.",,,1631327,1631327,False
2282686,,Cheap Replica Audemars Piguet Royal Oak Chronograph White Dail Watch 26331ST.OO.1220ST.03,Top AAA replica Audemars Piguet Royal Oak Chronograph White Dail Watch 26331ST.OO.1220ST.03 wholesale from China with cheap price.,,,607611,607611,False
91369139,Seagate,Seagate Ironwolf Pro 3.5 6TB 7200Rpm 256Mb Sata 3 ST6000NE000,,2126.86,TRY,84984,84984,False
74587896,,Apple Airpods 2019 with Wireless Charging Case,"The AirPods 2019 offer an autonomy never seen: up to 5 hours of music and up to 3 hours of conversation with a load. But it is also always ready thanks to the case, which gives you several additional charges for you to enjoy more than 24 hours of use. Are you in a hurry? Put the headphones in the case for 15 minutes and you will have 3 hours of music or podcasts and 2 hours of conversation. And if you want to know how much battery you have left, bring the AirPods to the iPhone or ask Siri.",175,EUR,1126552,1126552,False
88359769,,Crucial 2TB MX500 2.5in SATA SSD,"Crucial MX500 2TB 2.5' SATA SSD - 3D TLC 560/510 MB/s 90/95K IOPS 7mm w/9.5mm Adapter CT2000MX500SSD1Brand CrucialController Silicon MotionCapacity 2TBForm Factor 2.5""SSD Series MX500",349.00,AUD,70841,70841,False
53928428,,Logitech H151 Binaural Head-band Black headset (981-000587),"Item model number: 981-000587Full stereo sound for crisp, clear voice and video calls, music, games and more.An essential stereo headset for either personal use or the officeBoom can rotate 180¡ã to be worn on the left or right.Controls on the headset cordInput Impedance: 22 OhmsSensitivity (headphone): 122dB +/-3dBSensitivity (microphone): -44dBV/Pa +/- 2.5dBFrequency response (Headset): 20Hz - 20kHzFrequency response (Microphone): 100Hz - 6.50kHzCable length: 1.8mSpecificationPerformancePurposePC/GamingDesignColour of productBlackWearing styleHead-bandHeadset typeBinauralPorts & interfaces3.5 mm connectorYesCable length1.8 mConnectivity technologyWiredHeadphonesImpedance22 ¦¸Ear couplingSupraauralHeadphone sensitivity122 dBHeadphone frequency20 - 20000 HzMicrophoneMicrophone frequency100 - 6500 HzMicrophone sensitivity-44 dBSystem requirementsMac operating systems supportedMac OS X 10.5 Leopard, Mac OS X 10.6 Snow Leopard, Mac OS X 10.7 Lion, Mac OS X 10.8 Mountain Lion, Mac OS X 10.9 MavericksWindows operating systems supportedWindows 7 Enterprise,Windows 7 Enterprise x64,Windows 7 Home Basic,Windows 7 Home Basic x64,Windows 7 Home Premium,Windows 7 Home Premium x64,Windows 7 Professional,Windows 7 Professional x64,Windows 7 Starter,Windows 7 Starter x64,Windows 7 Ultimate,Windows 7 Ultimate x64,Windows 8,Windows 8 Enterprise,Windows 8 Enterprise x64,Windows 8 Pro,Windows 8 Pro x64,Windows 8 x64,Windows 8.1,Windows 8.1 Enterprise,Windows 8.1 Enterprise x64,Windows 8.1 Pro,Windows 8.1 Pro x64,Windows 8.1 x64,Windows Vista Business,Windows Vista Business x64,Windows Vista Enterprise,Windows Vista Enterprise x64,Windows Vista Home Basic,Windows Vista Home Basic x64,Windows Vista Home Premium,Windows Vista Home Premium x64,Windows Vista Ultimate,Windows Vista Ultimate x64Weight & dimensionsWidth145 mmHeight200 mmDepth60 mmWeight80 gPackaging dataQuantity1Other featuresCompatible operating systemsChrome OS Linux Kernel 2.6+ iOS Android",33.98,CAD,24792,24792,False
60655494,,Airpods Pro with Wireless Charging Case,"AirPods Pro have been designed to deliver Active Noise Cancellation for immersive sound, Transparency mode so you can hear your surroundings, and a customizable fit for all-day comfort. Just like AirPods, AirPods Pro connect magically to your iPhone or Apple Watch. And they're ready to use right out of the case. AirPods Pro offer a more customizable fit with three sizes of flexible silicone tips to choose from.",,,1563974,1563974,False
11279573,,"Shimano 10S XT CN-HG95 Chain - 10-Speed, 116 Links",Shimano CN-HG95 10-Speed Chains HG-X 10-Speed chain Directional chain designed for MTB riding conditions Mud shedding design for smooth shifting performance under high load pedaling in muddy conditions Chromized rivet pins & Zinc-Alloy coating improve corrosion & wear resistance Compatible with 10-Speed Dyna-sys drivetrains,59.99,CAD,107440,107440,False
5644553,,APC SURT20KRMXLI Smart-UPS RT 20kVA,"Smart-UPS SURT20KRMXLIis part of a family of high performance UPSs for servers, networking equipment, telecommunication systems, industrial and medical equipment, and other mission-critical applications.The Smart-UPS SURT20KRMXLIcapacity is 16kW 20kVA and the RT UPS's are based on the field-proven, industry-leading Smart-UPS functionality, but feature double conversion on-line topology, which delivers tight voltage and frequency regulation, zero transfer time to and from battery, and input power factor correction. While offering advanced performance and high availability features, the Smart-UPS RT can be managed using PowerChute software, as well as an array of SmartSlot accessories. Smart-UPS RT provides battery back up to the load through the use of internal batteries. However, an unlimited number of external battery packs can be added to meet desired levels of runtime. All Smart-UPS RTs and battery packs ship in tower configuration, while easily converting to the 19"" rack-mount mode with the addition of an APC Rail Kit.Features and Benefits:1. Rack/tower convertible-Ensures integration in various environments 2. Hot-swappable/user-replaceable batteries-Ensures continuous operation of the load even when the batteries are being replaced 3. Double-conversion online-Provides tight voltage and frequency regulation and zero transfer time for reactive loads (machinery, lab equipment, etc.)4. Frequency and voltage regulation-Gives higher application availability by correcting poor frequency and voltage conditions without using the battery1. SmartSlot? -For the attachment of Network Management Cards2.Serial connectivity -Enables quick and easy configuration ofthe UPS3. 6IEC320 C13 Outlets4. Push Button Circuit Breaker- enables quick recovery fromoverloads.5. Scalable runtime -Allows additional runtime to be quicklyadded as neededAPC Warranties available for this UPSAPC Service Pack Warranty Extension(New Product Purchases) APC Service Pack Warranty Extension(Renewal or High Volume) FEWBEXTWAR1YR-SP-08 FEWBEXTWAR3YR-SP-08 FEWEXTWAR1YR-SP-08 FEWEXTWAR3YR-SP-08Protection for your system, peace of mind for you - With the APC Extended Warranty program, you will have peace of mind knowing that in the unlikely event of a failure, your product will be repaired or replaced quickly, minimizing downtime.Our warranty guarantees free next business day delivery of parts or unit to ensure you get what you need as soon as you need it.Replacement Battery Options for this UPSAPC Replacement Battery Cartridge -FEAPCRBC140This APC Replacement Battery Cartridge fits selected APC Smart-UPS and Back-UPS, restoring power back-up capacity for home offices, small businesses and IT departments. This replacement battery cartridge (RBC) has a lifetime of three to five years, offers safe and reliable support to the UPS, and extends the useful life of your UPS. The APC RBC comes fully assembled and includes easy-to-follow replacement instructions, making hot-swap installation simple.APC UPS External Battery Pack -FESURT192RMXLBP2The APC Extended Run Battery Pack is the ideal companion for the APC Back-UPS Pro UPS (uninterruptible power supply). The battery pack increases the duration of time that you can protect your electronic devices from damage and disconnect due to unexpected blackouts, voltage fluctuations, and other power disruptions.","11,481.44",GBP,280415,280415,False
38238728,,JABRA - EVOLVE 40 UC Mono USB Headband Noise cancelling USB connector with mute-button and volume control on the cord,JABRA EVOLVE 40 UC Mono USB Headband Noise cancelling USB connector with mute-button and volume control on the cord (6393-829-209) - Tyyppi: Langallinen kuulekomikrofoni,,,5313,5313,False
45941861,,"Ubiquiti UniFi G3 Micro, Scalable 1080p HD IP Camera","BackUbiquiti Networks UVC-G3-MICROUniFi Video G3-MICROThe G3-MICRO wireless camera delivers sharp 1080p video in a compact, mount-anywhere form factor. It provides clear video footage day or night with automatic, integrated infrared night time illumination. The included mounting accessories accommodate installation in nearly any indoor location. Use the included AC power adapter for easy installation in any room, or use the included 802.3af power adapter for quick integration into existing network installs.Features:1080p Full HDDual-band wireless100-240V AC or 802.3af powerMagnetic base, wall mounts, and desk mount included",169,,591042,591042,False
13238453,WD,WD My Passport - 1 TB,"My Passport 1TB - USB 3.0, 256-bit AES",54.98,EUR,472560,472560,False
97396039,,APPLE - AIRPODS WITH CHARGING CASEIN,APPLE AIRPODS WITH CHARGING CASEIN (MV7N2ZM/A) - Typ: Tr?dl?st headset,,,767259,767259,False
29478614,,Corsair ML140 140mm Premium Magnetic Levitation Fan ?¡é???? Twin Pack,"Corsair ML140 140mm Premium Magnetic Levitation Fan ?¡é???? Twin Pack (CO-9050044-WW) If NASA Designed a Computer Case Fan ?¡é???? This Would Be It Corsair ML Series of fans magnetic levitation technology and custom engineered rotors provide unrivaled performance and low noise.Thanks to its innovative design, the ML Series fans delivers both high static pressure and high air flow for a superior fan experience. Warranty Five years Fan Size 140mm x 25mm Flow Type Static Pressure PWM Control Yes Airflow 20 - 97 CFM Static Pressure 0.2 - 3.0 mmH20 Sound Level 16 - 37 dBA Speed 400 - 2000 RPM Power Draw 0.259 A",59.00,AUD,456079,456079,False
20125915,,Cisco WS-C2960-24TT-L 24PORT 10/100 + 2 GIGABIT UPLINKS - 25523,,40.00,EUR,520988,520988,False
68891313,Western Digital,Western Digital WD My Passport Portable HDD 4TB Black,Western Digital WD My Passport Portable HDD 4TB Black ¨C PC Case Gear ¨C Australia¡¯s Premier Online PC Store.,179,AUD,3880206,3880206,False
72667296,Ubiquiti Networks (UBNT),Ubiquiti UniFi 4K Video Camera G4 Pro,"Ubiquiti UniFi 4K Video Camera G4 Pro (3x Powered Optical Zoom, 24FPS, 4K2K Resolution)",568.28,GBP,788533,788533,False
64181180,Corsair,Corsair ML140 140mm Premium Magnetic Levitation Fan Twin Pack,Corsair ML140 140mm Premium Magnetic Levitation Fan Twin Pack available to buy online from PC Case Gear ¨C Australia¡¯s Premier Online PC Store.,59,AUD,456079,456079,False
54553525,Seagate,"Seagate IronWolf PRO 8TB NAS 3.5"" SATA HDD/Hard Drive","8TB Seagate IronWolf PRO ST8000NE001 NAS Hard Drive, 3.5"" HDD, SATA III 6Gb/s, 7200rpm, 256MB Cache, OEM",223.49,GBP,1578824,1578824,False
45014189,,"Catalyst 2960-X 24 GigE PoE 370W, 2 x 10G SFP+, LAN Base","Cisco? Catalyst? 2960-X and 2960-XR Series Switches are fixed-configuration, stackable Gigabit Ethernet switches that provide enterprise-class access for campus and branch applications (Figure 1). Designed for operational simplicity to lower total cost of ownership, they enable scalable, secure and energy-efficient business operations with intelligent services and a range of advanced Cisco IOS? Software features.",33099.85,HKD,1412234,1412234,False
30137226,Apple,Apple MRXJ2AM/A AirPods with Wireless Charging case,,199.00,USD,1994510,1994510,False
82640108,,ZEBRA 800015-101 BLACK RIBBON (1000 PRINTS),"The Zebra 800015-101 black ribbon is a convenient and cost-efficient solution for printing sharp text and accurate barcodes. The monochrome resin utilises thermal printer ribbon technology to guarantee outstanding print results, ideal for security features and detailed designs. 1,000 prints per roll Black monochrome ribbon Use genuine Zebra products only to ensure quality performanceManufacturer part number: 800015-101",7.9,GBP,5836450,5836450,False
17638679,,Cisco WS-C2960-24TT-L 24-Port Switch,,30.00,USD,520988,520988,False
20317030,,Crucial MX500 2TB 2.5 inch SATA SSD 3D TLC 3D NAND | Discount Computer Needs,"View and shop for Crucial MX500 2TB 2.5 inch SATA SSD 3D TLC 3D NAND, Solid State Drives, and many more products at Discount Computer Needs.",460.95,AUD,70841,70841,False
31490474,LOGITECH,Logitech Auriculares USB Headset H390,,54.48,EUR,149318,149318,False
93725418,Maxxis,Maxxis High Roller II 29er Dual Compound Folding Tubeless Ready Mountain Bike,"The Maxxis High Roller II 29er Dual Compound Folding Tubeless Ready Mountain Bike Tyre features an extremely open and aggressive tread the delivers excellent soil penetration and mud-clearing ability. The dual compound tread utilises a hard base layer to reduce rolling resistance and provide knob support, while the siped, softer outer layer provides unparalleled grip on rocks and roots.The Maxxis High Roller's square profile produces a solid, consistent and reliable feel across the knobs. This tyre also features modified knobs on the shoulder and centre improve braking performance and traction on hard surfaces. The Maxxis High Roller II 29er Dual Compound Folding Tubeless Ready Mountain Bike Tyre is an excellent choice for technical, freeride terrain.For our full range of Bike Accessories visit Evans Cycles",¡ê54.99,GBP,1496586,1496586,False
5494884,Corsair,Corsair Crystal Series 680X RGB Tempered Glass ATX Mid-Tower Computer Case - White,"Crystal Series 680X RGB Tempered Glass ATX Mid-Tower Computer Case - White. The CORSAIR Crystal Series 680X RGB is a dual-chamber tempered glass ATX smart case that keeps your system running cool with room for up to eight fans and four radiators, including one 360mm. Enjoy superb airflow and brilliant RGB lighting from three LL120 RGB fans, controlled by an included CORSAIR Lighting Node PRO and powered by iCUE software. Show off a stunning view of your PCs components with three tempered glass panels on the front, roof, and hinged side door, while an optional vertical GPU mount allows you to put your graphics card center stage. Make your next custom build incredibly easy and undeniably cool with the 680X RGB.",269.99,USD,28019,28019,False
32780854,Ubiquiti,Ubiquiti UniFi UVC-G3-BULLET 3-pack,,41106,EUR,64482,64482,False
72819377,,WD HDD 4TB My Passport Black,WD HDD 4TB My Passport Black Hard diskovi,338.40,BAM,1939560,1939560,False
95963025,Corsair,Corsair Crystal Series 680X RGB CC-9011169-WW White Steel / Plastic High Airflow Tempered Glass ATX Smart Case,Corsair Crystal Series 680X RGB CC-9011169-WW White Steel / Plastic High Airflow Tempered Glass ATX Smart Case,249.99,USD,28019,28019,False
54700637,,Buy Quality Replica Audemars Piguet Royal Oak Offshore Chronograph Watch 26470ST.OO.A099CR.01,Quality AAA Replica Audemars Piguet Royal Oak Offshore Chronograph Watch 26470ST.OO.A099CR.01 from online store for sale.,,,34768783,34768783,False
52958652,,"Shimano - HG95, MTB 10 Speed Chain",Further evolution of shifting performanceMud shedding designDirectional chainWeight:273 g116 links,4.999E1,CAD,107440,107440,False
60447783,,Seagate IronWolf PRO 6TB NAS Professional,"3.5"", SATA 6.0Gb/s, 7200RPM, 256MB cache, Agile Array",1844.58,DKK,84984,84984,False
3766219,Ubiquiti Networks,"UBIQUITI UniFi Video Camera G3 Bullet, 3 pack (UVC-G3-BULLET-3)","Unifi Video Camera for indoors or outdoors use, 1080p resolution, 30 FPS, EFL 3.6 mm, ?/1.8, Built-in Microphone, H.264, Infrared LEDs, Wall/Ceiling/Pole Mount, supports 802.3af PoE or 24V Passive PoE (PoE adapters not included)",390.35,GBP,64482,64482,False
49539902,,Shimano XT SLX Saint CN-HG95 10 Speed Chain,"The Shimano CN-HG95 is a 10-speed directional chain and double SIL-TEC surface treatment: on the outer plate and inner plate. This ensures quiet, low-maintenance operation. This Dyna-Sys chain type HG-X is compatible with all 2x10 and 3x10 MTB and City & Touring drivetrains.Super narrow HG-X 10-speed chain for 2x10, 3x10For all Shimano MTB 10-speed drivetrainsFor all Shimano City & Touring 10-speed drivetrainsMore efficient, quieter, low maintenance with surface SIL-TEC coating (outer and inner plates)Improved wear resistance due to chrome plating of the pinsDirectional chain: ensures a new evolution of shifting performanceStandard pinPerformance indicator: advanced (level 2 out of 3)Notcompatible with 10-speed Road drivetrains",50.99,NZD,107440,107440,False
57706537,,WD MY PASSPORT 1TB USB 3.0 EXTERNAL HDD BLACK,"Last updated: 30/06/2020in stock: 30 My PassportThe My Passport drive is trusted, portable storage that gives you the confidence and freedom to drive forward in life. With a new, stylish design that fits in the palm of your hand, there¡¯s space to store, organize, and share your photos, videos, music, and documents. Perfectly paired with WD Backup? software and password protection, the My Passport drive helps keep your digital life's contents safe.Slim styleMake the most of your journey with style that suits you. The new My Passport has been redesigned to feature a convenient, slim form factor and is available in a range of vibrant colorsBacked upMake sure everything you create while on your own life journey - photos, videos, music, and documents - doesn¡¯t get lost. The My Passport drive comes equipped with WD Backup? software that can be set to run automatically to your schedule. Just pick the time and frequency to back up important files from your system onto your My Passport drive.Locked downKeep your digital life's contents secure with My Passport password protection and built-in 256-bit AES hardware encryption. Just activate password protection and set your own personalized password using WD Discovery?.Super easyMy Passport portable storage is ready right out of the box including all necessary cables. And with SuperSpeed USB, you can quickly start backing up everything in your life and keep driving forward.Social friendlyIncluded WD Discovery? software lets you connect to popular social media and cloud storage services like Facebook, Dropbox, and Google Drive?. Seamlessly import, organize, and share your photos, videos, and docs to the My Passport drive to backup your online social life.2 WD Discovery can also manage your drive through WD Drive Utilities?.Ongoing confidenceThere's no telling what's ahead in your own journey. That's why WD builds drives to demanding requirements for durability and long-term reliability. On top of that, it comes with a 3-year limited warranty.",119.99,NZD,283756,283756,False
32586695,,SEAGATE IRONWOLF 6TB 3.5 Inch SATA HDD 7200rpm 256MB Cache (ST6000VN0033),Model: ST6000VN0033Capacity: 6TBInterface: SATA 6GB/sForm Factor: 3.5 InchRPM Class: 7200Cache: 256 MBLimited Warranty: 3 Year,0,VND,498972,498972,False
33538650,,ASUS Phoenix Geforce GTX1660 Super OC 6GB PCI-Expressx16 Graphics Card (PH-GTX1660S-06G) (Warranty 3years with Local Distributor),Warranty : 3 Years with Local Distributor - Avertek,378.00,SGD,137125,137125,False
33078108,Corsair,Corsair ML140 140mm PWM Premium Magnetic Levitation Fan - Twin Pack,"Product InformationIf NASA Designed a Computer Case Fan ¨C This Would Be ItCorsair ML Series of PWM fans magnetic levitation technology and custom engineered rotors provide unrivaled performance and low noise. Thanks to its innovative design, the ML Series fans delivers both high static pressure and high air flow for a superior fan experience.Magnetic BearingHarnesses magnetic levitation technology to provide lower noise, higher performance, and a longer lifespan.Custom Rotor DesignDelivers the perfect balance between high static pressure and high airflow, operating flawlessly in the most challenging environments Extensive Control RangeA 1,600 RPM PWM control range gives you total control between low noise and absolute performance. With a 1,600 RPM PWM control range, The ML Series fans deliver total control between low noise and airflow without compromise.Contents and SpecificationsPackage contents(x2) ML140 140mm PWM Premium Magnetic Levitation FanFan mounting screwsSystem RequirementsMotherboard with an open standard 4-pin fan connectorShow more;",33.97,GBP,456079,456079,False
55393360,,APPLE - AIRPODS WITH WIRELESS CHARGING CASE IN,APPLE AIRPODS WITH WIRELESS CHARGING CASE IN (MRXJ2ZM/A) - Typ: Tr?dl?st headset,3940.00,SEK,1126552,1126552,False
44557157,,Ubiquiti UVC-G3-FLEX-3 UniFi Protect G3 FLEX Camera 3-Pack,"BackDetailsStylish Full HD (1080p) mini turret camera with infrared LEDs and versatile mounting options for indoor and outdoor installationsUniFi Protect G3 Flex camera is a Day/Night security camera that features crisp 1080p video with IR capability. The flexibility of mount allow to put the camera anywhere, like on-table, on the indoor wall, on the outdoor wall, on pole, even put them in or on the ceiling.SpecificationsVideo Compression: H.264Resolution: 1080p Full HD (1920x1080)Maximum Frame Rate: 25 FPSImage Settings: Brightness, Contrast, Sharpness, Saturation, Noise Reduction, 50/60 HzViewing Angle Lens Correction Off: 87.4¡ã (H), 47¡ã (V), 104¡ã (D)Viewing Angle Lens Correction On: 80¡ã (H), 46¡ã (V), 92¡ã (D)Supported UniFi Video Version: UniFi Video 3.9.2 (or Newer)UniFi Video System Requirements: 64-bit Microsoft Windows 10/8/7, Ubuntu 14.04 or 16.04, or Debian 7.0 System with an Intel or Compatible 1.86 GHz (or Above) Processor and a Minimum of 4 GB RAMMobile Apps: UniFi Video, iOS and AndroidNetworking Interface: (1) 10/100 Ethernet PortSensor: 1/3"" 2-Megapixel HDR SensorLens: EFL 4 mm, f/2.0Night Mode: IR LEDs with Mechanical IR FilterMicrophone: YesButton: Factory Reset ButtonPower Method: 802.3af PoEMaximum Power Consumption: 4WMounting: Table/Wall/PoleOperating Temperature: -20 to 50¡ã C (-4 to 122¡ã F)Operating Humidity: 20 - 90% NoncondensingDimensions: ? 107.5 x 48 mm (? 4.23 x 1.89"")Weight: 170 g (6 oz)",$?234.95,USD,266703,266703,False
15774916,,"Corsair ML140 Pro 14cm PWM RGB Case Fan, Magnetic Levitation Bearing","The CORSAIR ML140 PRO RGB PWM fan combines unrivaled performance and low noise operation, by utilizing magnetic levitation bearing technology, with vibrant RGB lighting controlled by the included Lighting Node PRO in CORSAIR LINK software.Quiet Cooling in any ColourThe CORSAIR ML140 PRO RGB PWM fan combines unrivaled performance and low noise operation, by utilizing magnetic levitation bearing technology, with vibrant RGB lighting controlled in CORSAIR LINK software.Friction Meets RealityBy utilizing ultra-low friction magnetic levitation bearing technology, ML140 PRO RGB can deliver more airflow and higher static pressure at lower noise levels than traditional bearing fans, backed by a long-life five-year warranty.Put Your Build in the SpotlightFour hub-mounted RGB LEDs output a vivid blast of light and color, making it easy to match your system¡¯s style.Expand or CreateAvailable in as a single fan, control lighting effects and airflow in CORSAIR LINK and add the finishing touches with replaceable corner caps (sold separately). The RGB functionality of ML140 PRO RGB requires an RGB lighting hub and Lighting Node PRO.Be Seen Not HeardWith a 400 to 1,600 RPM PWM control range at 25 dBA max, ML120 PRO RGB makes it easy to equip your PC with quiet cooling that can be adjusted for the perfect balance in airflow that your system needs.",3.699E1,GBP,264505,264505,False
66264990,Swiss Military Hanowa,Swiss Military Hanowa06-5161.2.04.007 Flagship Uhr,Black & Steel Swiss Made Watch with Date,249.00,EUR,5860529,5860529,False
30674519,,Cheap Replica Audemars Piguet Royal Oak Offshore Chronograph Watch 26470ST.OO.A099CR.01,Top AAA replica Audemars Piguet Royal Oak Offshore Chronograph Watch 26470ST.OO.A099CR.01 wholesale from China with cheap price.,,,34768783,34768783,False
50032230,Sky Diamonds,Audemars Piguet Royal Oak Chronograph Watch 26331ST.OO.1220ST.03,"41mm stainless steel case, 11mm thick, screw-locked crown, glareproofed sapphire crystal, silver-toned dial with ""Grande Tapisserie"" pattern, black counters and extern zone, white gold applied hour-markers and Royal Oak hands with luminescent coating, Calibre 2385 self-winding movement with chronograph, hours, minutes, small seconds, date, approximately 40 hours of power reserve, stainless steel bracelet, AP folding buckle. Water resistant to 50 meters.","30,150.00",USD,607611,607611,False
21670568,Ubiquiti,Ubiquiti UniFi Video Camera G4 Pro (UVC-G4-PRO),Capture every detail with the 4K resolution G4-PRO camera.,418.6000,USD,788533,788533,False
9299426,,WD BLACK 4TB MY PASSPORT PORTABLE USB3.0 HDD (WDBYFT0040BBK-WESN)-WRTY 3YRS W/WD,Warranty : 3 Years with WD,149.00,SGD,3880206,3880206,False
66582202,,Zebra 800015-301 Monochrome Ribbon 1500 Images (Standard Black),"BackDetailsThe Zebra 800015-301 Monochrome Black Resin Ribbon, 1500 images per roll, consists of only Black panels used for printing in monochrome (barcodes, text, serial numbers, bold black graphics, etc.) to PVC/Composite ID card stock.Printer CompatibilityCurrently compatible with the following ID card printers: Zebra P300,Zebra P310C,Zebra P310F,Zebra P310i,Zebra P320i,Zebra P330i,Zebra P330m,Zebra P400,Zebra P420C,Zebra P420i,Zebra P430i,Zebra P500,Zebra P520C,Zebra P520i,Zebra P600Genuine Supplies GuaranteeJ. O¡¯Brien guarantees that this product is branded and certified by Zebra to work in accordance with its given compatibility. J. O¡¯Brien never sells used or third-party replicated products. Those items are not guaranteed by the manufacturer and can cause harm to the machine; voiding the warranty. We stand by our promise to always provide the best and most trusted product for your needs.",15,USD,183681,183681,False
95477481,Cisco,Cisco - WS-C2960-24TT-L - Catalyst 2960 24 10/100 + 2 1000BT LAN Base Image,CISCO CATALYST 2960 24 PORT SWITCHplus,37.50,EUR,520988,520988,False
95830648,,Apple AirPods (2nd Gen) with Wireless Charging Case,"SensorsDual beamforming microphonesDual optical sensorsMotion-detecting accelerometerSpeech-detecting accelerometerChipDual beamforming microphonesControlsDouble-tap to play, skip forwards or answer a phone callSay ¡°Hey Siri¡± to do things like play a song, make a call or get directionsCharging CaseWorks with Qi-certified chargers or the Lightning connectorBatteryAirPodsUp to 5hours of listening time with a single chargeUp to 3hours of talk time with a single chargeAirPods with Wireless Charging CaseMore than 24hours of listening timeUp to 18hours of talk time15minutes in the case provides up to 3hours of listening timeor up to 2hours of talk timeConnectivityBluetooth 5.0In the BoxAirPodsWireless Charging CaseLightning to USB-A CableDocumentation",169.00,GBP,1126552,1126552,False
87935160,,"Crucial 2TB 2,5"" SATA SSD MX500",,999,PLN,70841,70841,False
42128318,,"Seagate IronWolf PRO 6TB 3,5"" NAS HDD","3.5"", SATA 6.0Gb/s, 7200RPM, 256MB cache, Agile Array",3091.58,NOK,84984,84984,False
11022309,,APPLE - Apple AirPods 2 with Wireless Charging Case MRXJ2ZM/A - White,APPLE Apple AirPods 2 with Wireless Charging Case MRXJ2ZM/A - White (MRXJ2ZM/A) - Type: Tr?dl?st headset,2396.00,NOK,1126552,1126552,False
41182463,SRAM,SRAM Cassette Sram PG 1130 11 vitesses 11-36,,115.99,CAD,296239,296239,False
46809516,,Logitech 3.5 mm Analog Stereo Headset H151 with Boom Microphone - Black,"Full stereo sound for crisp, clear voice and video callsVersatile noise-cancelling boom microphone lets you be clearly heard, rotates out of the way, and can be worn on the left or right sideAdjustable headband and foam ear cups for a personalized, comfortable fitConvenient in-line controls let you easily adjust volume and mute the microphoneWorks with Windows 10 or later, Windows 8, Windows 7, or Windows Vista, Mac OS X 10.5 or later, Chrome OS, Linux Kernel 2.6+ and iOS or Android devices. Please refer the User Manual before use.Logitech Stereo Headset H151. Speak clearly with this simple, versatileheadset with stereo sound, a noise-canceling microphone, an adjustableheadband and in-line audio controlsBrand Name: LogitechSeries: 981-000587Item model number: 981-000587Item Weight: 2.88 ouncesProduct Dimensions: 5.7 x 7.8 x 2.3 inchesItem Dimensions L x W x H: 5.7 x 7.8 x 2.3 inchesColor: blackShipping Weight: 7.8 ouncesDate First Available: June 1, 2015",966,ZAR,24792,24792,False
73960273,,Epson - Premium Glossy Photo Paper - 13x18cm - 30 Fogli - C13S042154,"""Carta fotog. Lucida premium best 30fg 255gr 13x18cm (5X7"""") EPSON""",15.52,EUR,157548,157548,False
26425849,,"16TB IronWolf Pro ST16000NE000, 7200 RPM, SATA 6Gb/s, 256MB cache, 3.5-Inch HDD","16TB IronWolf Pro ST16000NE000, 7200 RPM, SATA 6Gb/s, 256MB cache, 3.5-Inch HDD",555.21,USD,40783,40783,False
66778692,Zebra,Zebra 800033-801 ZXP Series 3 Black Ribbon (1000 Prints),Zebra 800033-801 ZXP Series 3 Black Ribbon. Prints Black line art and text on one or both sides of a plastic card. Prints a minimum of 1000 prints dependent upon the in amount that the images covers the card. Ribbon comes with adhesive cleaning roller to ensure that your card printer remains clean to protect it from becoming damaged.,11.99,GBP,163499,163499,False
17491151,Cisco,"Cisco Catalyst 2960-X | WS-C2960X-24PD-L Catalyst 2960X 24 port 10/100/1000 PoE+ 370W, 2 x 10G SFP+, LAN Base cfp","WS-C2960X-24PD-L | Catalyst 2960X 24 port 10/100/1000 PoE+ 370W, 2 x 10G SFP+, LAN Base",74880,THB,1412234,1412234,False
27442156,,Swiss Military Hanowa FLAGSHIP 06-5161.2.04.007 Herrenuhr,,"378,00 §Ý§Ó",BGN,5860529,5860529,False
95164652,,"HDD extern WD My Passport 1TB, 2.5"", USB 3.2 Gen1, Negru - WDBYVG0010BBK-WESN","HDD extern WD My Passport 1TB, 2.5"", USB 3.2 Gen1, Negru - WDBYVG0010BBK-WESN",355,RON,283756,283756,False
13825027,Apple,Apple AirPods 2 with Charging Case - White (Renewed),"Automatically on, automatically connected Easy setup for all your Apple devices Quick access to Siri by saying ''Hey Siri'' Double-tap to play or skip forward New Apple H1 headphone chip delivers faster wireless connection to your devices Charges quickly in the caseAutomatically on, automatically connected. Easy setup for all your Apple devices. Quick access to Siri by saying ''Hey Siri''. Double-tap to play or skip forward. New Apple H1 headphone chip delivers faster wireless connection to your",119.99,USD,1223297,1223297,False
93168786,,128GB Pendrive SanDisk Extreme PRO SSD USB 3.1 420MB/s,,9400.006,ARS,79238,79238,False
38383881,,"Sandisk 128gb Extreme Pro USB 3.1 Solid State Flash Drive, 420MB/s","The SanDisk Extreme PRO? USB 3.1 Solid State Flash Drive delivers the super-fast solid state performance in a USB 3.1 flash drive1. A game-changer in the USB storage category, this flash drive offers read speeds of up to 420MB/s, and write speeds of up to 380MB/s1 that let you transfer everything fast. The sophisticated aluminum design is both stylish and durable, and the included SanDisk SecureAccess? software, with 128-bit file encryption and password protection, ensures that your private files stay private4. Plus, the SanDisk Extreme PRO? USB 3.1 Solid State Flash Drive is backed by a limited lifetime warranty6 for added peace of mind.FeaturesSuper-fast solid state performance in a USB 3.1 flash drive1Read speeds of up to 420MB/s and write speeds of up to 380MB/s1Transfer a full-length 4K movie to drive in less than 15 seconds2 or 1000 photos in less than 25 seconds3Sophisticated design with durable aluminum metal casingSecure file encryption and password protection with included SanDisk SecureAccess software4Includes RescuePRO Deluxe file recovery software (one-year subscription offer)5Backward-compatible with USB 3.0 and USB 2.0 ports* 1GB=1,000,000,000 bytes. Actual user storage less.1 Read speeds up to 420MB/s, write speeds up to 380MB/s. USB 3.1 Gen 1 or USB 3.0 port required. Based on internal testing; performance may be lower depending upon host device. 1MB=1,000,000 bytes.2 Based on 4K video transfer (4GB) with USB 3.1, Gen 1 or USB 3.0 host device. Results may vary based on host device, file attributes and other factors.3 Based on 4GB transfer of 1000 photos (avg. file 4MB) with USB 3.1, Gen 1 or USB 3.0 host device. Results may vary based on host device, file attributes and other factors.4 Password protection uses 128-bit AES encryption and is supported by Windows Vista?, Windows 7, Windows 8, Windows 10 and Mac OS X v10.7+ (Software download required for Mac, see www.sandisk.com/secureaccess)5 Registration required; terms and conditions apply.",48.99,GBP,79238,79238,False
2798076,,"CISCO (WS-C2960X-24TD-L) CATALYST 2960-X 24 GIGE, 2 X 10G SFP+, LAN BASE",Highest quality cisco products,2073.09,AUD,758825,758825,False
32308545,Logitech,Logitech H390 USB Headset with Microphone,"USB Headset H390 Comfortable USB headsetCondition: NEWFeeling goodYou¡¯ll be comfortable with this headset thanks to the plush ear pads and padded headband that adjusts to you.Loud and clearThe noise-canceling microphone cuts background noise¡ªand rotates out of the way when you¡¯re not using it.Easy listeningYou¡¯ve got it easy¡ªthis plug-and-play USB headset gives you quick access to volume and mute controls.Comfortable designThe adjustable, padded headband and plush ear pads keep you comfortable. Noise-canceling microphoneYou won¡¯t have to compete with background noise to be heard. Rotating microphoneThe microphone rotates out of the way when you¡¯re listening to music or watching a movie.In-line audio controlsYou can instantly adjust the volume and mute the microphone.Pure digital USBYou¡¯ll experience clear, digital sound with the simplicity of a single USB plug-and-play connection.What¡¯s good about USB for headsets?System RequirementsPCWindows? 2000, Windows? XP, Windows Vista?, Windows 7 & 8,10USB portMacMac OS? X (10.2.8 or later)USB portTechnical SpecificationsFrequency response:Headset: 20 Hz¨C20 kHzMicrophone: 100 Hz¨C10 kHzInput sensitivity: -62 dBV/¦Ìbar, -42 dBV/Pa +/- 3 dBCable length: 8 feetConnections: USB compatible (1.1 and 2.0)",54.90,GBP,149318,149318,False
4312088,,ZEBRA 800015-101 Black (K) Ribbon - 1000 Prints,Zebra 800015-101 Black (K) Ribbon.This is an original ZEBRA Eltron 800015-101 Black (K) Ribbon for the Zebra card printers.It is highly recommended that you use only genuine ZEBRA Eltron 800015-101 Black (K) Ribbon to maximize card quality and printer durability for printing with your Zebra card printers.,13.00,USD,5836450,5836450,False
89520680,,"Seagate IronWolf Pro 16TB SATA III 3.5"" Hard Drive - 7200RPM, 256MB",Massive 16TB HDD Drive Capacity. Perfect 7200RPM Disk Speed for Storing Films and Music,4.9024E2,GBP,40783,40783,False
31298513,,Catalyst 2960 48 10/100 + 2 T/SFP LAN Base Image,Catalyst 2960 48 10/100 + 2 T/SFP LAN Base Image,,,3739198,3739198,False
65953977,,Adata XPG SX6000 Lite 1TB M.2 PCIe GEN3x4 SSD ASX6000LNP-1TT-C,"ADATA XPG SX6000 Lite 1TB M.2 PCIe GEN3x4 SSD ASX6000LNP-1TT-C - Form Factor: M.2 2280 - NAND Flash: 3D NAND - Total Capacity: 1TB - Dimensions: 80 x 22 x 2.15mm - Interface: PCIe Gen3x4 - MTBF: 1,800,000 Hours - NVMe 1.3 Support - Low-Density Parity-Check - XPG Heatsink - SQL Read Speed: Up to 1800MB/s - SQL Write Speed: Up to 1200 MB/s - 4K Random Read/Write IOPs: 220K/200K - TBW: 480TBW - 3 Years Limited Warranty",219.00,AUD,89058,89058,False
16623046,,SEAGATE 6TB 3.5 IRONWOLF PRO NAS HDD 256MB CACHE,,6007.31,ZAR,84984,84984,False
4358136,Cisco,Cisco Catalyst WS-C2960X-24TD-L Stackable RackMountable Desktop 24 Ports Switch,,0.00,GBP,758825,758825,False
7979158,,WS-C2960-24TT-LCatalyst 2960 24 10/100 + 2 1000BT LAN Base Image,,529.31,EUR,520988,520988,False
71716796,SWISS MILITARY HANOWA,Swiss Military Hanowa Flagship 06-5161.2.04.003,Swiss Military Hanowa Flagship 06-5161.2.04.003,6145.0000,UAH,2682919,2682919,False
18480165,,Seagate 6TB 7200rpm SATA-600 256MB NAS HDD ST6000NE000,,81096,HUF,84984,84984,False
43938025,,Cisco Catalyst 2960-48TC-L 48 Ports Manageable Ethernet Switch,,"1,380.96",GBP,3739198,3739198,False
48169914,,"Apple AirPods Pro, Kopfhrer - EU",,,,1563974,1563974,False
91929224,,Epson A4 Premium Glossy Photo Paper,"Glanset fotopapir, 255g/m2, 30 ark",181.00,NOK,1601212,1601212,False
71330955,UBIQUITI,IP kamera Ubiquiti UniFi Video Camera G3 Micro,,5657.00,czk,591042,591042,False
63700148,,"6TB Seagate ST6000VN0033 IronWolf NAS, 3.5"" HDD, SATA III - 6Gb/s, 7200rpm, 256MB Cache, OEM",,149.53,GBP,498972,498972,False
57322751,Ubiquiti Networks,Ubiquiti Networks UniFi G3 Series HD Security Camera,"UniFi G3 Series HD Security Camera; Indoor/Outdoor; 1080p Resolution; Ethernet Connectivity; PoE Powered. The UniFi video camera is designed for use indoors or outdoors under an overhang. The camera has infrared LEDs with automatic IR cut filter. Accessible from a web browser, the UniFi video interface was designed to be easy to use yet packed with advanced features. The UniFi video interface is incredibly intuitive and loaded with powerful features such as detailed statistical Reporting, multiple views, versatile camera settings, advanced analytics, and customizable event recordings.",159.99,USD,192122,192122,False
640655,,Ubiquiti Camera UniFi Video G3-FLEX Camera 3 Pack,Ubiquiti Camera UniFi Video G3-FLEX Camera 3 Pack,361.10,AUD,266703,266703,False
45759307,Maxxis,"Maxxis Maxxis High Roller II Tire: 27.5 x 2.30"", Folding, 60tpi, Dual Compound, EXO, Tubeless Ready, Black",,65.00,USD,627344,627344,False
12051271,,EPSON Premium Glossy Photo Paper A4/30ks,Foto papier,17.49,,1601212,1601212,False
12459344,Ubiquiti,Ubiquiti UniFi UVC-G3-FLEX-3 Video Cameras - 3 Pack,Ubiquiti's versatile UVC-G3-FLEX-3 are indoor/outdoor 1080p HD cameras which can be manually rotated to point in the desired direction. This is a pack of 3 UVC-G3-FLEX cameras.,258.49,GBP,266703,266703,False
83418921,,8TB - Seagate Enterprise Ironwolf Pro SATA - ST8000NE001,"[shortdesc]Seagate IronWolf Pro ST8000NE001 8TB 7200RPM 256MB Cache SATA 6.0Gb/s 3.5"" Internal Hard Drive.7200 RPM 256MB CacheSATA 6.0Gb/sEnterprise NAS Hard Drives[/shortdesc][additional]Manufacturer :SynologyBrand :SeagateProduct Line :Seagate IronWolf ProModel :ST8000NE001Bundled with :2 years Rescue Data Recovery Service PlanPackaged Quantity :1StorageType :Hard driveHard DriveHard Drive Type :Internal hard driveForm Factor :3.5""Form Factor (metric) :8.9 cmForm Factor (Short) :3.5""Form Factor (Short) (metric) :8.9 cmStorage Interface :Serial ATA-600Interface :Serial ATA-600Capacity :8 TBAverage Latency :4.16 millisecondData Transfer Rate :600 MBpsInternal Data Rate :214 MBpsSpindle Speed :7200 revolutions per minuteBuffer Size :256 megabyte, 256 megabyte, 256 megabyte, 256 megabyteNon-Recoverable Errors :1 per 10^1524x7 Operation :YesFeatures :Rotation vibration sensor, Hot-Plug Support, AgileArray, Advanced format 512e, 24x7 availabilityInterface ProvidedInterfaces :1 x SATA 6 Gb/sBay RequiredCompatible Bay :3.5""SoftwareType :IronWolf Health ManagementPower ConsumptionPower Consumption :5.9 Watt (idle), 0.9 Watt (standby), 9.8 Watt (active), 0.8 Watt (sleep)MiscellaneousMTBF :1,200,000 HoursDimensions & WeightWidth :4 inchDepth :5.8 inchHeight :1 inchWeight :25.46 ounceService & SupportType :5-year warrantyService & Support DetailsService & Support :Limited warranty - 5 yearsShock & Vibration ToleranceShock Acceleration (Operating) :70 gramShock Duration (Operating) :2 msShock Acceleration (Non-operating) :250 gramShock Duration (Non-operating) :2 msVibration Acceleration (Non-operating) :2.27 gramVibration Frequency Range (Non-operating) :10-500 HzEnvironmental ParametersMin Operating Temperature :41 degree FahrenheitMax Operating Temperature :140 degree FahrenheitMin Storage Temperature :-40 degree FahrenheitMax Storage Temperature :158 degree Fahrenheit[/additional]Tough, ready and scalable, Seagate IronWolf Pro drives (up to 10TB) come with AgileArray technology focusing on drive balance, RAID optimization with error recovery control, and power management on NAS enclosures.You also have Rescue Data Recovery service for that extra peace of mind your digital assets can appreciate. Optimized for 1-to-16-bay NAS enclosures for creative pro and small- to medium-sized enterprise enclosures, IronWolf Pro drives are enhanced with AgileArray technology and Rotational Vibration (RV) sensors.",232.84,USD,1578824,1578824,False
55471505,,Corsair Crystal 680X RGB Mid Tower Gaming Case - White USB 3.0,"Order from CCL - The CORSAIR Crystal Series 680X RGB White case with Tempered Glass Panels, up to E-ATX support and 3x LL120 RGB Fans",2.4721E2,GBP,28019,28019,False
45759535,Audemars Piguet,Pre-Owned Audemars Piguet Royal Oak Chronograph 26331ST.OO.1220ST.03,"Pre-Owned Audemars Piguet Royal Oak Chronograph (26331STOO1220ST03) self - winding automatic watch, features a 41mm stainless steel case sur...Read More",33900.00,USD,607611,607611,False
90497961,CISCO,"Cisco Catalyst 2960 X Series Switches , Gigabit Network Switch WS-C2960X-24TD-L","High quality Cisco Catalyst 2960 X Series Switches , Gigabit Network Switch WS-C2960X-24TD-L from China, China's leading Gigabit LAN Switch product market, With strict quality control Gigabit LAN Switch factories, Producing high quality Cisco Catalyst 2960 X Series Switches , Gigabit Network Switch WS-C2960X-24TD-L products.",750,USD,758825,758825,False
64029523,,Zebra 800015-101 1000 Prints Black Resin Ribbon for P310i P420i P520i,"Zebra 800015-101Produce up to 1000 prints with Zebra 800015-101 ribbons. The black resin of this ribbon is prmarily used for printing readable barcodes and one-colour text. It is best fit for P310i-P520i series ID card printers.As with all ribbons in the True Colour range, you will also receive automatic ribbon detection and printer driver configuration, enhanced ribbon formulation for optimal colour output and a notification when the ribbon count is low.SpecificationsPrint Color: BlackCompatibility: P310i | P320i | P330i | P420i | P430i | P520iYield: 1000 prints",5.949999E1,AUD,5836450,5836450,False
43411151,,WD 1TB My Passport Portable Hard Drive,WD 1TB My Passport Portable Hard Drive WD 1TB Black My Passport Portable External Hard Drive - USB 3.0 - WDBYNN0010BBK-WESN,8500.00,KES,472560,472560,False
81885728,,Seagate Ironwolf Pro 4TB (ST4000NE001),,,,1102119,1102119,False
1329026,,Seagate IronWolf PRO 16TB NAS Professional,"3.5"", SATA 6.0Gb/s, 7200RPM, 256MB cache, Agile Array",3914.00,DKK,40783,40783,False
75355798,,"Seagate IronWolf 6TB SATAIII/600, 7200rpm, 256MB cache 3-yr limited warranty","6TB, 7200 RPM, SATA 6Gb/s, 8.89 cm (3.5"")",3260.687001,ZAR,498972,498972,False
80935142,Crucial,"Crucial SSD 2TB Crucial 2,5"" (6.3cm) MX500 SATAIII 3D 7mm retail",Crucial? MX500 Solid-State-Drive,279.00,EUR,70841,70841,False
10214898,,Swiss Military Hanowa Flagship 06-5161.2.04.007,,1895.00,SEK,5860529,5860529,False
75426867,Apple,Apple Apple AirPods with Wireless Charging Case,,199.00,USD,1994510,1994510,False
13939571,Ubiquiti,Ubiquiti UniFi UVC-G3-BULLET Network IP Video surveillance camera,"The UniFi Video Camera UVC-G3-BULLET IP Camera is designed for use in the UniFi Video surveillance management system. It offers 1080p Full HD video, indoors or outdoors. Previously known as the UVC-G3-AF, this camera has infrared LEDs with an automatic IR cut filter for day and night surveillance.",131.49,GBP,192122,192122,False
7726595,Corsair,Corsair Carbide SPEC-01 Mid Tower Gaming Case,Corsair Carbide SPEC-01 Mid Tower Gaming Case ¨C PC Case Gear ¨C Australia¡¯s Premier Online PC Store.,69,AUD,195552,195552,False
12606832,Apple,Apple AirPods with Charging Case (2nd Gen 2019),AirPods with Charging Case (2nd Gen 2019),159.00,USD,1223297,1223297,False
11453264,,ASUS GeForce GTX1660 Super Phoenix OC 6GB GDDR6,"The ASUS Phoenix GeForce? GTX 1660 SUPER? is a high definition powerhouse packed into a compact layout. It boasts a large single fan with a Wing-blade design that has trickled down from top tier cards. This gives the Phoenix a performance boost over the competition, while keeping its size small enough to be compatible with most modern chassis. Just like its namesake, the Phoenix also boasts a long lifespan with features like IP5X dust resistance, dual ball fan bearings, and Auto-Extreme Technology. If you're looking for a nimble sidekick that will keep pushing pixels for years to come, the Phoenix is your beast.",379.00,AUD,137125,137125,False
70403624,Maxxis,"Maxxis High Roller II 650b 27.5"" Dual Compound EXO Folding Tubeless Ready Mountain Bike Tyre","The Maxxis High Roller II 650b 27.5'' Dual Compound EXO Folding Tubeless Ready Mountain Bike Tyre features an extremely open and aggressive tread the delivers excellent soil penetration and mud-clearing ability. This model features Maxxis' EXO protection. This consists of Maxxis' propriety material based sidewall that specially integrates with the exterior design of the tyre. The EXO protection means this tyre has increased abrasion and cut resistance for optimal performance.The Maxxis High Roller's square profile produces a solid, consistent and reliable feel across the knobs. This tyre also features modified knobs on the shoulder and centre improve braking performance and traction on hard surfaces. The Maxxis High Roller II 650b 27.5'' Dual Compound EXO Folding Tubeless Ready Mountain Bike Tyre is an excellent choice for technical, freeride terrain.For our full range of Bike Accessories visit Evans Cycles",¡ê40.00,GBP,627344,627344,False
1707364,,Seagate IronWolf 6TB NAS Hard Drive,Seagate IronWolf 6TB NAS Hard DriveSeagate IronWolf 6TB NAS Hard Drive 3.5 Inch SATA 6Gb/s 7200 RPM 256MB Cache for RAID Network Attached Storage For everything NAS,41500.00,KES,498972,498972,False
11409646,,"Corsair ML120 Pro LED, Red, 120mm Premium Magnetic Levitation Fan","Corsair ML120 Pro LED, Red, 120mm Premium Magnetic Levitation Fan (CO-9050042-WW)If NASA Designed a Computer Case Fan ¨C This Would Be It Corsair ML Series of fans magnetic levitation technology and custom engineered rotors provide unrivaled performance and low noise.Thanks to its innovative design, the ML Series fans delivers both high static pressure and high air flow for a superior fan experience.Warranty Five years Fan Size 120mm x 25mm Flow Type Static Pressure LED Color Red PWM Control Yes Airflow 12 - 75 CFM Static Pressure 0.2 - 4.2 mmH20 Sound Level 16 - 37 dBA Speed 400 - 2400 RPM Power Draw 0.299 ACorsair ML120 Pro LED, Red, 120mm Premium Magnetic Levitation FanWarranty: 60 months Size: 123x53x150 mm Weight: 1 Kg",72.40,AUD,971833,971833,False
24557096,LOGITECH,LOGITECH C270 3MP 1280 X 720PIXELS USB 2.0 BLACK WEBCAM,,,,79254,79254,False
82628958,,Ubiquiti UniFi Video Camera UVC-G4-PRO Infrared IR 4K Video- 802.3af is embedded,Ubiquiti UniFi Video Camera UVC-G4-PRO Infrared IR 4K Video- 802.3af is embedded,763.60,AUD,788533,788533,False
81316249,Apple,Apple AirPods 2 with Wireless Charging Case,,209.00,EUR,1126552,1126552,False
36425270,,"HD 3,5 4TB 7200RPM IRONWOLF PRO 128 MB SATA3 SEAGATE",,153.99,EUR,1102119,1102119,False
50426879,,Extreme Pro USB-n?gle 128 GB USB Type-A 3.2 Gen 1 (3.1 Gen 1) Sort,"TRANSFER 4GB TO DRIVE IN LESS THAN 15 SECONDSThe SanDisk Extreme PRO USB 3.1 Solid State Flash Drive delivers super-fast solid state performance in a USB flash drive. A game-changer in the USB storage category, this flash drive offers read speeds of up to 420MB/s and write speeds of up to 380MB/s1 that let you transfer everything fast. With capacities up to 256GB*, there¡¯s plenty of room to easily manage massive files. The sophisticated aluminum design is both stylish and durable, and the included SanDisk SecureAccess software, with 128-bit file encryption and password protection, ensures that your private files stay private4. Plus, the SanDisk Extreme PRO USB 3.1 Solid State Flash Drive is backed by a limited lifetime warranty6 for added peace of mind.READ/WRITE SPEEDS OF UP TO 420MB/s / 380MB/sBlazing-fast performance lets you transfer a full-length 4K movie to drive in less than 15 seconds2 or 1000 photos in less than 25 seconds.SOLID STATE USB FLASH DRIVEThe SanDisk Extreme PRO USB 3.1 Solid State Flash Drive delivers the performance, capacity, and reliability of an SSD in ultimate portability of a USB flash drive.ALUMINUM METAL CASING FOR DURABILITYThe SanDisk Extreme PRO USB 3.1 Flash Drive features an elegant yet durable aluminum metal casing to help protect the drive from everyday wear and tear.SANDISK SECUREACCESS? SOFTWARE PROTECTS YOUR PRIVACYCreate a private folder on your drive with SanDisk SecureAccess software. This 128-bit AES encryption software makes it easy to password-protect critical files. Drag and drop files into the vault, and they'll be protected.EASY FILE RECOVERY WITH RESCUEPRO DELUXE SOFTWARE5The drive comes with a RescuePRO Deluxe data recovery software download offer. This software makes it easy to recover files that have been accidentally deleted (download required).COMPATIBLE WITH USB 3.0 AND 2.0 PORTSThe SanDisk Extreme USB 3.1 Solid State Flash Drive is backward-compatible, so you can plug it into any USB 2.0 or 3.0 port.Kapacitet: 128 GBEnhed, interface: USB Type-AUSB version: 3.2 Gen 1 (3.1 Gen 1)L?sehastighed: 420 MB/sSkrivehastighed: 380 MB/sUnderst?ttede Windows operativsystemer: Windows 10,Windows 7,Windows 8,Windows VistaMac kompabilitet: JaUnderst?ttede Mac operativsystemer: Mac OS X 10.10 Yosemite,Mac OS X 10.11 El Capitan,Mac OS X 10.12 Sierra,Mac OS X 10.13 High Sierra,Mac OS X 10.7 Lion,Mac OS X 10.8 Mountain Lion,Mac OS X 10.9 MavericksFormfaktor: GlideFarve p? produkt: SortMateriale kabinet: AluminiumN?glering: JaFingeraftryksl?ser: NejBeskyttelse af adgangskode: JaSikkerhedsalgoritmer: 128-bit AESDriftstemperatur (T-T): 0 - 35 ¡ãCLagringstemperatur (T-T): -10 - 70 ¡ãCBredde: 21 mmDybde: 71 mmH?jde: 11 mmV?gt: 17 gBredde (emballage): 102 mmDybde (emballage): 152 mmH?jde (emballage): 25 mmPakkev?gt: 59,5 gEmballagetype: BlisterAntal pr. pakke: 1 stkMedf?lgende software: SanDisk SecureAccessAntal pr. hovedemballage: 25 stkHovedkasse (ekstern), bredde: 13,5 cmHovedemballage (ekstern) l?ngde: 36,8 cmYdre emballage, h?jde: 10,4 cmMaster kartonv?gt: 1,7 kg",561.95,DKK,79238,79238,False
12389785,Maxxis,"Maxxis Maxxis, Minion DHR2, Tire, 29''x2.40, Folding, Tubeless Ready, 3C Maxx Grip, 2-ply, Wide Trail, 60TPI, Black",,90.00,USD,319607,319607,False
71230660,,Epson Premium Glossy Photo Paper 13x18cm,"High Gloss Finish, Bright White and Resin Coated, Smudge and Water resistant, 5""x7"" (13x18cm), 255gsm, 30 Sheets",11.49,GBP,157548,157548,False
44483408,Apple,Apple AirPods with Wired Charging Case (2nd Generation),Wired charging caseBreakthrough wireless designFantastic sound and voice50% more talk time and 24 hours of listeningSeamless use with your Apple devisesPowered by the H1 headphone chip,144.98,USD,1223297,1223297,False
331318,Apple,Apple AirPods with Charging Case 2nd Generation,"Product InformationApple AirPods with Charging Case 2nd Generation Key Features:Easy setup for all your Apple devicesCharges quickly in the caseRich, high-quality audio and voiceMore magical than everThe new AirPods deliver the wireless headphone experience, reimagined. Just pull them out of the case and they're ready to use with your iPhone, Apple Watch, iPad or Mac.Easy to setupAfter a simple one-tap setup, AirPods work like magic. They're automatically on and always connected. AirPods can even sense when they're in your ears and pause when you take them out.Support for SiriTo adjust the volume, change the song, make a call or even get directions, simply say ""Hey Siri"" and make your request. You have the freedom to wear one or both AirPodsPowerful BatteryAirPods deliver 5 hours of listening time and 3 hours of talk time on a single charge. And they're made to keep up with you, thanks to a charging case that holds multiple charges for more than 24 hours of listening time. Need a quick charge? Just 15 minutes in the case gives you 3 hours of listening time or 2 hours of talk timePowered by a H1 ChipPowered by the all-new Apple H1 headphone chip, AirPods use optical sensors and motion accelerometers to detect when they're in your ears. Whether you're using both AirPods or just one, the H1 chip automatically routes the audio and engages the microphone. And when you're on a call or talking to Siri, an additional speech-detecting accelerometer works with beamforming microphones to filter out external noise and focus on the sound of your voice.Please note - Due to hygiene reasons, we cannot accept back unwanted returns for this item if the packaging has been opened or the product has been used.Show more;",147.97,EUR,767259,767259,False
22007806,Maxxis,"Maxxis Maxxis Minion DHR II Tire: 29 x 2.40"", Folding, 60tpi, 3C MaxxGrip 2- Ply, Tubeless Ready, Wide Trail, Black",,90.00,USD,319607,319607,False
16871572,UBIQUITI,Ubiquiti UVC-G3-BULLET (Formerly UVC-G3-AF) UniFi Video Camera G3 1080p PoE IP Camera,Ubiquiti UVC-G3-AF UniFi Video Camera G3 1080p PoE IP Camera,118.20,GBP,192122,192122,False
5656114,Maxxis,"Maxxis Maxxis, High Roller II, 27.5''x2.50, Folding, 3C Maxx Terra, EXO, Wide Trail, 60TPI, Black",,85.00,USD,729259,729259,False
20971734,,Ubiquiti UniFi Video Camera G3 BULLET (UVC-G3-BULLET),"TheUbiquiti UVC-G3-BULLETfeatures clear 1080p video resolution. The ball?joint mount offers flexible 3-axis adjustment and can be mounted indoors or outdoors. The camera has infrared LEDs with an automatic IR cut filter for day and night surveillance.1080p Full HD, 30 FPSEFL 3.6 mm, ?/1.8Outdoor Weather Resistant802.3af PoE or 24V Passive PoEBuilt-in MicrophoneWall, Ceiling, or Pole MountHigh-Power IR Range Extender Accessory (Sold Separately)Powerful Software ManagementUse the UniFi Video mobile app for easy camera management and live streaming from an iOS or Android-based smartphone or tablet. The UniFi Video mobile app is now available in the App Store for iOS and Google Play Store for Android.HD Image QualityFeaturing an EFL 3.6 mm f/1.8 lens for superior vision, the Ubiquiti UniFi Video Camera G3 (UVC-G3-AF) provides 1080p HD resolution at 30 FPS - that's an impressive 360p more that its G2 predecessor!Infrared Range ExtenderThe optional IR Range Extender accessory, model UVC-G3-LED, significantly extends the night vision range to up to 25 m (82 ft).",109.35,GBP,192122,192122,False
87367093,,Dysk SEAGATE IronWolf? 6TB ST6000VN0033 7200 256MB SATA III NAS,,"864,63 z?",PLN,498972,498972,False
82122672,,"Seagate IronWolf Pro 8TB SATA III 3.5"" Hard Drive - 7200RPM, 256MB",Enormous 8TB HDD Drive Capacity. Perfect 7200RPM Disk Speed for Storing Photos,2.5124E2,GBP,1578824,1578824,False
41191422,Maxxis,Maxxis High Roller II MaxxTerra Tire (WT) (3C/EXO/TR) (27.5 x 2.40) (Folding),"An open and aggressive tread design gives the High Roller II excellent soil penetration and mud-clearing ability. A square profile provides a solid, consistent feel across the knobs. Modified knobs on the shoulder and center improve braking performance and traction on hard surfaces. An excellent choice for technical, loose terrain. The High Roller II is available in trail, enduro, and downhill specs.The most important part of a tire is arguably the rubber compound used to within the tread and with Maxxis's 3C MaxxTerra you get an intermediate compound with great rolling and grip properties.Features:WT: Wide Trail casing used for 2.4""-2.6"" wide tires designed for fitment on a wider rim profile3C: Tripple Compound with harder base-layer and two progressively softer top layers for optimal traction and durabilityEXO: Extremely cut-resistant and abrasion resistant material layer added to sidewallsDD: DoubleDown provides two 120tpi casing layers reinforced with a butyl insert for DH protection at a lower weightTR: Tubeless Ready for increased traction and lower rolling resistanceWeight26 x 2.40 (3C/EXO):855g27.5 x 2.40 (3C/EXO/TR): 910g27.5 x 2.40 (3C/EXO): 890g27.5 x 2.50 (3C/EXO/TR): 925g27.5 x 2.50 (3C/TR/DD): 1115g29 x 2.50 (3C/EXO/TR): 990g29 x 2.50 (3C/TR/DD): 1200g This product was added to our catalog on March 5, 2019",71.00,USD,1631327,1631327,False
45934014,Swiss Military Hanowa,Swiss Military Hanowa06-5161.2.04.003 Flagship montre,Steel Swiss Made Watch with Date,249.00,EUR,2682919,2682919,False
27286069,,Camera Web Logitech C270 HD Black Microphone,"HD sensor | HD video calling (1280 x 720 pixels) with recommended system, Video capture: Up to 1280 x 720 pixels, Photos: Up to 3.0 megapixels (software enhanced), Built-in mic with Logitech RightSound technology, Hi-Speed USB 2.0 certified, Universal clip fits laptops, LCD or CRT monitors, Logitech Vid HD | 2 ani","Pret:110,24RON",RON,79254,79254,False
50250903,Ubiquiti,Ubiquiti UniFi Protect UVC-G4-PRO,,6195,NOK,788533,788533,False
72241593,,Apple AirPods w/ Charging Case,"? For iPhone, Apple Watch, iPad, or Mac? Automatically Turn On When Connected? Audio Automatically Plays When in Ears? Built-In Microphone? 5 Hours o...",159.00,USD,1223297,1223297,False
40845396,Apple,Apple AirPods with Wireless Charging Case (2nd Generation) - White,"AirPods with Wireless Charging Case (2nd Generation) - White. The new AirPods deliver the wireless headphone experience, reimagined. Just pull them out of the charging case and theyre ready to use with your iPhone, Apple Watch, iPad, or Mac.",139.99,USD,1994510,1994510,False
69388758,,"Seagate IronWolf Pro 8TB NAS Hard Drive 3.5"" 7200RPM 256MB Cache","7200RPM Spin Speed, SATA III Interface, 128MB Cache, 3.5"" Form Factor, 5 Year Warranty",220.14,GBP,1578824,1578824,False
14965818,Seagate,"Seagate IronWolf 6TB NAS 3.5"" Hard Drive","Product InformationTough. Ready. Scalable.For everything NAS, there's IronWolf and IronWolf Pro. Always on and always working, IronWolf is enhanced with AgileArray technology for optimal reliability and system agility. Multi-user technology and extreme workload rates allow IronWolf to perform and scale up with your enterprise.IronWolf + the Power of AgileArray- NAS-optimised hard drive for the best-possible user experience- IronWolf Health Management in Synology NAS1 continuously helps to safeguard the health of your data- Drive balance with Rotational Vibration (RV) sensors manage multi-bay vibration for long-term consistent performance and reliability- RAID performance optimised that maximises responsiveness and uptime with NAS-aware Error Recovery Control- Advanced power management saves energy and delivers the right power at the right timeMulti-Bay and NAS-Ready With Built-In RV SensorFirst in its class, IronWolf drives are equipped with RV sensors on high capacity drives to maintain performance in multi-bay NAS enclosures. RV sensors on IronWolf Pro come standard, helping business and creative pros to have consistent performance for years to come.Do More With Multi-User OptimisationDo more with your NAS with multi-user optimisation. Enabling user workloads of up to 180 TB/year on IronWolf and 300 TB/year with IronWolf Pro, multiple users can confidently upload and download data to a NAS server. Whether you're a creative pro or a small business, IronWolf is on your side.Be Creative Anywhere With IronWolf and Your NASExtensible and reliable storage helps keep you and your creative business on schedule. IronWolf and IronWolf Pro are great companions for your NAS for 24¡Á7 remote access, backups and file sharing from anywhere, making sharing ideas easy. For growing agencies and the need for more storage, IronWolf and IronWolf Pro are built to address NAS scalability challenges.Grow Your Business NASA thriving small business needs storage that can thrive with it. IronWolf is optimised for NAS in multi-RAID environments that not only the vibration, but also handle the high user workload rate in a high data traffic network. Enter multi-user technology ¡ª up to 180 TB/yr for IronWolf, up to 300 TB/yr for IronWolf Pro.Dominate The MediaBuild your home NAS media empire with IronWolf HDDs. IronWolf and IronWolf Pro lead the class in storage capacity with drives as large as 10 TB, and the performance needed to run high definition content with your NAS. Store thousands of full-length HD films and even more photographs on your private server. Think of it as your home cloud.Show more;",170.98,GBP,498972,498972,False
36295476,Corsair,Corsair ML140 Magnetic Levitation 140mm Case Fan - Twin Pack,"ML140 Magnetic Levitation 140mm Case Fan - Twin Pack. Corsair ML140 delivers unrivaled performance and silence by utilizing magnetic levitation technology and a custom rotor design. The innovative design provides the high static pressure and high air flow, with an ultra-low friction magnetic bearing that simultaneously generates lower noise and provides higher performance. A 1,600 RPM control range gives you total control between silence and absolute performance.",44.99,USD,456079,456079,False
13312849,,WS-C2960X-24TD-L- SFP LAN Base Switch,Cisco Catalyst 2960 X 24 GigE LAN Base 2 x 10G SFP+ Switch,1053.00,USD,758825,758825,False
90825254,,Cooler Master MasterLiquid ML120L RGB V2 AIO Liquid CPU Cooler MLW-D12M-A18PC-R2,"Cooler Master MasterLiquid ML120L RGB V2 AIO Liquid CPU Cooler - 1x 120mm SickleFlow RGB Fan - 120mm Radiator - New Generation Dual Chamber Pump - Reinforced Sealing for Anti-Leaking Prevention - Compatibility: Intel LGA 2066, 2011-v3, 2011, 1200, 115x, AMD AM4, AM3+, AM3, AM2+, AM2, FM2+, FM2, FM1 - MLW-D12M-A18PC-R2 - 2 Years Limited Warranty",86,AUD,91172,91172,False
27966987,,ADATA SSD 1TB XPG SX6000 LITE,"SSD ADATA XPG SX6000 Lite, 1TB, M.2-2280, PCIe Gen3x4, 3D NAND, R/W speed 1800MBs/1200MBs",820.85,RON,89058,89058,False
55268831,,"Corsair ML140 Pro LED, Blue, 140mm Premium Magnetic Levitation Fan","Corsair ML140 Pro LED, Blue, 140mm Premium Magnetic Levitation Fan (CO-9050048-WW) If NASA Designed a Computer Case Fan ?¡é???? This Would Be It Corsair ML Series of fans magnetic levitation technology and custom engineered rotors provide unrivaled performance and low noise.Thanks to its innovative design, the ML Series fans delivers both high static pressure and high air flow for a superior fan experience. Warranty Five years Fan Size 140mm x 25mm Flow Type Static Pressure LED Color White PWM Control Yes Airflow 20 - 97 CFM Static Pressure 0.2 - 3.0 mmH20 Sound Level 16 - 37 dBA Speed 400 - 2000 RPM Power Draw 0.276 A",55.00,AUD,509638,509638,False
88168633,Epson,Epson Papir Photo Premium Glossy 13X18cm 30-ark 255G,,85,DKK,157548,157548,False
11782965,Cisco,"Cisco Catalyst 2960-Plus | WS-C2960+48TC-L Catalyst 2960 Plus 48 Port 10/100, 2x1G SFP/RJ-45 LAN Base","WS-C2960+48TC-L | Catalyst 2960 Plus 48 Port 10/100, 2x1G SFP/RJ-45 LAN Base",34900,THB,3739198,3739198,False
19248199,,"Nobreak APC Smart-UPS SURT 20kVA/16kW, 230V",,0,BRL,280415,280415,False
79415655,,Ubiquiti UniFi Protect G4-PRO Camera,"TheUbiquiti UniFi Protect G4-PRO CameraisUniFi Video Compatible,can capture every detail and is Ubiquiti's most powerful camera yet. It has a large 1/2"" image sensor, 3X powered optical zoomlens,and integrated high-power infrared LEDs for night vision. The adjustable base can be mounted to a flat surface or a pole with the included mounting hardware.Ubiquiti UniFi G4 ProKey FeaturesIP-rated surveillance video cameraUp to 4K resolutionPowered by 802.3af/at PoEIdeal for day and night recordingBuilt-in IR LEDs with mechanical IR cut filterCapture Every Detail with 4K Resolution G4 Pro CameraThe G4-PRO is Ubiquitis most powerful camera yet, with a large 1/1.8"" sensor, 3X powered optical zoom lens, and integrated high-power infrared LEDs for night vision. The adjustable base can be mounted to a flat surface or a pole.Enhanced Low-Light PerformanceThe wide-aperture lens, oversized image sensor, and high-power LEDs deliver exceptional clarity and low-light performance.UniFi Protect SoftwareUniFi Protect Controller is a powerful integrated IP video surveillance platform designed to work with UniFi Protect cameras and the UniFi Protect app.Versatile Mounting OptionsThe G4 Pro Camera offers aiming flexibility and can be mounted quickly on a wall, ceiling, or pole.",405.45,GBP,788533,788533,False
544991,Corsair,Corsair ML140 PRO LED Red 140mm PWM Premium Magnetic Levitation Fan,"Product InformationIf NASA Designed a Computer Case Fan ¨C This Would Be ItCorsair ML Series of PWM fans magnetic levitation technology and custom engineered rotors provide unrivaled performance and low noise.Thanks to its innovative design, the ML Series fans delivers both high static pressure and high air flow for a superior fan experience.Magnetic BearingHarnesses magnetic levitation technology to provide lower noise, higher performance, and a longer lifespanCustom Rotor DesignDelivers the perfect balance between high static pressure and high airflow, operating flawlessly in the most challenging environmentsExtensive Control RangeA 1,600 RPM PWM control range gives you total control between low noise and absolute performanceColor CustomizationReplaceable corners mounted to anti-vibration rubber dampers allow you to match your fans with the rest of your build while delivering quiet operation at higher speedsBold LED'sAvailable in Red, White or Blue, the ultra-bright LEDs mounted to the center harness output a vivid blast of light and colorWith a 1,600 RPM PWM control range, The ML Series fans deliver total control between low noise and airflow without compromise.Replaceable corners mounted to anti-vibration rubber dampers ensure quieter operation at higher speeds and are available in Red, White or Blue, the ultra-bright center-mounted LEDs output a blast of light and color which allow you to match your fans with the rest of your build.Contents and SpecificationsPackage contentsML140 PRO LED 140mm PWM Premium Magnetic Levitation FanFan mounting screwsSystem RequirementsMotherboard with an open standard 4-pin fan connectorShow more;",26.98,GBP,387671,387671,False
35936133,Coolermaster,Cooler Master MasterLiquid ML120L RGB AIO CPU Cooler,"Intel and AMD Support, 120mm RGB Fan, Dual Chamber Pump, 62CFM, up to 27dBA, 4-Pin PWM",59.99,GBP,91172,91172,False
7189900,,AirPods with Wireless Charging Case - (White),"AirPods - complete with Wireless Charging Case - combine the intelligent design with breakthrough technology and crystal clear sound. Powered by the new Apple H1 headphone chip, AirPods now feature hands-free access to Siri using just your voice. And up to 3 hours of talk time on a single charge. Features: Automatically on, automatically connected. Easy setup for all your Apple devices2. Quick access to Siri by saying 'Hey Siri'. Double-tap to play or skip forward. The new Apple H1 headphone chip delivers faster wireless connection to your devices.",,,1994510,1994510,False
52992150,,WD My Passport 4TB USB 3.0 + Etui,,459,PLN,1939560,1939560,False
67254699,,Cisco Catalyst 2960X-24TD-L 24 Ports Manageable Ethernet Switch,,"2,206.26",GBP,758825,758825,False
51999280,,Details aboutApple AirPods Pro with Charging Case MWP22AM/A White,,199.95,USD,1563974,1563974,False
77427895,,Seagate IronWolf Pro 6 To,"Disque dur 3.5"" - 7200 tpm - 256 Mo - SATA III - Bulk",224.99,EUR,84984,84984,False
78817300,,2019 Apple AirPods & Wireless Charging Case | Bluetooth Wireless Earbuds,"Looking to upgrade your headphones? Packed full of smart features, look no further than these 2019 Apple AirPods - complete with a wireless charging case, prepare to be impressed...Wear them as a pair or just pop one in; either way, the clever sensors will detect when they're in your ears and pause when you take them out. No matter the music, podcast or call, the audio quality is impeccable.Thanks to the nifty wireless charging case, charging your AirPods is more effortless than ever. Just pop your case on a Qi-compatible mat and it'll power up, giving you multiple charges for over 24 hours of listening time. Oh, and who needs an in-line remote when you can simply say 'Hey Siri' to switch song, change the volume, make a call or even ask for directions? Not you! Features:Clever sensors pause whatever you're listening to when you take the AirPods outSleek white design is synonymous with the Apple nameAn impressive 3 hours of talk time and 5 hours of listening time from a single chargeThe wireless case can hold up to 24 hours worth of chargeLED light lets you know the case is chargingSeamlessly switch the connection between all your Apple devices You can even connect two devices simultaneouslyPlus, swapping either device is as simple as selecting 'AirPods' to connect them!Specification:Single AirPod: 16.5 x 18 x 40.5mmCharging case: 44.3 x 21.3 x 53.5mm Single AirPod weight: 4g Charging case weight: 40gContents:1 x Pair of 2019 AirPods1 x Wireless charging case1 x Lightning to USB cable",117.00,GBP,1126552,1126552,False
64238397,,Ubiquiti UniFi Video Camera Infrared IR 4K Video (UVC-G4-PRO),"Capture every detail with the 4K resolution of the Ubiquiti UniFi Video Camera UVC-G4-PRO. It features a powered zoom lens and infrared LEDs with an automatic IR cut filter for day and night surveillance.4K video resolution3x powered optical zoom lensIntegrated high-power infrared LEDs for night visionAdjustable base makes it easy to mount on a flat surface or a poleIP67 rated weatherproof designThe Ubiquiti UniFi Video Camera UVC-G4-PRO utilises a large 1/2¡± image sensor, 3x powered optical zoom lens and integrated high-power infrared LEDs for night vision. The adjustable base can be mounted to a flat surface or a pole with the included mounting hardware.",,,788533,788533,False
30639668,Asus,ASUS GeForce GTX 1660 Super PH-GTX1660S-O6G 6.0 GB High End graphics card,"The ASUS Phoenix GeForce GTX 1660 SUPER is a high definition powerhouse packed into a compact layout. It boasts a large single fan with a Wing-blade design that has trickled down from top tier cards. This gives the Phoenix a performance boost over the competition, while keeping its size small enough to be compatible with most modern chassis. Just like its namesake, the Phoenix also boasts a long lifespan with features like IP5X dust resistance, dual ball fan bearings, and Auto-Extreme Technology. If you're looking for a nimble sidekick that will keep pushing pixels for years to come, the Phoenix is your beast.Wing-blade fan design incorporates drooped tips on each blade to reduce dragIP5X dust resistance offers protection from particle ingress for better durabilityDual ball fan bearings can last up to twice as long as sleeve bearing designsAuto-Extreme Technology uses automation to enhance reliabilityGPU Tweak II provides intuitive performance tweaking, thermal controls, and system monitoring2x longer lifespanDifferent bearing types have unique pros and cons. Ball bearings excel at durability and can last up to twice as long as sleeve-bearing designs.Keep it cleanDust is enemy number one for fans. It's easy to clean the blades, but taking the fan apart to remove dust that has made its way inside is not a simple task. Passing the IP5X certification means the housing is safe from nasty particulates, so you'll never need that deep clean.Compact designThe Phoenix packs potent rendering power into a compact frame that maximizes compatibility with the chassis.Precision automated manufacturingAuto-Extreme Technology is an automated manufacturing process that sets standards in the industry by allowing all soldering to be completed in a single pass. This reduces thermal strain on components and avoids the use of harsh cleaning chemicals, resulting in less environmental impact, lower manufacturing power consumption, and a more reliable product overall.",225.99,EUR,137125,137125,False
92894304,zebra,Zebra ZXP Series 1Black Monochrome Ribbon K - 1000 Prints 800011-101,,,,1542544,1542544,False
66810868,,Catalyst 2960 Plus 48 10/100 +,Catalyst 2960 Plus 48 10/100 + 2 T/SFP LAN BASE IN,1875.282618,EUR,3739198,3739198,False
23351642,Cisco,Cisco Catalyst WS-C2960X-24PD-L 24 Ports ManagedRack Mountable Switch,,0.00,GBP,1412234,1412234,False
40654641,,Audemars Piguet Royal Oak Chronograph Stainless Steel Watch Replica,"Quality:AAA Grade Replica Bell Audemars PiguetMovement:Asian high replicated Movement(quartz or automatic base on the original functions)Case and bazel materials:316L Stainless Steel(the color was plated like gold or rose gold) Size: Same as originalBracelet or Strap:leather or Stainless Steel Bracelet with perfect detailBox:not default(If you like,we offer the classic model and original model from $25) Some Official Information of this Replica Audemars Piguet Royal Oak Chronograph Stainless Steel WatchBrand: Audemars Piguet Family: Royal Oak Reference: 26331ST.OO.1220ST.02 Name: Royal Oak Chronograph 41 Stainless Steel / Black Produced: 2017 Limited: No Case Material: Stainless steel Glass: Sapphire Back: Closed Shape: Other Diameter: 41.00 mm Height: 11.00 mm W/R: 50.00 m Dial Nickname: Grande Tapisserie Color: Black Indexes: Stick / Dot Hands: Stick Movement Self-winding movement with integrated column-wheel operated chronograph mechanism with date. Type: Automatic Brand: Audemars Piguet Caliber: AP 2385 Base: Fr??d??ric Piguet 1185 Display: Analog Diameter: 26.20 mm Jewels: 37 Reserve: 40 h Frequency: 21600 bph Time: Hours, Minutes, Small Seconds Date: Date Chronograph: Chronograph, Column wheel Audemars Piguet caliber AP 2385 Description The Royal Oak Chronograph ref. 26331ST.OO.1220ST.02 was introduced at SIHH 2017, 20 years after the debut of the original Royal Oak Chronograph. Both case as well as bracelet are done in stainless steel. The black dial features silver subdials. Top AAA fake Audemars Piguet Royal Oak Chronograph Stainless Steel Watch,buy cheap Replica Audemars Piguet Royal Oak 26331ST.OO.1220ST.02 uk,usa and we ship all over the world.",156,USD,31594,31594,False
3728953,Cisco,WS-C2960-24TT-L Cisco Catalyst 2960 24 10/100 + 2 1000BT LAN Base Image. New Factory Sealed.,"WS-C2960-24TT-L Cisco Catalyst 2960 24 10/100 + 2 1000BT LAN Base Image.General InformationManufacturer: Cisco Systems, IncManufacturer Part Number: WS-C2960-24TT-LManufacturer Website Address: http://www.cisco.comBrand Name: CiscoProduct Line: CatalystProduct Series: 2960Product Model: 2960-24TTProduct Name: Catalyst 2960-24TT Ethernet SwitchProduct Type: Ethernet SwitchInterfaces/PortsTotal Number of Network Ports: 24Uplink Port: YesNumber of Network (RJ-45) Ports: 24Port/Expansion Slot Details: 24 x Fast Ethernet NetworkPort/Expansion Slot Details: 2 x Gigabit Ethernet UplinkMedia & PerformanceMedia Type Supported: Twisted PairTwisted Pair Cable Standard: Category 5Ethernet Technology: Fast EthernetNetwork Technology: 10Base-TNetwork Technology: 10/100/1000Base-TNetwork & CommunicationLayer Supported: 2Power DescriptionInput Voltage: 110 V ACInput Voltage: 220 V ACPower Source: Power SupplyRedundant Power Supply: Yes",550,USD,520988,520988,False
65931181,Ubiquiti,UVC-G4-PRO Ubiquiti UniFi IP67 Bullet HD Video Camera,"Ubiquiti NetworksUniFi Video UVC-G4-PRO 4K IP67The UniFi? Protect Camera, model UVC-G4-PRO, represents the next generation of cameras designed for use with the UniFi Protect surveillance management system. This camera offers 4K Ultra HD resolution for day or night use and integrates with the UniFi Protect software for powerful and flexible IP video management.The UVC-G4-PRO is easy to set up, operate, and manage using the UniFi Protect software, which comes pre-installed the UCK-G2-PLUS, the latest generation Cloud Key controller.",830,AUD,788533,788533,False
29543701,,Shimano CN-HG95 MTB Chain 10-Speed Deore XT/SLX/Saint,Lightweight Shimano chain for 10-speed MTB drivetrains.,59.99,NZD,107440,107440,False
38919022,,ML140 PRO RGB LED 140MM PWM Premium Magnetic Levitation Fan ¡ª Single Pack,SpecificationFan WarrantyFive yearsFan Size140mm x 25mmBearing TypeMagnetic LevitationFlow TypeStatic PressureLED ColorRGBOperating Voltage10.8V - 13.2VPWM ControlYesCORSAIR iCUE CompatibilityYesFan ModelML SeriesPackage QuantitySingle FanSpeed400 - 1200 RPMSound Level20.4 dBAPower Draw0.2 AStatic Pressure1.27 mmH2OFan Airflow55.4 CFMPACKAGE CONTENTS:- x1 ML PRO RGB Fan-x4 Fan Mounting Screws* This product is intended as an expansion of CORSAIR¡¯s ML140 PRO RGB two fan kit that includes the RGB LED hub and Lighting Node PRO..,1.45E2,AED,264505,264505,False
74659398,,"Corsair ML140 PRO LED R?d, 140mm Vifte","Magnetic Levitation Fan, 140x140x25mm, 400~2000 RPM, 20~97 CFM, 16-37dBA, 4-pin",299.00,NOK,387671,387671,False
62927088,,WD My Passport 1TB Portable External Hard Drive (Black),"WD My Passport Portable External Hard DriveTRUSTED AND LOVED PORTABLE STORAGE.The My Passport portable drive is trusted to store the massive amounts of photos, videos and music you love. Available in an array of vibrant, fun colours, the sleek style fits comfortably in the palm of your hand, so you can easily take your treasured content everywhere you go.Auto BackupAutomatically back up photos, videos, music and documents from your system onto your My Passport drive with the included WD Backup software. Set it to your schedule. Just pick the time and frequency.Password ProtectionBuilt-in 256-bit AES Hardware Encryption with WD Security software helps keep your content private and safe. Easily add a ¡°return-if-found¡± message as the password prompt in case your My Passport drive ever gets lost. Even great minds like yours can accidentally leave things behind.WD ReliabilityWD builds drives to demanding requirements for durability, shock tolerance and long-term reliability. And we back up (pardon the pun) the trusted My Passport drive with a 3-year limited warranty. EASY TO USEReady to use out of the box, you can start transferring files, saving memories and backing up right away. WD Backup and WD Security software is included to help protect your data.DO MORE WITHWD DISCOVERYIncluded WD Discovery software1 connects to popular social media and cloud storage services, like Facebook, Dropbox and Google Drive. Import your photos, videos and docs to the My Passport drive to help preserve your online life2 . WD Discovery can also be used to manage your drive with WD Drive Utilities.TECHNICAL SPECIFICATIONSFormatted for Windows 10, Windows 8 or Windows 7 operating systems. Requires reformatting for other operating systems.My Passport | Technical SpecificationsCapacity4TB, 3TB, 2TB, 1TBInterfaceUSB 3.0 / USB 2.0 compatibleAdditional DetailsAuto backup with included WD Backup softwarePassword protection with hardware encryption3-year limited warrantyPackage IncludesMy Passport hard driveUSB 3.0 cableWD Discovery? software for WD Backup?, WD Security? and WD Drive Utilities?Quick install guide",3898.7200000000003,INR,472560,472560,False
2056076,Western Digital,Western Digital WD 1TB My Passport USB 3.0 Secure Portable Hard Drive (Black),My Passport 1TB External USB 3.0 Portable Hard Drive,69.00,USD,472560,472560,False
10298203,,Dysk WD My Passport 1TB USB 3.0 black,,,,472560,472560,False
15510280,Corsair,Corsair Carbide Series? SPEC-01 Red LED Mid-Tower Gaming Case,Aggressive gaming case with front blue LED fan and light bar USB 3.0 front port with internal connector Large side panel window Cable routing and CPU cooler backplate motherboard cutouts Seven PCIe slots with room for long graphics cards up to 420mm long,2999.00,INR,195552,195552,False
86391670,Maxxis,Maxxis Maxxis High Roller II 27.5 x 2.4 Folding Bead,Aggressive knobs for a lot of traction.,92.95,CAD,1631327,1631327,False
44763957,,Ubiquiti UniFi Video Camera G3 MICRO,"The Ubiquiti UniFi UVC G3 Micro is a dual band IP camera that records in Full HD (1080p with 30fps). Thanks to the IR LEDs with IR Cut filter, the surveillance images are also clear in the dark. Live streaming is possible via WiFi and thanks to the built-in microphone you can hear what is being said with the camera.Security camera with Full HD recordingsWith the Ubiquiti UniFi G3 UVC Micro you can monitor your premises from the inside, The indoor IP camera records images in Full HD quality (1920x1080p) at 30 frames per second. The images are of excellent quality not only during the day but also at night thanks to the built-in IR Leds with IR Cut Filter. This filter ensures that the exposure is optimal.Magnetic baseA special feature of the Ubiquiti UniFi UVC G3 Micro is the magnetic base to which you attach the IP camera. On this basis, the camera is not only powered, but you can also determine the position of the video camera. You can set the desired viewing angle yourself and therefore precisely film the area that is important to you. In addition to temporary magnetic confirmation, it is possible to mount the security camera in other ways. For temporary use it can also be placed on a table stand. For long-term or permanent use, the IP camera can be integrated in the wall or fixed to the wall with an adhesive pad or screws.Built-in microphoneWith the UVC G3 Micro IP camera, it is possible to listen to what is happening in the vicinity of the camera. The built-in microphone ensures clear audio recording. You can easily understand what is being said, because the microphone has noise reduction.Indoor cameraFull HD video resolution (1920x1080p with 30fps)Night vision thanks to IR LEDs with IR Cut FilterVarious mounting optionsDual band WiFi (802.11 a/b/g/n) for video streamingBuilt-in microphone for audio recordingOperates on mains power (100-240V AC) or PoE (802.3af)Free UniFi Video app for iOS and Android"," 210,¨C",EUR,591042,591042,False
24381109,,WD MY PASSPORT- 1TB BLACK WORLDWIDE,External Hard Disk .,770000,LBP,472560,472560,False
58702611,Shimano,HG-95 10-Speed Mountain Chain: 10-Speed,- 10-speed compatible - Shimano XT - 116 links,34.99,USD,107440,107440,False
46979351,SEAGATE,SEAGATE ST6000VN0033 6TB IronWolf 7200RPM 256MB Sata 3.0 3.5'' Dahili Disk,"6TB 7200RPM SATA3 NAS 256MBKullanm YeriNas / DepolamaKapasite6 TBBoyut3,5 inn Bellek (Cache)256 MBDevir Hz (Rpm)7200ArabirimSATA3 (6 Gb/s)Sat Garanti Sresi (ay)24EAN763649110805,8719706003674,ST6000VN0033",1761.78,TRY,498972,498972,False
81621854,,Epson Premium Glossy Photo Paper A4,"Gl?ttat fotopapper, 255g/m2, 30 ark",259.00,SEK,1601212,1601212,False
24223712,,"HDD extern WD My Passport, 1TB, 2,5"" USB 3.0, negru,","HDD extern WD, 1TB, My Passport, 2,5"" USB 3.0, negru,",292.4370,RON,472560,472560,False
32347478,Apple,Apple AirPods with Charging Case (2nd Generation) - White,"AirPods with Charging Case (2nd Generation) - White. The new AirPods deliver the wireless headphone experience, reimagined. Just pull them out of the charging case and theyre ready to use with your iPhone, Apple Watch, iPad, or Mac.",119.99,USD,1223297,1223297,False
54001501,,LOGITECH USB HEADSET H390 981-000406,"Product TypeHeadsetRecommended UseComputerHeadphones Form FactorCircumauralConnectivity TechnologyWiredAvailable MicrophoneYesSound Output ModeStereoFrequency Response20 - 20000 HzSensitivity-62 dBV/uBarIn-Cord Volume ControlYesTypeBoomMicrophone Operation ModeMonoSensitivity-42 dBV/PascalFrequency Response100 - 10000 HzControlsMute, volumeConnector TypeUSBCables IncludedHeadset cable - 2.4 mService & Support2 years warrantyService & Support DetailsLimited warranty - 2 years",42,GBP,149318,149318,False
16529934,,APPLE - Airpods With Charging Case,APPLE Airpods With Charging Case (MV7N2ZM/A) - Type: Tr?dl?st headset,2632.10,DKK,767259,767259,False
88924072,,"Apple AirPods Pro Bluetooth Earbuds w/ Wireless Charging Case, White (MWP22AM/A)","Staples.com: Apple AirPods Pro MWP22AM/A In The Ear Bluetooth Headset, White with fast and free shipping on select orders.",249,USD,1563974,1563974,False
22845347,SanDisk,SanDisk Cruzer Extreme PRO 128GB USB 3.1 SDCZ880-128G-G46,"Flash drive Extreme Pro USB 3.1 128GB 420/380 MB/s SanDisk Extreme PRO USB 3.1 SSD provides exceptional speed in a compact design with a USB 3.1 interface. This is a real breakthrough in the category of USB mass storage: the drive provides read speeds up to 420 MB/s and write speeds up to 380 MB / s, so you can transfer all files really quickly. With capacities up to 256 GB, you have enough space to store even very large files. The carefully crafted aluminum case is both elegant and durable, and the included SanDisk SecureAccess software with password protection and 128-bit encryption guarantees the privacy of your files. SanDisk Extreme PRO USB 3.1 SSD is also covered by a 30-year warranty, thanks to which you can sleep peacefully. All SanDisk products have been made to the highest standards and rigorously tested. You can trust the exceptional quality, performance and reliability of every SanDisk product. Features and Benefits: Super fast SSD performance and ease of use thanks to USB 3.1 interface Upload a full-length 4K movie to disk in less than 15 seconds or 1,000 photos in less than 25 seconds Carefully made durable aluminum housing Secure file encryption and password protection thanks to the included SanDisk SecureAccess software RescuePRO Deluxe file recovery software included (one-year subscription offer) Backward compatibility with USB 3.0 and USB 2.0 ports",74.00,EUR,79238,79238,False
28153818,Cisco,"WS-C2960X-24PD-L Cisco Catalyst 2960-X 24 GigE PoE 370W, 2 x 10G SFP+, LAN Base. New Factory Sealed.","WS-C2960X-24PD-L Cisco Catalyst 2960-X 24 GigE PoE 370W, 2 x 10G SFP+, LAN Base.General InformationManufacturerCisco Systems, IncManufacturer Part NumberWS-C2960X-24PD-LManufacturer Website Addresshttp://www.cisco.comBrand NameCiscoProduct LineCatalystProduct Series2960-XProduct Model2960X-24PD-LProduct NameCatalyst 2960X-24PD-L Ethernet SwitchProduct TypeEthernet SwitchInterfaces/PortsTotal Number of Network Ports24Number of PoE (RJ-45) Ports24Port/Expansion Slot Details2 x 10 Gigabit Ethernet Expansion SlotPort/Expansion Slot Details24 x Gigabit Ethernet NetworkMedia & PerformanceMedia Type SupportedTwisted PairEthernet Technology10 Gigabit EthernetEthernet TechnologyGigabit EthernetNetwork Technology10/100/1000Base-TI/O ExpansionsNumber of Total Expansion Slots2Expansion Slot TypeSFP+Network & CommunicationLayer Supported2Management & ProtocolsManageableYesPower DescriptionPoE (RJ-45) PortYesInput Voltage110 V ACInput Voltage220 V ACMiscellaneousGreen CompliantYesGreen Compliance Certificate/AuthorityRoHS",1395,USD,1412234,1412234,False
36151198,,"EPSON S042154 premium glossy photo paper 255g/m2, 13x18cm/30vel",,,,157548,157548,False
78863801,,Apple? AirPods with Wireless Charging Case (2nd Generation),True wireless earbuds with H1 chip,,,1994510,1994510,False
76024362,,Ubiquiti UniFi Video Camera G3 FLEX 3-Pack UVC-G3-FLEX-3 Ubiquiti,,200.00,EUR,266703,266703,False
60776561,,SEAGATE 6TB 3.5'' 7200RPM 256MB Sata3 Ironwolf Pro Nas Dahili HardDisk ST6000NE000,6TB 3.5'' 7200RPM 256MB Sata3 Ironwolf Pro Nas Dahili HardDisk...,1.9309E3,TRY,84984,84984,False
20467137,Corsair,Corsair Carbide SPEC-01 Tower Black,"The essential gaming PC case.Carbide Series SPEC-01 is proof that great looks, smart design, and durable construction don¡¯t need to be pricy, and that basic doesn¡¯t need to be boring. You get aggressive styling, a huge side panel window for admiring your components, and an LED-lit front intake fan that draws cool air directly to your graphics cards.Inside, there¡¯s room for up to five fans, and the four combination hard drive / SSD trays make storage installation and upgrades quick and easy. Cable routing cutouts help you reduce clutter, and the built-in dust filters help protect your components. Up front, the USB 3.0 connector gets you up to speed with the latest high-performance storage devices.Huge side panel windowThe aggressive look of the SPEC-01 makes it look great on the outside, but there¡¯s beauty on the inside of a well-built system, too. The large side panel window lets you show it off.LED front intake fan, with room for moreThe 120mm front intake fan is bathed in soft LED lighting, and it¡¯s oriented to draw cool air directly across your graphics cards. And if you want even more ventilation, you can add a second 120mm fan or even dual 140mm fans.Flexible cooling potentialLike all Corsair cases, the SPEC-01 is designed for cooling, so you¡¯re covered if you¡¯re overclocking, running multiple GPUs, or if you just want more airflow. There are mounting points for up to five fans, including dual front 140mm or 120mm fans, dual 120mm fans on top, and a rear 120mm fan.Multiple drive baysYou might not build a system with four hard drives or SSDs, but with SPEC-01, you can if you want. In addition to the two standard 5.25¡± optical drive bays, there are four built-in 3.5¡± / 2.5¡± combo drive bays for mechanical hard drives or solid-state drives.Easy system builds, maintenance and upgradesBuilds should be easy, no matter what your budget. 3.5¡± drive installation is tool-free, and you get cable routing holes for neater-looking builds and better airflow. And, there¡¯s a CPU cutout to allow for cooling upgrades without removing the motherboard. The front intake fan filters help keep dust out of the interior, and the front panel has a USB 3.0 port for fast performance from USB flash drives and portable hard drives.Contents and SpecificationsPackage contentsCarbide Series SPEC-01 Mid-Tower Gaming CaseAccessories box with screws, zip ties, and other mounting hardwareWarranty and Support InformationCompatibilityMini ITX, Micro ATX, ATX motherboardsTechnical specificationsTons of fan mounts:Front ¨C 2 x 140/120mm (1 x 120mm LED included)Top ¨C 2 x 120mmRear ¨C 120mmUSB 3.0 front port with internal connectorLarge side panel windowWarrantyTwo yearsWeight4.8kgColorBlackCase Form FactorMid-towerDimensions479mm x 200mm x 430mmCase Motherboard SupportMini ITX, Micro ATX, ATXMaximum GPU Length414mmMaximum CPU Cooler Height150mmMaximum PSU Length230mmCase Expansion Slots7Case Drive Bays(x2) 5.25in(x4) Combo 3.5in/ 2.5inCase MaterialSteelCase Power SupplyATX (not included)External Connections(x1) USB 2.0 (x1) USB 3.0 (x1) Headphone Port (x1) Microphone PortFan Mount LocationsFront: (x2) 120/140mm Top: (x2) 120mmRear: (x1) 120mmFans IncludedFront: (x1) 120mmRadiator Mount LocationsRear: 120mmCompatible Corsair Liquid CoolersH55, H60, H75, H80 Cable routing and CPU cooler backplate motherboard cutoutsSeven PCIe slots with room for long graphics cards up to 420mm longInstall up to four storage drives, your choice of 3.5¡± or 2.5¡±, each tray fits bothDust filters for front and PSU intake",79,AUD,195552,195552,False
46111836,,ASUS GeForce GTX 1660 SUPER 6GB Phoenix Boost Graphics Card,"Available @ CCL: ASUS GeForce GTX 1660 SUPER Phoenix 6GB Overclocked Graphics Card. HDMI, DVI and DisplayPort inputs. Direct X 12 Support. VR Ready.",2.3051E2,GBP,137125,137125,False
84899710,,Cisco Catalyst 2960-Plus 48TC-L - switch - 48 ports - managed - rack-mounta,"The Cisco Catalyst 2960-Plus series switches are fixed-configuration Fast Ethernet switches that provide enterprise-class Layer 2 switching for branch offices, conventional workspaces, and infrastructure applications. They enable reliable and secure operations with lower total cost of ownership through a range of Cisco IOS software features, including Cisco Catalyst SmartOperations.",2379.99,CAD,3739198,3739198,False
5708838,Ubiquiti,Ubiquiti UniFi Full HD IRNV Indoor Micro Security Camera,"Ubiquiti UniFi G3-MICRO Security Camera for Indoor Use, 1920x1080, 30Hz, IRNV, PoE, Dual-Band 802.11a/b/g/n, Mic/Speaker",189.98,GBP,591042,591042,False
16669097,,LOGITECH - LOGI HD Webcam C270,LOGITECH LOGI HD Webcam C270 (960-001063),786.00,NOK,79254,79254,False
30454889,,Audemars Piguet-Audemars Piguet Royal Oak Offshore Chronograph 42mm Mens Watch-26470OR.OO.A125CR.01,Audemars Piguet-Audemars Piguet Royal Oak Offshore Chronograph 42mm Mens Watch-26470OR.OO.A125CR.01,38000,USD,67840743,67840743,False
43974669,,WD My Passport 4TB USB3.0 Portable Hard Drive- Black,"SpecificationsCapacity4 TBColourBlackForm Factor2.5 InterfaceUSB 3.0 and 2.0RaidSeriesMy PassportWarranty3 YearsWeight250g (0.54lb)My Passport? /Portable Storage/ USB 3.0Trusted and loved portable storage in a reimagined design.My Passport? is the trusted, portable storage that perfectly complements your on-the-go lifestyle. Designed to fit in the palm of your hand, there s plenty of space to store a massive amount of photos, videos, music and documents. Perfectly paired with WD Backup? software and password protection, the My Passport drive helps keep your files safe.Product FeaturesBack Up AutomaticallyThe My Passport drive comes equipped with WD Backup software to help make sure your photos, videos, music and documents don t get lost. You can set it to run automatically to your schedule. Just pick the time and frequency to back up important files from your system onto your My Passport drive.Reimagined DesignThe sleek, vibrant design of the My Passport drive comes in a wide range of bold, beautiful colors so you can pick the one that matches your own unique, personal style.Password Protection with Hardware EncryptionThe My Passport drive s built-in 256-bit AES hardware encryption with WD Security? software helps keep your content private and safe. Just activate password protection and set your own personalized password. You can also add a return-if-found message as the password prompt to help your My Passport drive find its way back to you if it ever accidentally gets left behind.Easy to UseMy Passport portable storage is ready to use out of the box so you can start transferring files, saving your memories and backing up. It comes with all the software you need to help protect all your data, including WD Backup and WD Security software.",208.00,AUD,3880206,3880206,False
87637930,ASUS,PH-GTX1660S-O6G 6 GB Geforce GTX 1660 Super Overclocked Phoenix Fan Edition Hdmi DP Dvi Graphics Card,,,,137125,137125,False
76444235,Seagate,"HDD: 8 Tb (3.5"") 7200 Seagate IronWolf Pro SATA III 256Mb (ST8000NE001)",,,,1578824,1578824,False
15548228,,Shimano Cn-Hg95 10-Speed Hg-X Chain - 116 Links,,2.999E1,GBP,107440,107440,False
97112728,,Sram PG 1130 11sp cassette 11-36T,"SRAM's PG-1130 11-Speed Cassette is constructed of heat-treated steel cogs and boasts SRAM's PowerGlide tooth profiles and shift ramps for quick, positive gear changes. This excellent cassette also sports an aluminum spider construction for a maximum stiffness-to-weight ratio, a durable steel lockring, and comes in three wide ranges to suit your riding style.",129.99,CAD,296239,296239,False
59536106,Seagate,"Seagate IronWolf 6TB 3,5'' 256MB ST6000VN0033","Seagate IronWolf 6TB 3,5'' 256MB ST6000VN0033",0,,498972,498972,False
31558480,,AAA Replica Audemars Piguet Royal Oak Chronograph Black Dail Watch 26331ST.OO.1220ST.02,AAA Replica Audemars Piguet Royal Oak Chronograph Black Dail Watch 26331ST.OO.1220ST.02 for sale from China with good prices.,,,31594,31594,False
25593960,,"Maxxis High Roller II Tire - 27.5 x 2.4, Tubeless, Folding, Black, 3C Maxx Terra, EXO",,68.00,USD,1631327,1631327,False
15804397,,"SEAGATE 4TB 3.5"" 7200RPM 256MB Sata3 Ironwolf Pro Nas Dahili HardDisk ST4000NE001","4TB 3.5"" 7200RPM 256MB Sata3 Ironwolf Pro Nas Dahili HardDisk...",1.4979E3,TRY,1102119,1102119,False
12120697,,"Seagate IronWolf 6TB SATA III 3.5"" Hard Drive - 7200RPM, 256MB",Huge 6TB HDD Drive Capacity. No Performance Lag with this Speedy 7200RPMRPM Disk Speed,1.9481E2,GBP,498972,498972,False
53832391,,WD 1TB My PassportPortable External Hard Drive USB 3.0,Model: WD Passport 1TB,16000,GYD,283756,283756,False
3285479,,Seagate IronWolf PRO 8TB NAS Professional,"3.5"", SATA 6.0Gb/s, 7200RPM, 256MB cache, Agile Array",2299.00,DKK,1578824,1578824,False
36580730,,"WD My Passport 1TB 2.5"" USB 3.0 Portable External HDD - Black Colour","WD My Passport 1TB 2.5"" USB 3.0 Portable External HDD - Black Colour",92,NZD,283756,283756,False
10496,,Zebra TrueColours ix Series Monochrome - 1 - black - print ribbon,"Zebra TrueColours i Series monochrome ribbons use ""thermal transfer"" printing technology, a process by which a heated printhead is used to transfer a digitized image from the ribbon to the surface of the card. Monochrome ribbons can be used on all Zebra card printers.",28.99,CAD,163499,163499,False
17648394,Apple,Apple Apple Airpods Pro with Wireless Charging Case (MWP22CH/A) A2190,,199.99,USD,1563974,1563974,False
15698882,,"HDD extern WD My Passport, 1TB, 2,5"" USB 3.0, rosu","HDD extern WD, 1TB, My Passport, 2,5"" USB 3.0, rosu",252.1008,RON,2807367,2807367,False
92965053,Apple,Apple Apple AirPods 2 met Wireless Charging Case,,199.00,EUR,1126552,1126552,False
82090972,,"Western Digital My Passport 1TB 2,5"" USB 3.0","The My Passport drive is trusted, portable storage that gives you the confidence and freedom to drive forward in life. With a new, stylish design that fits in the palm of your hand, there¡¯s space to store, organize, and share your photos, videos, music, and documents.",71.00,EUR,283756,283756,False
68812834,Corsair,Corsair Wentylator ML120 PRO LED RED 120mmPremium Magnetic Leviation Fan,Corsair Wentylator ML120 PRO LED RED 120mmPremium Magnetic Leviation Fan,0,,971833,971833,False
84429009,,"UBIQUITI - UVC G3 Bullet Camera, 3-pack","UBIQUITI UVC G3 Bullet Camera, 3-pack (UVC-G3-BULLET-3) - Type: Kamera",4715.00,NOK,64482,64482,False
25603650,,Apple AirPods Pro - true wireless earphones with mic,"AirPods Pro have been designed to deliver Active Noise Cancellation for immersive sound, Transparency mode so you can hear your surroundings and a customizable fit for all-day comfort. Just like AirPods, AirPods Pro connect like magic to your iPhone or Apple Watch. And they're ready to use straight out of the case.",329,CAD,1563974,1563974,False
19629560,,Disco Port¨¢til My Passport Western Digital 1TB WDBYNN0010BBK-WESN,,46383,CLP,472560,472560,False
9513553,,Seagate Ironwolf Pro 6TB (ST6000NE000),,,,84984,84984,False
88642256,,"Crucial MX500 2 TB Solid State Drive - SATA - 2.5"" Drive - Internal CT2000MX500SSD1",,265.99,USD,70841,70841,False
93974675,Epson,Epson Premium Glossy Photo Paper - glossy photo paper - 30 sheet(s),"Product InformationEpson Premium Glossy Photo Paper offers the highest gloss level of any Epson resin coated photographic paper. Producing vivid life-like images that rival those of traditional silver halide prints, the ultra glossy finish, coupled with an extremely wide color gamut, make this paper a favorite among discerning photographers. Its instant drying and non-cockling characteristics make use, handling, and display of the finished output trouble-free.Show more;",12.48,GBP,157548,157548,False
11757058,Audemars Piguet,Audemars Piguet Royal Oak Offshore Selfwinding Chronograph Watch - 26470OR.OO.A125CR.01,"42 mm 18K pink gold case, 14.6 mm thick, glareproofed sapphire crystal back, black ceramic pushpieces and screw-locked crown, glareproofed sapphire crystal, grey ruthenium-toned dial with M¨¦ga Tapisserie pattern, ivory-toned counters, pink gold-toned Arabic numerals with beige luminescent coating, pink gold Royal Oak hands with beige luminescent coating, grey ruthenium-toned inner bezel, Calibre 3126/3840 selfwinding movement with chronograph, hours, minutes, small seconds, date, approximately 50 hours of power reserve, hand-stitched large square scale grey alligator strap, 18K pink gold bracelet, pin buckle. Water resistant to 100 meters.",38665.00,USD,67840743,67840743,False
41704902,,Obudowa Corsair Crystal 680X RGB High Airflow TG White (CC-9011169-WW),,1299.00,PLN,28019,28019,False
47448449,Asus,"ASUS VGA NVIDIA PH-GTX1660S-O6G, GTX 1660 SUPER, 6GB GDDR6, 1xDVI, 1xHDMI, 1x DP","PH-GTX1660S-O6G The ASUS Phoenix GeForce? GTX 1660 SUPER? OC edition 6GB GDDR6 rocks high refresh rates for an FPS advantage without breaking a sweat.OC Edition: Boost Clock 1830 MHz (OC Mode)/ 1800 MHz (Gaming Mode) The GeForce GTX 1660 SUPER is up to 20% faster than the original GTX 1660 and up to 1.5X faster than the previous-generation GTX 1060 6GB. Powered by the award-winning NVIDIA Turing? architecture and ultra-fast GDDR6 memory, it¡¯s a supercharger for today¡¯s most popular games. Time to gear up and get SUPER. Ultra-fast GDDR6 with over 50% more memory bandwidth for high-speed gaming. GeForce Experience: Capture and share videos, screenshots, and livestreams with friends. Keep your drivers up-to-date and optimize game settings. GeForce Experience lets you do it all, making it the essential companion to your GeForce graphics card. Wing-blade fan design incorporates drooped tips on each blade to reduce drag. IP5X dust resistance offers protection from particle ingress for better durability. Dual ball fan bearings can last up to twice as long as sleeve bearing designs. Auto-Extreme Technology uses automation to enhance reliability. GPU Tweak II provides intuitive performance tweaking, thermal controls, and system monitoring. NV MessagingTECHNICAL SPECIFICATIONSGraphics Engine NVIDIA? GeForce GTX 1660 SUPERBus Standard PCI Express 3.0OpenGL OpenGL?4.6Video Memory GDDR6 6GBEngine Clock OC Mode - 1830 MHz (Boost Clock)Gaming Mode (Default) - GPU Boost Clock: 1800 MHz, GPU Base Clock: 1530 MHzCUDA Core 1408Memory Clock 14002 MHzMemory Interface 192-bitResolution Digital Max Resolution: 7680x4320Interface DVI Output: Yes x 1 (Native) (DVI-D)HDMI Output: Yes x 1 (Native) (HDMI 2.0b)Display Port: Yes x 1 (Native) (DisplayPort 1.4)HDCP Support: Yes (2.2)Maximum Display Support 3NVlink/ Crossfire Support NoRecommended PSU 450WPower Connectors 1 x 8-pinAccessories 1 x Quick GuideSoftware ASUS GPU Tweak II & Drivers: please download all software from the support site.Dimensions 17.4 x 12.1 x3.9 cmSlot 2 slot.",245,EUR,137125,137125,False
35951391,Asus,ASUS Phoenix GeForce GTX 1660 SUPER 6GB OC 192Bit GDDR6,,2552.26,TRY,137125,137125,False
68658257,,"Maxxis High Roller II Tire - 29 x 2.5, Tubeless, Folding, Black, 3C Maxx Terra, DD, Wide Trail",,81.00,USD,1702430,1702430,False
54277804,,Cooler Master MasterLiquid ML120L V2 RGB Universal Socket 120mm PWM 1800RPM RGB LED AiO Liquid CPU Cooler,"MASTERLIQUID ML120L V2 RGB- New Generation Dual Chamber Pump- Enlarged Surface Area on Radiator- New SickleFlow 120 RGB- Reinforced Sealing for Anti-Leaking PreventionRGB 16.7 Million ColoursCompatible with...- Asus Aura Sync- Gigabyte RGB Fusion Ready- MSI Mystic Light Sync- ASRock Polychrome SyncIMPROVED. QUALITY. PERFORMANCE.New pump design with upgraded internal components for improved resistance to wear and tear for longer lasting performance. Specially Formulated Industrial Grade EPDM used for reinforced sealing for prevention of leakage.NEW 3RD GEN DUAL CHAMBER PUMPExperience a quieter cooling performance with an improved design on the internal impeller and housing to enhance the cooling performance and efficiency by lowering the noise level.MORE AREA, MORE DISSIPATIONThe more surface area the better the heat dissipation, with more than 20% increase in the surface area on the radiator for better cooling efficiency.NEW SICKLEFLOW 120 RGBBrand new SickleFlow 120 RGB with all new optimized Air Balance Fan blades, innovative rifle bearing and more durable fan frame for quieter cooling performance.FULL RGB ILLUMINATIONExperience the most colorful way to cool with RGB ready pump and fans that are software compatible but also certified compatible with all major motherboard manufacturers. or quieter cooling performanceModel NumberMLW-D12M-A18PC-R2SeriesMasterLiquidColourBlackCPU Socket CompatibilityIntel: LGA2066, LGA2011-v3, LGA2011, LGA1151, LGA1150, LGA1156, LGA1155, LGA1366AMD: AM4, AM3+, AM3, AM2+, AM2, FM2+, FM2, FM1TDP180 WRadiator SpecificationsMaterial: AluminumDimensions: 157 x 119.6 x 27.2 mmSize: 120Pump SpecificationsDimensions: 79.9 x 76 x 47.1 mmMTTF: 70,000 HoursNoise Level: Connection: 3-PinRated Voltage: 2 VDCPower Consumption: 2.36W (LED 2.21W)Fan SpecificationsDimensions: 120 x 120 x 25 mm ( L x W x H )Quantity: 1 PCSLED: RGBSpeed: 650 - 1800 RPM +/- 10%Airflow: 62 CFM (Max)Noise Level: 8 - 27 dBAPressure: 2.5 mmH2O (Max) (mmH2O)Life Expectancy: 160,000 HoursPower Connection: 4-Pin (PWM)Rated Voltage: 12VDCRated Current: 0.15A (LED 0.2A)Stock In The Channel On TwitterUh oh, wouldn¡¯t want the Commies in blue states to see us Floridians all out at bars having a good time with no face masks Might destroy their narrative that everyone¡¯s gonna die if we don¡¯t live in a bubble forever!pic.twitter.com/kyqK3oVcQf15 May 2020 01:49View All NewsAdvertise with Stock in the Channel",834.99,SEK,91172,91172,False
33086446,,"SSD 2,5 2TB SATA3 MX500 CRUCIAL",,233.88,EUR,70841,70841,False
23707340,,"Maxxis High Roller II 27.5"" Tire - 3C MT EXO TR / 2.4""",An open and aggressive tread design gives the High Roller II excellent soil penetration and mud-clearing ability. A square profile provides a solid consistent feel across the knobs. Modified knobs on the shoulder and center improve braking performance and traction on hard surfaces. An excellent choice for technical terrain.,75.00,USD,1631327,1631327,False
77077400,,Apple AirPods with Wired Charging Case,"Brand: AppleColor: WhiteFeatures: Automatically on, automatically connectedEasy setup for all your Apple devicesQuick access to Siri by saying ¡°Hey Siri¡±Double-tap to play or skip forwardNew Apple H1 headphone chip delivers faster wireless connection to your devicesCharges quickly in the caseCase can be charged using the Lightning connectorRich, high-quality audio and voiceSeamless switching between devicesListen and talk all day with multiple charges from the Charging CaseBinding: Wireless Phone AccessoryPublisher: Apple ComputerRelease Date: 26-03-2019Details: The new Air Pods combine intelligent design with breakthrough technology and crystal clear sound. Powered by the new Apple H1 headphone chip, Air Pods now feature hands-free access to Siri using just your voice. And up to 3 hours of talk time on a single charge.UPC: 190199098428EAN: 0190199098428Package Dimensions: 3.9 x 3.9 x 1.4 inches",1.29E2,USD,1223297,1223297,False
68173492,,Crucial MX500 2TB 2.5 SATA SSD,"Crucial 2TB SSD, MX500, 2.5 SATAIII, Read up to 560MB/s, Write up to 510MB/s, IOPS R/W up to 95/90K, 1.8M Hours MTBF, 720TBW",339.00,AUD,70841,70841,False
87281733,,Apple AirPods with Charging Case (Latest Model) from Apple Computer,"We are proud to present the famous Apple AirPods with Charging Case (Latest Model).With so many available recently, it is good to have a make you can trust. The Apple AirPods with Charging Case (Latest Model) is certainly that and will be a perfect purchase.For this great price, the Apple AirPods with Charging Case (Latest Model) comes widely respected and is always a regular choice for most people. Apple Computer have included some nice touches and this results in great value.",129.00,USD,1223297,1223297,False
1761309,,Epson C13S042169 Glossy Photo Paper A4 2x15 Sheets,"Don't let lesser photo papers hold you back - with this Premium Glossy Photo Paper you can bring out the true beauty of your photos. From epic landscapes to treasured family moments, this superior, high-quality photo paper will provide the ideal finishing touch. It doesn't just look special, this resin coated paper also feels superior thanks to its 255gsm weight. Brand: Epson, Colour: White, Size: A4, Paper Type: Photo Paper, Grammage: 255gsm, For Inkjet Printers: Yes, Finish: Gloss, On Promotion: Yes, Dimensions: 210 x 297mm, Barcode: 8715946388564Spicers code: 141604VOW code: EP38856",,,1601212,1601212,False
50915848,,Zebra ZXP Series 3 Black Printer Ribbon 800033-801,"Zebra ZXP Series 3 Black Printer Ribbon, 2000 printsZebra 800033-801 Resin Black (""K"") ribbons are monochrome (1-color) ribbons. Zebra 800033-801 black monochrome ribbons are primarily used for printing text and one-color line art on one or both sides of a card.Note: Black resin is needed to print readable barcodes.Black monochrome ribbonCleaning roller included1000 prints per rollZebra 800033-801 ribbon is for use with ZXP Series 3 card printers",23.95,USD,163499,163499,False
12151323,,WS-C2960X-24PD-L Cisco Catalyst 2960X Network Switch (Refurb),REFURBISHED - Cisco 2960X Ethernet Switch - 24 port switch - 24 x 10/100/1000 (PoE+) and 2 x 10 Gigabit SFP+ (WS-C2960X 24PD L),491.00,USD,1412234,1412234,False
57082229,,Zebra Black Ribbon True Colours Brand i-series 800015-301,"?ZEBRA 800015-301 Black Ribbon - ?1500 images per ribbon?Compatible with Zebra iSeries printers P310i, P320i, P330i, P330m, P420i, P430i and P520i and Zebra C Series printers P310C, P310F, P420C, P500 and P520C.",16.95,USD,183681,183681,False
35759560,,Apple - AirPods with Wireless Charging Case (Latest Model) - White,,159,USD,1994510,1994510,False
43895439,Asus,"PCIeX: GTX 1660 Super Phoenix OC Edition Nvidia Asus 6GB/GDDR6/192bit/DVI, DP, HDMI ( Gaming )",,,,137125,137125,False
70159856,,APC Smart-UPS RT 20kVA RM 230V - SURT20KRMXLI,"APC Smart-UPS RT 20kVA RM 230V - SURT20KRMXLIModel: SURT20KRMXLIAPC Smart-UPS RT, 16 kW / 20 kVA,Input 230V / Output 230V, Interface Port DB-9 RS-232, RJ-45 10/100 Base-T, Smart-Slot, Extended runtime model, Rack Height 12 UIncludes: CD with software, Rack Mounting support rails, Smart UPS signalling RS-232 cable, User Manual, Web/SNMP Management Card",16299,SGD,280415,280415,False
3447561,Maxxis,"Maxxis Maxxis, High Roller II, Tire, 29''x2.30, Folding, Tubeless Ready, Dual, EXO, 60TPI, Black",,88.00,CAD,1496586,1496586,False
70324505,,Ubiquiti UniFi Video Camera G3 3-pack,"BackUbiquiti Networks UVC-G3-BULLET3-packUbiquiti UniFi Video Camera G3 1080p 802.3af3-packThe UniFi Video Camera G3 features clear 1080p video resolution. The new ball joint mount design offers flexible 3-axis adjustment and can be mounted indoors or outdoors. The camera has infrared LEDs with an automatic IR cut filter for day and night surveillance.Features:1080p Full HD, 30 FPS EFL 3.6 mm, ?/1.8 Outdoor Weather Resistant802.3af PoE or 24V Passive PoEBuilt-in MicrophoneWall, Ceiling, or Pole MountPoE Injector Not Included",450,,64482,64482,False
57619335,,ASUS GeForce GTX 1660 SUPER Phoenix OC,"Grafikkort, PCI-Express 3.0, 6GB GDDR6, 1530/1830MHz, Turing",1849.00,DKK,137125,137125,False
46441935,,Corsair ML140 Pro LED Blue 140mm Magnetic Levitation Fan | Discount Computer Needs,"View and shop for Corsair ML140 Pro LED Blue 140mm Magnetic Levitation Fan, Computer Case Fans, and many more products at Discount Computer Needs.",75.00,AUD,509638,509638,False
64518758,,Asus GeForce GTX 1660 Super Phoenix OC 6GB GDDR6 DVI/HDMI/DP PCi Ex 3.0 x16,Asus GeForce GTX 1660 Super Phoenix OC 6GB GDDR6 DVI/HDMI/DP PCi Ex 3.0 x16,311.00,EUR,137125,137125,False
88216489,Ubiquiti,Ubiquiti UniFi Video Camera G3 Bullet,Ubiquiti UniFi Video Camera G3 Bullet available to buy online from PC Case Gear ¨C Australia¡¯s Premier Online PC Store.,219,AUD,192122,192122,False
44517360,,"Ubiquiti Unifi Uvc-g4-pro 8 Megapixel Network CameraBullet - H.264 - 3840 X 2160 - 3x Optical - Os08a20 - Wall Mount, Ceiling Mount, Pole Mount",,431.09,GBP,788533,788533,False
18394687,Ubiquiti,Ubiquiti Infrared Video Camera G3 Micro,,343.64,AUD,591042,591042,False
64511013,,Swiss Military Hanowa FLAGSHIP 06-5161.2.04.003 Herrenuhr,,"378,00 §Ý§Ó",BGN,2682919,2682919,False
81158427,Seagate,"HDD: 16 Tb (3.5"") 7200 Seagate IronWolf Pro SATA III 256Mb",,,,40783,40783,False
6787878,,HDD 35 8TB Seagate IronWolf Pro NAS ST8000NE001,,248.37,,1578824,1578824,False
27326027,Ubiquiti,UVC-G3-MICRO Ubiquiti UniFi Micro HD Video Camera,"The UniFi UVC-G3-MICRO wireless camera from Ubiquiti Networks delivers sharp 1080p video in a compact, mount-anywhere form factor. It provides clear video footage day or night with automatic, integrated infrared night time illumination.",345,AUD,591042,591042,False
13938844,Corsair,Corsair ML140 Pro LED 140mm Premium Mag-Lev Fan Blue,Corsair ML140 Pro LED 140mm Premium Mag-Lev Fan Blue ¨C PC Case Gear ¨C Australia¡¯s Premier Online PC Store.,32,AUD,509638,509638,False
55031719,,Zebra 800015-301 (Eltron) Black (K) Resin Ribbon - 1500 Prints,ZEBRA 800015-301 (Eltron) Black (K) Resin Ribbon.This is an original ZEBRA 800015-301 (Eltron) Black (K) Resin Ribbon for the Zebra card printers.It is highly recommended that you use only genuine ZEBRA 800015-301 (Eltron) Black (K) Resin Ribbon to maximize card quality and printer durability for printing with your Zebra card printers.,16.00,USD,183681,183681,False
61498847,,"Seagate IronWolf 6TB 256MB Cache SATA 6.0Gb/s NAS Internal Hard Drive ,Perfect for 1-8 BAY NAS system, 3 years warranty","Seagate IronWolf 6TB 256MB Cache SATA 6.0Gb/s NAS Internal Hard Drive ,Perfect for 1-8 BAY NAS system, 3 years warranty",382,NZD,498972,498972,False
78512798,Apple,Apple AirPods with Wireless Charging Case - 2nd Generation,"The new 2nd generation Apple AirPods at RC Willey ¡ª complete with Wireless Charging Case ¡ª deliver the wireless headphone experience, reimagined. Just pull them out of the case and they¡¯re ready to use with your iPhone, Apple Watch, iPad, or Mac. After a simple one-tap setup, AirPods work like magic. They¡¯re automatically on and always connected. AirPods can even sense when they¡¯re in your ears and pause when you take them out. To adjust the volume, change the song, make a call, or even get directions, simply say ¡°Hey Siri¡± and make your request. You have the freedom to wear one or both AirPods, and you can play or skip forward with a double-tap when listening to music or podcasts. Charge your AirPods quickly and easily with the Wireless Charging Case. Just set the case down on a Qi-compatible charging mat and let it charge. The LED indicator on the front of the case lets you know that your AirPods are charging. And when you¡¯re away from a charging mat, you can use the Lightning port to charge. AirPods deliver 5 hours of listening time and 3 hours of talk time on a single charge. And they¡¯re made to keep up with you, thanks to a Wireless Charging Case that holds multiple charges for more than 24 hours of listening time. Need a quick charge? Just 15 minutes in the case gives you 3 hours of listening time or 2 hours of talk time. Powered by the all-new Apple H1 headphone chip, AirPods use optical sensors and motion accelerometers to detect when they¡¯re in your ears. Whether you¡¯re using both AirPods or just one, the H1 chip automatically routes the audio and engages the microphone. And when you¡¯re on a call or talking to Siri, an additional speech-detecting accelerometer works with beamforming microphones to filter out external noise and focus on the sound of your voice.",199.99,USD,1994510,1994510,False
15159002,Apple,Apple Apple AirPods with Charging Case,,159.00,USD,1223297,1223297,False
56459937,,Jabra EVOLVE 40 UC MONO USB Headset 6393-829-209,"Monaural HeadsetOptimized for Unified CommunicationNoise-Canceling MicrophoneMicrophone Stows in HeadbandControl UnitUSB ConnectionDigital Signal Processing (DSP)Jabra PC SuiteStay focused with the EVOLVE 40 UC Mono Headset from Jabra. This headband-style headset features a noise-canceling microphone, so you can be better heard at the other end. When not in use, the microphone boom arm can be easily stowed by integrating it into the headband. A busy light on both the headset and control unit alerts others that you do not wish to be disturbed. For easy operation, the headset comes with a control unit that provides access to commonly used functions like volume and mute, as well as the ability to end and answer calls. This control unit connects to your EVOLVE 40 via a 3.5mm headphone jack, so you can plug your headset into smartphones, tablets, and more. The EVOLVE 40 UC Mono Headset is optimized for Unified Communication systems, providing instant ""Plug & Play"" installation for your headset. The headset is compatible with most vendors of Unified Communication systems. It connects to your system via the USB cable on the control unit and uses digital signal processing (DSP) to digitally optimize the user's voice and suppress echoes. It comes with a leatherette ear cushion and a soft pouch. The EVOLVE 40 can be used for music as well as voice.Remote Call ControlJabra PC Suite enables remote call control with the Jabra EVOLVE 40 and the latest generation of UC and IP softphones by giving you a number of remote call control functions either directly from your headset or from in-line buttons on the cord. The seamless integration between headset and softphone allows users to benefit from enhanced mobility and the ability to multitask while on a call.PRODUCT DATASHEET",95.00,USD,5313,5313,False
12032039,Cisco,"Cisco Catalyst 2960-X | WS-C2960X-24TD-L Catalyst 2960X 24 port 10/100/1000, 2 x 10G SFP+, LAN Base","WS-C2960X-24TD-L | Catalyst 2960X 24 port 10/100/1000, 2 x 10G SFP+, LAN Base",66720,THB,758825,758825,False
43547655,Seagate,"Seagate IronWolf Pro 6TB 3.5"" 7200RPM 256MB Cache Internal NAS Hard Drive","Product InformationTough. Ready. ScalableFor everything NAS, there's IronWolf and IronWolf Pro. Always on and always working, IronWolf is enhanced with AgileArray technology for optimal reliability and system agility. Multi-user technology and extreme workload rates allow IronWolf to perform and scale up with your enterprise.IronWolf + the Power of AgileArray- NAS-optimised hard drive for the best-possible user experience- IronWolf Health Management in compatible NAS1 systems continuously helps to safeguard the health of your data- Drive balance with Rotational Vibration (RV) sensors manage multi-bay vibration for long-term consistent performance and reliability- RAID performance optimised that maximises responsiveness and uptime with NAS-aware Error Recovery Control- Advanced power management saves energy and delivers the right power at the right timeActively Protect Your Data With IronWolf Health Management in Popular and Enabled NASIronWolf Health Management is designed to operate on compatible NAS systems such as Synology and ASUSTOR. Populated with supported IronWolf or IronWolf Pro HDDs It improves the overall system reliability by displaying actionable prevention, intervention or recovery options for the user.Multi-Bay and NAS-Ready With Built-In RV SensorFirst in its class, IronWolf drives are equipped with RV sensors on high capacity drives to maintain performance in multi-bay NAS enclosures. RV sensors on IronWolf Pro come standard, helping business and creative pros to have consistent performance for years to come.Do More With Multi-User OptimisationDo more with your NAS with multi-user optimisation. Enabling user workloads of up to 180 TB/year on IronWolf and 300 TB/year with IronWolf Pro, multiple users can confidently upload and download data to a NAS server. Whether you're a creative pro or a small business, IronWolf is on your side.IronWolf Pro Comes With 2-year Rescue Data Recovery ServiceYour data is important and a Rescue plan provides peace of mind in case of unexpected data loss due to accidents or mechanical damage.The Rescue plan gives you access to a global team of world-class data recovery experts.Purchase and register an IronWolf Pro drive to activate your included Rescue plan and you are covered for 2 years. Extended coverage options available at registration.Be Creative Anywhere With IronWolf and Your NASExtensible and reliable storage helps keep you and your creative business on schedule. IronWolf and IronWolf Pro are great companions for your NAS for 24¡Á7 remote access, backups and file sharing from anywhere, making sharing ideas easy. For growing agencies and the need for more storage, IronWolf and IronWolf Pro are built to address NAS scalability challenges.Grow Your Business NASA thriving small business needs storage that can thrive with it. IronWolf is optimised for NAS in multi-RAID environments that not only the vibration, but also handle the high user workload rate in a high data traffic network. Enter multi-user technology ¡ª up to 180 TB/yr for IronWolf, up to 300 TB/yr for IronWolf Pro.Dominate The MediaBuild your home NAS media empire with IronWolf HDDs. IronWolf and IronWolf Pro lead the class in storage capacity with drives as large as 12 TB, and the performance needed to run high definition content with your NAS. Store thousands of full-length HD films and even more photographs on your private server. Think of it as your home cloud.Show more;",201.97,GBP,84984,84984,False
67028945,,Logitech H151 Single Pin Stereo Headset - Black,Logitech H151 Single Pin Stereo Headset - Black,4.899E1,NZD,24792,24792,False
12761549,,"Seagate IronWolf 6TB NAS Internal Hard Drive (3.5"")","Range of capacities up to 12TB. Workload rate of 180TB/year. Optimized for NAS with AgileArray, enables dual-plane balancing and RAID optimization in multi-bay environments. Actively protect your NAS with IronWolf Health Management. Rotational Vibration (RV) sensors. Always-on, always-accessible 24¡Á7 performance. 1M hours MTBF, 3-year limited warranty.",33500,PKR,498972,498972,False
51670299,Seagate,"HDD: 6 Tb (3.5"") 7200 Seagate IronWolf Pro SATA III 256Mb (ST6000NE000)",,,,84984,84984,False
36626671,Shimano,Shimano Chain XT CN-HG95 10-speed,"Shimano Chain XT CN-HG95 10-speedNew HG-X chains - efficient, quieter, less maintenance with new surface treatment.The all-new, directional 10-speed HG-X chain specifically for mountain bikes is the next evolutionary step in shifting technology. This chain stays smooth, saves weight and improves overall system performance. HG-X chain with directional design: The right side is optimized for switching the front, the left for rear. For use with: XTR / DEORE XT / SLXXT CN-HG95 Chain 10-speed 116 Links Use: MTB Series: XT Dyna-Sys Type: HG-X 10-speed super narrow Inner plate: Zinc-aluminum coated Outer plate: Zinc-aluminum coated Chrome rivets: yes Perforated tabs: yes Note: The HG-X chain is not compatible with other, designed for road bikes 10-speed circuits.",23.33,EUR,107440,107440,False
36803847,,AAA Replica Audemars Piguet Royal Oak Offshore Chronograph Watch 26470OR.OO.1000OR.02,AAA Replica Audemars Piguet Royal Oak Offshore Chronograph Watch 26470OR.OO.1000OR.02 for sale from China with good prices.,,,14143134,14143134,False
88727182,,Corsair Carbide Spec-01 Red LED Mid-Tower Case,,,,195552,195552,False
4544706,,Apple AirPods with Charging Case - 2nd Generation - true wireless earphones,"After a simple one-tap setup, AirPods work like magic. They're automatically on and always connected. AirPods can even sense when they're in your ears and pause when you take them out. You have the freedom to wear one or both AirPods, and you can play or skip forward with a double-tap when listening to music or podcasts.",219,CAD,1223297,1223297,False
27957137,Western Digital,WD 4TB Black My Passport Portable External Hard Drive - USB 3.0 - WDBYFT0040BBK-WESN,"My Passport is the trusted, portable storage that perfectly complements your on-the-go lifestyle. Designed to fit in the palm of your hand, there¡¯s plenty of space to store a massive amount of photos, videos, music and documents. Perfectly paired with WD Backup software and password protection, the My Passport drive helps keep your files safe.Auto backup with included WD Backup software. Password protection with hardware encryption. Reimagined design. Trusted drive built with WD reliability.",100.03,USD,3880206,3880206,False
32238895,,"Cisco Catalyst 2960X-24PD-L - Switch - Managed - 24 x 10/100/1000 (PoE+) + 2 x 10 Gigabit SFP+ - desktop, rack-mountable - PoE+ (370 W)","ReNew Produkt, Approved Selection mit 36 Monaten Xpert Garantie . General Device Type Switch - 24 ports - Managed - stackableEnclosure Type Desktop, rack-mountable 1USubtype Gigabit EthernetPorts 24 x 10/100/1000 (PoE+) + 2 x 10 Gigabit SFP+Power Over Ethernet (PoE) PoE+PoE Budget 370 WPerformance Switching capacity: 216 Gbps Forwarding performance (64-byte packet size): 95.2 MppsCapacity Virtual interfaces (VLANs): 1023Jumbo Frame Support 9216 bytesMax Units In A Stack 8Remote Management Protocol SNMP 1, SNMP 2, RMON 1, RMON 2, RMON 3, RMON 9, Telnet, SNMP 3, SNMP 2c, HTTP, SSH, CLIAuthentication Method Kerberos, Secure Shell (SSH), RADIUS, TACACS+Features Layer 2 switching, DHCP support, power over Ethernet (PoE), auto-negotiation, ARP support, trunking, VLAN support, auto-uplink (auto MDI/MDI-X), IPv6 support, Rapid Spanning Tree Protocol (RSTP) support, Multiple Spanning Tree Protocol (MSTP) support, Dynamic Trunking Protocol (DTP) support, Port Aggregation Protocol (PAgP) support, Trivial File Transfer Protocol (TFTP) support, Access Control List (ACL) support, RADIUS support, Jumbo Frames support, MLD snooping, Dynamic ARP Inspection (DAI), PoE+, Cisco EnergyWise technology, Unicast Reverse Path Forwarding (URPF), Uni-Directional Link Detection (UDLD), Rapid Per-VLAN Spanning Tree Plus (PVRST+), IPv4 support, Shaped Round Robin (SRR), Link Aggregation Control Protocol (LACP), Remote Switch Port Analyzer (RSPAN), NetFlow, Hot Standby Router Protocol (HSRP) support, Energy Efficient EthernetCompliant Standards IEEE 802.3, IEEE 802.3u, IEEE 802.3z, IEEE 802.1D, IEEE 802.1Q, IEEE 802.3ab, IEEE 802.1p, IEEE 802.3af, IEEE 802.3x, IEEE 802.3ad (LACP), IEEE 802.1w, IEEE 802.1x, IEEE 802.3ae, IEEE 802.1ae, IEEE 802.3at, IEEE 802.3az, IEEE 802.1AXProcessor 1 x ARM: 600 MHzRAM 512 MBFlash Memory 128 MBStatus Indicators Port status, port transmission speed, port duplex mode, system, link/activityExpansion / ConnectivityInterfaces 24 x 1000Base-T 10Base-T/100Base-TX/1000Base-T - RJ-45 - RJ-45 PoE+ - 30 W 1 x console console - RJ-45 - RJ-45 management 1 x mini-USB console - mini-USB Type B - Type B management 1 x USB Type A 1 x 1000Base-TX 10Base-T/100Base-TX - RJ-45 - RJ-45 management 2 x SFP+ - SFP+Expansion Slots 1 (total) / 1 (free) x Stacking ModulePowerPower Device Internal power supplyPower Redundancy OptionalVoltage Required AC 120/230 V (50/60 Hz)Features Redundant Power System (RPS) connectorMiscellaneousMTBF 325,780 hoursCompliant Standards CISPR 22 Class A, CISPR 24, EN 61000-3-2, EN 61000-3-3, EN55024, EN55022 Class A, AS/NZS 60950-1, ICES-003 Class A, RoHS, FCC CFR47 Part 15, UL 60950-1 Second Edition, CSA C22.2 No. 60950-1 Second Edition, EN 60950-1 Second Edition, IEC 60950-1 Second Edition, VCCI Class A, KN22, KN24, CNS 13438(95) Class A, EN 300 386Software / System RequirementsSoftware Included Cisco IOS LAN BaseDimensions & WeightWidth 44.5 cmDepth 36.8 cmHeight 4.5 cmWeight 5.7 kgManufacturer Warranty Environmental ParametersMin Operating Temperature -5 ¡ãCMax Operating Temperature 45 ¡ãCHumidity Range Operating 10 - 95% (non-condensing)Min Storage Temperature -25 ¡ãCMax Storage Temperature 70 ¡ãCHumidity Range Storage 10 - 95% (non-condensing)",731.64,EUR,1412234,1412234,False
80963811,,WEBCAM LOGITECH C270 HD 720P,,,,79254,79254,False
16403660,Adata,XPG SX6000 Lite internal solid state drive 1000 GB PCI Express 3.0 3D TLC NVMe M.2 SSD,"(Solid, 3.0, 1000, 3D, Adata, Drive), Express, GB, Lite, M.2, NVMe, PCI, SSD, SX6000, State, TLC, XPG, drive, internal, solid, state",129.95,EUR,89058,89058,False
52356483,,Crucial MX500 2TB 3D NAND SATA 2.5 Inch Internal SSD,Sequential reads/writes up to 560/510 mb/s and random reads/writes upto 95k/90k on all file typesAccelerated by micron 3D nand technologyIntegrated power loss immunity preserves all your saved work if the power unexpectedly gets cutAES 256 bit hardware based encryption keeps data safe and secure from hackers and thieves,440,BMD,70841,70841,False
56064924,,"High Roller II Bike Tire: 29 x 2.50"", Folding, 120tpi, 3C MaxxTerra, Double Down, Tubeless Ready, Wide Trail","An open and aggressive tread design gives the High Roller II excellent soil penetration and mud-clearing ability. A square profile provides a solid, consistent feel across the knobs. Modified knobs on the shoulder and center improve braking performance and traction on hard surfaces. An excellent choice for technical, freeride terrain.FEATURESOpen tread designImproved braking and tractionWide trail (WT) casing is optimized for 30-35mm inner width rimsColor: BlackDefined Color: BlackISO Diameter: 622 / road / 29""Labeled Size: 29 x 2.5Tire Bead: FoldingTire Diameter: 29""Tire Type: Tubeless Ready ClincherTPI: 120",9.1E1,USD,1702430,1702430,False
85223368,,Asus Phoenix PH-GTX1660S-O6G GeForce GTX 1660 SUPER Graphic Card - 6 GB GDDR6,"The ASUS Phoenix GeForce? GTX 1660 SUPER? OC edition 6GB GDDR6 rocks high refresh rates for an FPS advantage without breaking a sweat. OC Edition: Boost Clock 1830 MHz (OC Mode)/ 1800 MHz (Gaming Mode) The GeForce GTX 1660 SUPER is up to 20% faster than the original GTX 1660 and up to 1.5X faster than the previous-generation GTX 1060 6GB. Powered by the award-winning NVIDIA Turing? architecture and ultra-fast GDDR6 memory, it's a supercharger for today's most popular games. Time to gear up and get SUPER. Ultra-fast GDDR6 with over 50% more memory bandwidth for high-speed gaming. GeForce Experience: Capture and share videos, screenshots, and livestreams with friends. Keep your drivers up-to-date and optimize game settings. GeForce Experience lets you do it all, making it the essential companion to your GeForce graphics card. Wing-blade fan design incorporates drooped tips on each blade to reduce drag. IP5X dust resistance offerGeneral Information Manufacturer: ASUS Computer International Manufacturer Part Number: PH-GTX1660S-O6G Brand Name: Asus Product Line: Phoenix Product Model: PH-GTX1660S-O6G Product Name: Phoenix GeForce GTX 1660 SUPER OC Edition Graphic Card Product Type: Graphic Card Technical Information API Supported: OpenGL 4.6, DirectX 12 Number of Monitors Supported: 3 Processor & Chipset Chipset Manufacturer: NVIDIA Chipset Line: GeForce Chipset Series: GTX 16 Chipset Model: GTX 1660 SUPER GPU Clock: 1.53 GHz GPU Boost Clock: 1.83 GHz Memory Standard Memory: 6 GB Memory Technology: GDDR6 Bus Width: 192 bit Interfaces/Ports DisplayPort: Yes Number of DisplayPort Outputs: 1 HDMI: Yes Number of HDMI Outputs: 1 DVI: Yes Total Number of DVI Outputs: 1 Number of DVI-D Ports: 1 Physical Characteristics Slot Space Required: Dual Form Factor: Plug-in Card Cooler Type: Fan Cooler Height: 1.5"" Width: 4.8"" Length: 6.9"" Miscellaneous Platform Supported: PC Environmentally Friendly: Yes Environmental Certification: RoHS Warranty Limited Warranty: 36 Month",263.79,USD,137125,137125,False
83268273,,ADATA XPG SX6000 Lite M.2 2280 1TB SSD,ADATA XPG SX6000 Lite M.2 2280 1TB SSD,9.99E2,HKD,89058,89058,False
35737919,Cooler Master,Cooler Master MasterLiquid ML120L V2 RGB All In One Liquid CPU Cooler,"Cooler Master MasterLiquid ML120L V2 RGB, 120mm All-in-One Hydro CPU Cooler, 120mm PWM Fan, RGB LEDs, Aluminium/Copper",59.99,GBP,91172,91172,False
63623853,Zebra,Zebra 800011-101 ZXP Series 1 Black Ribbon (1000 Prints),"Zebra ZXP Series 1 Black Ribbon 800011-101. Capable of producing 1000 prints per roll. This black monochrome ribbon is compatible with the Zebra ZXP Series 1 card printer. Order your Zebra card printer ribbons and other ID card accessories from Spectrum ID, specialists in security and identity products.",15.36,GBP,1542544,1542544,False
69912633,Corsair,"CORSAIR Crystal Series 680X RGB High Airflow Tempered Glass ATX Smart Case, White","E-ATX (and Below), 7+2 Expansion Slots, Tempered Glass, Watercooling Support, GPU up to 330mm, CPU up to 180mm, 1 x USB Type-C, 2 x USB 3.0",230.89,GBP,28019,28019,False
92858368,,WD MY PASSPORT- 1TB RED WORLDWIDE,External Hard Disk .,770000,LBP,2807367,2807367,False
80103776,,"Corsair ML140 Pro LED, Blue, 140mm Premium Magnetic Levitation Cooling Fan CO-9050048-WW","Manufacturer: Corsair Manufacturer Part Number: CO-9050048-WW Brand Name: Corsair Product Series: Air Product Model: ML140 Product Name: Air ML140 Cooling Fan Packaged Quantity: 1 Product Type: Cooling Fan Fan Information Fan Speed (rpm): 2000 Fan Bearing Type: Magnetic Levitation Air Flow: 97 CFM Noise Levels: 37 dB(A) LED Color: Blue Interfaces/Ports Connectors: 4-pin PWM Physical Characteristics Fan Diameter: 140 mm Fan Height: 5.51"" Fan Width: 5.51"" Fan Depth: 0.98"" Miscellaneous Application/Usage: Case",43.45,USD,509638,509638,False
97634734,Corsair,Corsair ML140 PRO RGB LED 140MM PWM Premium Magnetic Levitation Fan - Single Pack,"Product InformationQUIET COOLING IN ANY COLORThe CORSAIR ML140 PRO RGB PWM fan combines unrivaled performance and low noise operation with vibrant RGB lighting controlled in CORSAIR LINK software.FRICTION MEETS REALITYBy utilizing ultra-low friction magnetic levitation bearing technology, ML140 PRO RGB can deliver more airflow and higher static pressure at lower noise levels than traditional bearing fans, backed by a long-life five-year warranty.PUT YOUR BUILD IN THE SPOTLIGHTFour hub-mounted RGB LEDs output a vivid blast of light and color, making it easy to match your system's style.EXPAND OR CREATEAvailable as a single fan, control lighting effects in CORSAIR LINK and add the finishing touches with replaceable corner caps (sold separately). The RGB functionality of ML140 PRO RGB requires an RGB lighting hub and Lighting Node PRO.BE SEEN NOT HEARDWith a 400 to 1,200 RPM PWM control range at 20.4 dBA max, ML140 PRO RGB makes it easy to equip your PC with quiet cooling that can be adjusted for the perfect balance in airflow that your system needs.Contents and SpecificationsPackage contentsx1 ML PRO RGB Fanx4 Fan mounting screwsSystem RequirementsMotherboard with an open standard 4-pin fan connectorCORSAIR LINK v4.9.2.27 or higher is required for lighting controlWindows 10, Windows 8.1, or Windows 7An internet connection is required for software downloadShow more;",32.98,GBP,264505,264505,False
35724064,,Ubiquiti UVC-G3-FLEX UniFI IP Dome Camera,,$?147.95,USD,192122,192122,False
77005955,,"Crucial MX500 2.5"" 2TB SATA III Solid State Drive",Huge 2TB storage capacity With Super Fast performance due to it's SATA III interface and super Rapid 560Mbps read speed .,2.1409E2,GBP,70841,70841,False
93033011,Audemars Piguet,Audemars Piguet Royal Oak Offshore Selfwinding Chronograph Watch - 26470ST.OO.A099CR.01,"42 mm stainless steel case, 14.5 mm thick, sapphire crystal back, black ceramic pushpieces and screw-locked crown, brown dial with M¨¦ga Tapisserie pattern, blue counters, Arabic numerals with luminescent coating, white gold Royal Oak hands with luminescent coating, Calibre 3126 / 3840 Manufacture movement with chronograph, hours, minutes, small seconds, date, approximately 50 hours of power reserve, hand-stitched large square scale brown alligator strap, stainless steel pin buckle. Water resistant to 100 m.",25210.00,USD,34768783,34768783,False
59990261,,Seagate IronWolf Pro 16 To,"Disque dur 3.5"" - 7200 tpm - 256 Mo - SATA III - Bulk",579.99,EUR,40783,40783,False
67248157,Maxxis,Maxxis Minion DHR II 29 x 2.4 Wide Trail 3C Maxx Gripp TR Folding Mountainbike Tyre,"The Minion DHR II is a complete redesign. Acceleration, cornering and braking have all been improved. The shoulder knobs were borrowed from the legendary Minion DHF and then beefed up to handle duty as a rear tyre. The center tread has been heavily ramped and siped to roll fast and track straight under braking. Pair the DHR II with the Minion DHF for the ultimate aggressive riding combo!For our full range of Bike Accessories visit Evans Cycles",¡ê62.99,GBP,319607,319607,False
16421267,,WS-C2960X-24TD-L Cisco Catalyst 2960X Network Switch (New),"Condition: NEWAvailability: Stock AvailableCisco 2960X Ethernet Switch - 24 port switch - 24 x 10/100/1000 + 2 x 10 Gigabit SFP+ (WS-C2960X-24TD-L)Cisco Catalyst 2960-X series switch is the next generation of the world's most widely deployed access switches. It enables intelligent services such as application visibility; smart operations layer 3 routing and deliver best-in-class energy efficiency with up to 80 percent energy savings.GeneralDevice TypeSwitch - 24 ports - managed - stackableEnclosure TypeDesktop, rack-mountable 1USubtypeGigabit EthernetPorts24 x 10/100/1000 + 2 x SFP+PerformanceSwitching capacity: 216 Gbps | Forwarding performance (64-byte packet size): 95.2 MppsCapacityActive VLANs: 1023Jumbo Frame Support9216 bytesMax Units In A Stack8Remote Management ProtocolSNMP 1, RMON 1, RMON 2, Telnet, SNMP 3, SNMP 2c, HTTP, TFTP, SSH, CLIAuthentication MethodKerberos, Secure Shell (SSH), RADIUS, TACACS+FeaturesFull duplex capability, auto-negotiation, BOOTP support, ARP support, VLAN support, auto-uplink (auto MDI/MDI-X), IGMP snooping, Syslog support, DiffServ support, Broadcast Storm Control, IPv6 support, Multicast Storm Control, Unicast Storm Control, Spanning Tree Protocol (STP) support, Rapid Spanning Tree Protocol (RSTP) support, Multiple Spanning Tree Protocol (MSTP) support, DHCP snooping, Dynamic Trunking Protocol (DTP) support, Port Aggregation Protocol (PAgP) support, Trivial File Transfer Protocol (TFTP) support, Access Control List (ACL) support, Quality of Service (QoS), MLD snooping, Dynamic ARP Inspection (DAI), Cisco EnergyWise technology, Unicast Reverse Path Forwarding (URPF), Uni-Directional Link Detection (UDLD), Rapid Per-VLAN Spanning Tree Plus (PVRST+), Shaped Round Robin (SRR), LLDP support, DHCP relay, Link Aggregation Control Protocol (LACP), MAC Address Notification, Remote Switch Port Analyzer (RSPAN), Hot Standby Router Protocol (HSRP) support, Energy Efficient Ethernet, Management Information Base (MIB), Multicast VLAN Registration (MVR), Strict Priority Queuing (SPQ), Class of Service (CoS), Cisco FlexStack Plus, DiffServ Code Point (DSCP) supportCompliant StandardsIEEE 802.3, IEEE 802.3u, IEEE 802.3z, IEEE 802.1D, IEEE 802.1Q, IEEE 802.3ab, IEEE 802.1p, IEEE 802.3x, IEEE 802.3ad (LACP), IEEE 802.1w, IEEE 802.1x, IEEE 802.3ae, IEEE 802.1s, IEEE 802.3ah, IEEE 802.1ab (LLDP), IEEE 802.3az, IEEE 802.1AXProcessor1 APM86392: 600 MHzRAM512 MBFlash Memory128 MBStatus IndicatorsPort transmission speed, port duplex mode, system, status, RPS (Redundant Power Supply), link/activityExpansion / ConnectivityInterfaces24 x 1000Base-T RJ-45 | 1 x console RJ-45 management | 1 x mini-USB Type B management | 1 x USB Type A | 1 x management (Gigabit LAN) RJ-45 | 2 x SFP+ uplinkExpansion Slots1 (total) / 1 (free) x Stacking Module slotPowerPower DeviceInternal power supplyPower RedundancyOptionalVoltage RequiredAC 120/230 V (50/60 Hz)Power Consumption Operational24.9 WattFeaturesRedundant Power System (RPS) connectorMiscellaneousMTBF569,520 hoursCompliant StandardsCISPR 22 Class A, BSMI CNS 13438 Class A, CISPR 24, EN 61000-3-2, EN 61000-3-3, EN55024, EN55022 Class A, AS/NZS 60950-1, ICES-003 Class A, RoHS, FCC CFR47 Part 15, UL 60950-1 Second Edition, CSA C22.2 No. 60950-1 Second Edition, EN 60950-1 Second Edition, IEC 60950-1 Second Edition, VCCI Class A, KN24, KN22 Class A, EN 300386, RoHS 2011/65/EUSoftware / System RequirementsSoftware IncludedCisco IOS LAN BaseDimensions & WeightWidth17.5 inDepth11 inHeight1.8 inWeight8.82 lbsEnvironmental ParametersMin Operating Temperature23 ¡ãFMax Operating Temperature113 ¡ãFHumidity Range Operating10 - 95% (non-condensing)Min Storage Temperature-13 ¡ãFMax Storage Temperature158 ¡ãFHumidity Range Storage10 - 95% (non-condensing)",6.77E2,USD,758825,758825,False
4129196,,"HDD extern WD My Passport, 4TB, 2,5"" USB 3.0, negru","HDD extern WD, 4TB, My Passport, 2,5"" USB 3.0, negru",628.5714,RON,3880206,3880206,False
79937258,,Crucial MX500 2TB SATA SSD,The flagship SATA solution from Crucial now offers a peak 2TB capacity. Join us as we investigate the MX500 2TB SATA SSD.,,,70841,70841,False
6930754,,WS-C2960-24TT-L Cisco Catalyst WS-C2960-24TT-L Switch,"P/N : WS-C2960-24TT-LWS- C2960-24TT-L is one of the Cisco Catalyst 2960 Series switches. Cisco Catalyst 2960 Series switches support voice, video, data, and highly secure access. They also deliver scalable management as your business needs change. The Common Features are included: Enhanced security including Cisco TrustSec for providing authentication, access control, and security policy administration, Multiple Fast or Gigabit Ethernet performance options, Cisco EnergyWise for power management, Scalable network management.Placement LAN AccessFlash 32 MBPorts 24 x 10/100 + 2 x 10/100/1000",,,520988,520988,False
63479109,,SHIMANO XT CN-HG95 HG-X chain,¡¤ 116 links¡¤ SIL-TEC coating on the outer/inner plate¡¤ For all Shimano 10-speed MTB/ATB drive systems¡¤ Incl. rivet pin,20.62,EUR,107440,107440,False
31092129,,WS-C2960+48TC-L Cisco Catalyst 2960-Plus Network Switch (Refurb),REFURBISHED - Cisco 2960 Plus Ethernet Switch - 48 ports - 48 x 10/100 + 2 x combo Gigabit SFP - rack-mountable (WS-C2960+48TC L),497.00,USD,3739198,3739198,False
77094922,,Zebra Black Monochrome Ribbon 800033-801 - 1000 Prints,Zebra Series 3 Printer Ribbon,11.40,GBP,163499,163499,False
975009,,PG-1130 11-Speed Cassette,"SRAM's PG-1130 11-Speed Cassette is constructed of heat-treated steel cogs and boasts SRAM's PowerGlide tooth profiles and shift ramps for quick, positive gear changes. This excellent cassette also...",86.00,USD,296239,296239,False
13216102,,Epson Premium Glossy Photo Paper - 13x18cm - 30 Feuilles,"Epson Premium Glossy Photo Paper - 13x18cm - 30 Feuilles, Blanc, Brillant premium, 255 g/m2, 30 feuilles, - SureColor SC-T7200D-PS - SureColor SC-T7200D - SureColor SC-T7200-PS - SureColor SC-T7200 -..., 130 mm",9.99,EUR,157548,157548,False
920276,,"Highroller II Dual EXO/TR 27.5 x 2.3"" Folding Bike Tire","The High Roller II has an open and aggressive tread design for excellent soil penetration and mud clearing ability.Modified knobs on the shoulder and center improve braking performance and traction on hard surfacesIntended use: loose, loose over hard, medium, wetEXO casing provides protection on sidewalls for extreme cut and abrasion resistance while remaining lightweight and highly flexibleDual compound rubber offers low rolling resistance and increased cornering tractionSPECIFICATIONSIntended Use:MountainISO Diameter:584 / 650b / 27.5""ISO Width (mm):58 mmLabeled Size:27.5 x 2.3Tire Bead:FoldingTire Diameter:27.5""Tire Type:Tubeless Ready ClincherWeight:865TPI:60Flat Protection:SidewallPSI:60",6.499E1,USD,627344,627344,False
55104249,Ubiquiti Networks,UBIQUITI UniFi Protect G4-PRO Camera (UVC-G4-PRO),"Crisp 4K Ultra HD Resolution (3840 x 2160, 24 FPS), 3X Optical Zoom Lens, For indoors or outdoors use (IP67), Sensor OS08A20, 1/1.8"", F 4.24-12.66 mm, ?/1.53 to ?/3.3, Built-in Microphone, H.264, Infrared LEDs, Wall/Ceiling/Pole Mount, 802.3af/802.3at support (PoE adapter not included)",520.11,USD,788533,788533,False
7189556,Cisco,WS-C2960-48TC-L Cisco Catalyst 2960 48 10/100 + 2 T/SFP LAN Base Image. New Factory Sealed.,"WS-C2960-48TC-L Cisco Catalyst 2960 48 10/100 + 2 T/SFP LAN Base Image.General InformationManufacturerCisco Systems, IncManufacturer Part NumberWS-C2960-48TC-LManufacturer Website Addresshttp://www.cisco.comBrand NameCiscoProduct LineCatalystProduct Series2960Product Model2960-48TC-LProduct NameCatalyst 2960-48TC Ethernet SwitchProduct TypeEthernet SwitchInterfaces/PortsTotal Number of Network Ports48Uplink PortYesNumber of Network (RJ-45) Ports48Port/Expansion Slot Details2 x Fast Ethernet Expansion SlotPort/Expansion Slot Details48 x Fast Ethernet NetworkPort/Expansion Slot Details2 x Gigabit Ethernet UplinkMedia & PerformanceMedia Type SupportedTwisted PairTwisted Pair Cable StandardCategory 5Ethernet TechnologyFast EthernetNetwork Technology10/100/1000Base-TNetwork Technology10Base-TI/O ExpansionsNumber of Total Expansion Slots2Expansion Slot TypeSFPNumber of SFP Slots2Network & CommunicationLayer Supported2MemoryStandard Memory64 MBMemory TechnologyDRAMFlash Memory32 MBPower DescriptionInput Voltage110 V ACInput Voltage220 V ACPower SourcePower SupplyRedundant Power SupplyYes",495,USD,3739198,3739198,False
11149251,,"CORSAIR - Crystal 680X RGB White High Airflow, Tempered Glass","CORSAIR Crystal 680X RGB White High Airflow, Tempered Glass (CC-9011169-WW) - N?taggregat: 0W - Typ: Mid-torn",3199.00,SEK,28019,28019,False
8298432,Corsair,Corsair ML120 Pro LED 120mm Premium Mag-Lev Fan Red,Corsair ML120 Pro LED 120mm Premium Mag-Lev Fan Red available to buy online from PC Case Gear ¨C Australia¡¯s Premier Online PC Store.,39,AUD,971833,971833,False
47948274,Logitech,Diadema Logitech H390 USB Computer ...,Diadema Logitech H390 USB Computer Headset,149000.00,COP,149318,149318,False
84438504,Seagate,"Seagate IronWolf Pro ST8000NE001 - Hard drive - 8 TB - internal - 3.5"" - SATA 6Gb/s - 7200 rpm - buffer_ 256 MB - with 2 years Rescue Data Recovery Service Plan","Product InformationTough. Ready. ScalableFor everything NAS, there's IronWolf and IronWolf Pro. Always on and always working, IronWolf is enhanced with AgileArray technology for optimal reliability and system agility. Multi-user technology and extreme workload rates allow IronWolf to perform and scale up with your enterprise.IronWolf + the Power of AgileArray- NAS-optimised hard drive for the best-possible user experience- IronWolf Health Management in compatible NAS1 systems continuously helps to safeguard the health of your data- Drive balance with Rotational Vibration (RV) sensors manage multi-bay vibration for long-term consistent performance and reliability- RAID performance optimised that maximises responsiveness and uptime with NAS-aware Error Recovery Control- Advanced power management saves energy and delivers the right power at the right timeActively Protect Your Data With IronWolf Health Management in Popular and Enabled NASIronWolf Health Management is designed to operate on compatible NAS systems such as Synology and ASUSTOR. Populated with supported IronWolf or IronWolf Pro HDDs It improves the overall system reliability by displaying actionable prevention, intervention or recovery options for the user.Multi-Bay and NAS-Ready With Built-In RV Sensor~P>First in its class, IronWolf drives are equipped with RV sensors on high capacity drives to maintain performance in multi-bay NAS enclosures. RV sensors on IronWolf Pro come standard, helping business and creative pros to have consistent performance for years to come.Do More With Multi-User OptimisationDo more with your NAS with multi-user optimisation. Enabling user workloads of up to 180 TB/year on IronWolf and 300 TB/year with IronWolf Pro, multiple users can confidently upload and download data to a NAS server. Whether you're a creative pro or a small business, IronWolf is on your side.IronWolf Pro Comes With 2-year Rescue Data Recovery ServiceYour data is important and a Rescue plan provides peace of mind in case of unexpected data loss due to accidents or mechanical damage.The Rescue plan gives you access to a global team of world-class data recovery experts.Purchase and register an IronWolf Pro drive to activate your included Rescue plan and you are covered for 2 years. Extended coverage options available at registration.Be Creative Anywhere With IronWolf and Your NASExtensible and reliable storage helps keep you and your creative business on schedule. IronWolf and IronWolf Pro are great companions for your NAS for 24¡Á7 remote access, backups and file sharing from anywhere, making sharing ideas easy. For growing agencies and the need for more storage, IronWolf and IronWolf Pro are built to address NAS scalability challenges.Grow Your Business NASA thriving small business needs storage that can thrive with it. IronWolf is optimised for NAS in multi-RAID environments that not only the vibration, but also handle the high user workload rate in a high data traffic network. Enter multi-user technology ¡ª up to 180 TB/yr for IronWolf, up to 300 TB/yr for IronWolf Pro.Dominate The MediaBuild your home NAS media empire with IronWolf HDDs. IronWolf and IronWolf Pro lead the class in storage capacity with drives as large as 12 TB, and the performance needed to run high definition content with your NAS. Store thousands of full-length HD films and even more photographs on your private server. Think of it as your home cloud.Show more;",235.97,GBP,1578824,1578824,False
25877530,,Cheap Replica Audemars Piguet Royal Oak Offshore Chronograph Watch 26470OR.OO.A125CR.01,Top AAA replica Audemars Piguet Royal Oak Offshore Chronograph Watch 26470OR.OO.A125CR.01 wholesale from China with cheap price.,,,67840743,67840743,False
57530241,,WD My Passport WDBYNN0010BBK-WESN 1 TB External Hard Drive,"The My Passport drive comes equipped with WD Backup software to help make sure your photos, videos, music and documents don't get lost. You can set it to run automatically to your schedule. Just pick the time and frequency to back up important files from your system onto your My Passport drive",116.71,CAD,472560,472560,False
74877875,,SRAM PG-1130 11 Speed 11-36T Cassette,SRAM PG-1130 Cassette - 11 Speed 11-36t Silver. Affordable versions of SRAM's 11-speed cassette range. Shift performance is on par with higher end offerings with minimal additional weight.SRAM 10 and 11 speed cassettes with 11 tooth cogs have the smallest cog located behind the cassette in the packagingCompatible with all SRAM 11-speed chainsOptimized gear steps across entire range TECH SPECSCassette Cogs 11-12-13-15-17-19-22-25-28-32-36Cassette Body Type Shimano/SRAM 11 Speed RoadDrivetrain Speeds 11Weight 381keyword search 1 x 11Defined Color SilverRange 11-36Color Silver,87.00,USD,296239,296239,False
41234714,,Zebra 800011-101 ZXP Series 1 Ribbon ZXP Series 1 Load-N-Go Black Monochrome Ribbon,,19,USD,1542544,1542544,False
29553137,,"Corsair ML140 Pro LED, Red, 140mm Premium Magnetic Levitation Fan","Corsair ML140 Pro LED, Red, 140mm Premium Magnetic Levitation Fan (CO-9050047-WW)If NASA Designed a Computer Case Fan ¨C This Would Be It Corsair ML Series of fans magnetic levitation technology and custom engineered rotors provide unrivaled performance and low noise.Thanks to its innovative design, the ML Series fans delivers both high static pressure and high air flow for a superior fan experience.Warranty Five years Fan Size 140mm x 25mm Flow Type Static Pressure LED Color White PWM Control Yes Airflow 20 - 97 CFM Static Pressure 0.2 - 3.0 mmH20 Sound Level 16 - 37 dBA Speed 400 - 2000 RPM Power Draw 0.276 ACorsair ML140 Pro LED, Red, 140mm Premium Magnetic Levitation FanWarranty: 60 months Size: 123x53x150 mm Weight: 1 Kg",77.96,AUD,387671,387671,False
58970863,,Ubiquiti UniFi Video Camera G3 1080P 802.3af IP UVC-G3-BULLET-3 3 Pack (No PoE Injectors),"UVC-G3-BULLET-3 - Ubiquiti UniFi Video Camera G3 3 PackThe UniFi Video G3 Bullet Camera 3 Pack (UVC-G3-BULLET-3) is a great value multi-pack of the popular UniFi G3 Video Camera- this is a great way to save money on larger installs requiring multiple cameras.The UVC-G3-bullet features a 4 Megapixel HDR sensors, offering crystal clear 1080P full...",406.80,GBP,64482,64482,False
2101868,Apple,Apple MWP22AM/A Airpods Pro with Wireless Case,,249.00,USD,1563974,1563974,False
82474920,,WD MyPassport 1TB 2.5 USB3.0 Red,"Start saving your precious memories and critical files with the 1TB My Passport USB 3.0 Secure Portable Hard Drive from WD. The My Passport comes formatted for Windows systems and connects to your notebook or desktop computer via an included USB 3.0 cable. On the inside,it sports a hard drive that delivers 1TB of storage capacity for storing your photos,videos,music,and other content. To power this drive,the My Passport runs off the computer's USB bus-powered port.This edition of the My Passport drive comes with a redesigned red chassis,which complements your other gear. Another notable feature is WD's Backup software,which lets you create scheduled backups,to help preserve your data automatically. In addition to backing up data,WD has armed this drive with hardware encryption and WD Security software to safeguard your sensitive files from unauthorized users.Back up AutomaticallyThe My Passport drive comes preloaded with WD Backup software to ensure that your photos,videos,music and documents don't get lost. You can set it to run automatically based upon your schedule. Just pick the time and frequency to back up important files from your system onto the My Passport drive.Password Protection with Hardware EncryptionThe My Passport drive's built-in 256-bit AES Hardware Encryption with WD Security software helps keep your content private and safe. You can activate password protection and set your own personalized password. Additionally,the drive can display a ""return-if-found"" message as the password prompt to help find its way back to you if it ever accidentally gets left behind.Easy to UseMy Passport portable storage is ready to use out of the box so you can start transferring files,saving your memories,and backing up critical data right away. It comes with WD Backup,WD Security,and WD Drive Utilities software to help protect your data.FEATURES1TB Storage CapacityUSB 3.0 Interface; USB 2.0 CompatibleBus PoweredData Protection with Hardware Encryption",9.49E2,ZAR,2807367,2807367,False
91126559,,"Crucial 2TB MX500 2.5"" 7mm SATA 6Gb/s SSD","Crucial 2TB MX500 2.5"" 7mm SATA 6Gb/s SSD",206.46,GBP,70841,70841,False
30454890,,Audemars Piguet-Audemars Piguet Royal Oak Chronograph 41mm Mens Watch-26331ST.OO.1220ST.02,Audemars Piguet-Audemars Piguet Royal Oak Chronograph 41mm Mens Watch-26331ST.OO.1220ST.02,25000,USD,31594,31594,False
84821763,,WD 1TB My Passport Portable Storage USB 3.2 Gen 1 - Black - WDBYVG0010BBK-WESN,"BrandWDSeriesMy PassportModelWDBYVG0010BBK-WESNPerformanceColorBlackInterfaceUSB 3.2 Gen 1Capacity1TBFeaturesFeaturesSlim style.The new My Passport drive has been redesigned for you to make the most of your own journey. It features a convenient, slim form factor and is available in a range of vibrant colors.Locked down.The My Passport drive's password protection and built-in 256-bit AES hardware encryption helps keep your digital life's contents secure. Just activate password protection and set your own personalized password using WD Discovery.Social friendly.Included WD Discovery software lets you connect to popular social media and cloud storage services like Facebook, Dropbox and Google Drive. Seamlessly import, organise and share your photos, videos and docs to the My Passport drive to backup your online social life. WD Discovery can also manage your drive through WD Drive Utilities.Backed up.The My Passport drive comes equipped with WD Backup software to help make sure everything you create while on your own life journey - photos, videos, music, and documents - doesn't get lost. You can set it to run automatically to your schedule. Just pick the time and frequency to back up important files from your system onto your My Passport drive.Super easy.My Passport portable storage is ready right out of the box including all necessary cables. And with SuperSpeed USB, you can quickly start backing up everything in your life and keep driving forward.Ongoing confidence.There's no telling what's ahead in your own journey. That's why WD builds drives to demanding requirements for durability and long-term reliability.System RequirementsFormatted NTFS for Windows 10 and 8.1.Reformatting may be required for other operating systems.Dimensions & WeightDimensions0.44"" x 2.95"" x 4.22""Weight0.27 lb.PackagingPackage ContentsPortable hard driveSuperSpeed USB cableWD Discovery softwareQuick install guideAdditional InformationDate First AvailableSeptember 30, 2019",22.857142857143,BHD,283756,283756,False
76448251,,Cisco Catalyst 2960X-24TD-L Ethernet Switch,"Catalyst 2960-X series Software FeaturesAll Catalyst 2960-X Series Switches use a single Universal Cisco IOS Software Image for all SKUs. Depending on the switch model, the Cisco IOS image automatically configures either the LAN Lite, LAN Base, or IP Lite feature set.LAN Lite models have reduced functionality and scalability for small deployments with basic requirements. Cisco Catalyst 2960-X Family of Switches are available with the LAN Base and LAN Lite feature sets and Catalyst 2960-XR Family of switches are available IP Lite feature sets.Note that each switch model is tied to a specific feature level; LAN Lite cannot be upgraded to LAN Base and LAN Base cannot be upgraded to IP Lite.Features 24 networking ports to establish large networkSupports cost-efficient twisted pair cables for high-speed data transfer up to 100 metersOptimize the performance of business networks with 10 Gigabit Ethernet connectivityWith leading Layer 2 support, experience enhanced convenience, secure business operations, and a borderless network experienceManagement capability provides control over setup and configuration of your networkBuilt-in power supply to ensure all components are being supplied with accurate voltage",4145.71,USD,758825,758825,False
49062711,,"NEW Shimano CN-HG95 10 speed Chain XTR, Deore XT, SLX",Shimano CN-HG95 10-Speed ChainsHG-X 10-Speed chainDirectional chain designed for MTB riding conditionsMud shedding design for smooth shifting performance under high load pedaling in muddy conditionsChromized rivet pins & Zinc-Alloy coating improve corrosion & wear resistanceCompatible with 10-Speed Dyna-sys drivetrains,34.99,USD,107440,107440,False
15081806,,Corsair Crystal Series 680X RGB High Airflow TG White,,1199,PLN,28019,28019,False
45157616,,Cisco Catalyst 2960X-24PD-L Ethernet Switch,"Catalyst 2960-X series Software FeaturesAll Catalyst 2960-X Series Switches use a single Universal Cisco IOS Software Image for all SKUs. Depending on the switch model, the Cisco IOS image automatically configures either the LAN Lite, LAN Base, or IP Lite feature set.LAN Lite models have reduced functionality and scalability for small deployments with basic requirements. Cisco Catalyst 2960-X Family of Switches are available with the LAN Base and LAN Lite feature sets and Catalyst 2960-XR Family of switches are available IP Lite feature sets.Note that each switch model is tied to a specific feature level; LAN Lite cannot be upgraded to LAN Base and LAN Base cannot be upgraded to IP Lite.General Information Manufacturer: Cisco Systems, Inc Manufacturer Part Number: WS-C2960X-24PD-L Brand Name: Cisco Product Line: Catalyst Product Series: 2960-X Product Model: 2960X-24PD-L Product Name: Catalyst 2960X-24PD-L Ethernet Switch Product Type: Ethernet Switch Interfaces/Ports Total Number of Network Ports: 24 Token Ring Port: No LRE Port: No Bypass: No Modular: No Management Port: Yes USB: Yes Number of PoE (RJ-45) Ports: 24 Port/Expansion Slot Details: 24 x Gigabit Ethernet Network, 2 x 10 Gigabit Ethernet Expansion Slot Media & Performance Media Type Supported: Twisted Pair Twisted Pair Cable Standard: Category 5 Ethernet Technology: Gigabit Ethernet, 10 Gigabit Ethernet Network Technology: 10/100/1000Base-T I/O Expansions Number of Total Expansion Slots: 2 Expansion Slot Type: SFP+ Number of SFP+ Slots: 2 Network & Communication Layer Supported: 2 Management & Protocols Manageable: Yes Management: Web-based ManagementVLANQoSSyslogTelnetRMON I, IISNMP v1, v2c, v3DHCPCLI Memory Standard Memory: 512 MB Memory Technology: DRAM Flash Memory: 128 MB Reliability MTBF: 325780 Hour Power Description PoE (RJ-45) Port: Yes Input Voltage: 110 V AC, 220 V AC Power Source: Power Supply Redundant Power Supply Supported: Yes Physical Characteristics Compatible Rack Unit: 1U Form Factor: Rack-mountable Height: 1.8"" Width: 17.5"" Depth: 14.5"" Weight (Approximate): 12.70 lb Miscellaneous Certifications & Standards: IEEE Standards:802.1D802.1p802.1Q802.1s802.1w802.1X802.1ab802.3ad802.3af802.3at802.3ah802.3x802.3802.3u802.3ab802.3z802.3az802.1ae802.3ae802.1axSafety:UL 60950-1 Second EditionCAN/CSA-C22.2 No. 60950-1 Second EditionEN 60950-1 Second EditionIEC 60950-1 Second EditionAS/NZS 60950-1EMC:47CFR Part 15 (CFR 47) Class AAS/NZS CISPR22 Class ACISPR22 Class AEN55022 Class AICES003 Class AVCCI Class AEN61000-3-2EN61000-3-3KN22 Class ACNS13438 Class AEN55024CISPR24EN300386KN24 Environmentally Friendly: Yes Environmental Certification: RoHS Warranty Limited Warranty: Lifetime",2911.24,USD,1412234,1412234,False
82803590,,"Maxxis Minion DHR II 29"" x 2.4"" 60TPI Tire - 3C MG DH",With side knobs borrowed from the legendary Minion DHF but widened to provide more support the DHR II corners like no other. The center tread features ramped leading edges to improve acceleration and sipes to create a smooth transition when leaning the bike. Paddle-like knobs on the center tread dig...,81.00,USD,319607,319607,False
66639967,Ubiquiti,Ubiquiti UniFi UVC-G3-BULLET,,1585,NOK,192122,192122,False
30102088,,Zebra 800015-101 Black Monochrome Ribbon - 1000 Prints,"Compatible with: Zebra P330i, Zebra P430i plus many more",9.54,GBP,5836450,5836450,False
4486755,Ubiquiti,Ubiquiti Unifi Video G3 Micro,,1759,SEK,591042,591042,False
35876362,,Ubiquiti UniFi Video Camera G4 4K Pro,"BackUbiquiti UVC-G4-PROUniFi Video Camera G4 4K ProThe UniFi? Protect Camera, model UVC-G4-PRO, represents the next generation of cameras designed for use with the UniFi Protect surveillance management system. This camera offers 4K Ultra HD resolution for day or night use and integrates with the UniFi Protect software for powerful and flexible IP video management.The UVC-G4-PRO is easy to set up, operate, and manage using the UniFi Protect software, which comes pre-installed the UCK-G2-PLUS, the latest generation Cloud Key controller.The G4 Pro camera features a powered zoom lens and crisp 4K Ultra HD video performance with infrared capability. The versatile 3-axis mount enables indoor or outdoor installation of the camera. The camera has infrared LEDs with an automatic IR cut filter for day and night surveillance. Easy Setup Using a standard web browser or Bluetooth from your mobile device, deployment of your UniFi Protect controller can be set up and configured in a matter of minutes. Web Browser Access UniFi Protect is accessible via WEBbrowser and designed to be easy to use, yet packed with advanced features. The UniFi Protect interface is incredibly intuitive and loaded with powerful features such as statistical reporting, multiple live view options, versatile camera settings, advanced analytics, and customizable event recordings.Plug and Play Installation Automatic camera detection in UniFi Protect makes it easy to install and deploy cameras. All of the camera settings are integrated into the software. You can also configure, reboot, or upgrade the firmware on any camera from within the UniFi Protect interface.Additional Live Views Configure playlists that automatically rotate the live view feed between cameras. Define the cameras you want to include in the playlist and how long you want them to appear on the screen before moving on to the next live feed.Cost-Effective Solution Shattering conventional industry thinking, UniFi Protect provides powerful IP surveillance software without any huge, up-front costs or monthly subscription fees.Mobile App The downloadable app provides free remote cloud access to your UniFi Protect system. It also allows you to securely access video recordings that are privately stored on the Cloud Key Gen2 Plus rather than a third-party server or internet cloud.Features:4K Ultra HD (3840 x 2160), 24 FPSF 4.24 - 12.66 mm, ?/1.53 - ?/3.3Wide-Angle/Zoom LensOS08A20 Sensor, 1/1.8""IP67-Rated Weather ResistanceEnhanced Low-Light PerformanceIntegrated High-Power Infrared LEDs802.3af/802.3at supportBuilt-in MicrophoneWall, Ceiling, or Pole Mount",437,,788533,788533,False
51400506,,JABRA Evolve 40 UC USB - Mono,"The Jabra EVOLVE 40 UC Stereo is a professional headset designed to improve concentration and conversations. Premium noise-canceling technology gives you peace to work in the noisy, open office effectively creating a concentration zone around you, so you can stay focused on the job.The speakers are built for style and comfort with leatherette ear cushions, and are specifically designed to reduce office noise. The concentration zone is completed with a busy-light indicator that signals user availability to colleagues.",1267.00,ZAR,5313,5313,False
67059288,,Ubiquiti Unifi Protect Camera G4 Pro,"UniFi Protect G4-PRO CameraCapture every detail with the 4K resolution G4-PRO camera. The G4-PRO is our most powerful camera yet, with a large 1/2"" image sensor, 3X powered optical zoomlens,and integrated high-power infrared LEDs for night vision. The adjustable base can be mounted to a flat surface or a pole with the included mounting hardware.Capture every detail with the 4K resolution G4-PRO camera. The G4-PRO is our most powerful camera yet, with a large 1/2"" image sensor, 3X powered optical zoom lens, and integrated high-power infrared LEDs for night vision. The adjustable base can be mounted to a flat surface or a pole with the included mounting hardware.3X OPTICAL ZOOMEmail info@telco.sydney or call 02 9136 6000 to talk with anetwork specialist.",749.0,AUD,788533,788533,False
14654897,,HDD 35 4TB Seagate IronWolf Pro NAS ST4000NE001,,154.10,,1102119,1102119,False
4502589,,Shimano CN-HG95 116 led Deore XT kde,Shimano Deore XT Kde CN-HG95 116 led. Til 10 speed.,179,DKK,107440,107440,False
25301807,,Apple - AirPods 2 with Charging Case - White,"DescriptionSpecificationIntroducing wireless AirPods 2 . Just take them out and they're ready to use with all your Apple devices1. Put them in your ears and they connect instantly. Speak into them and your voice sounds clear. Simplicity and technology, together like never before. The result is completely magical",,,1223297,1223297,False
80529811,Ubiquiti Networks (UBNT),Ubiquiti UniFi G3 Bullet Video Camera,Ubiquiti UniFi G3 Bullet Video Camera (1080p HD 30 FPS),167.42,GBP,192122,192122,False
48484532,,Buy Quality Replica Audemars Piguet Royal Oak Offshore Chronograph Watch 26470OR.OO.1000OR.02,Quality AAA Replica Audemars Piguet Royal Oak Offshore Chronograph Watch 26470OR.OO.1000OR.02 from online store for sale.,,,14143134,14143134,False
79851703,,Shimano CN-HG95 116 links chain,Shimano Deore XT chain CN-HG95 116 links. For 10 speed.,24.03,EUR,107440,107440,False
45840265,,"Zebra 800011-101 Black Monochrome Ribbon - K - 1,000 prints","Zebra 800011-101 Resin Black (""K"") ribbons are monochrome (1-color) ribbons.Zebra 800011-101 black monochrome ribbons are primarily used for printing text and one-color line art on one or both sides of a card.Note: Black resin is needed to print readable barcodes.Additionally, the Zebra 800011-101 Load-N-Go monochrome ribbons are eco-friendly, using less plastic and are specially designed to increase biodegrading.To maintain your Zebra card printer's warranty, genuine Zebra ribbons must be used. As an authorized Zebra Solution provider, ID Wholesaler only sells Genuine Zebra 800011-101 Black Monochrome Ribbon.ID Wholesaler offers a low price guarantee on black monochrome Zebra 800011-101 ribbon.Did you know that Zebra 800011-101 monochrome ribbons have a shelf life?When stored under proper conditions, Zebra 800011-101 black ribbons typically have a shelf life of up to one year. Ribbons that are more than one year old, and improperly stored, will not print optimally and will likely end up costing more money and time in maintenance and in reprinting cards.ID Wholesaler is an authorized Zebra reseller specializing in ID card printing products. We guarantee that our 800011-101 black monochrome ribbons are genuine Zebra ribbons, are stored properly, and are always 'fresh'.",27,USD,1542544,1542544,False
34748897,Western Digital,My Passport 2.5¡§ Usb 3.0 - 1TB (Black),Western Digital My Passport 25¡§ Usb 30 - 1TB Black WDBYNN0010BBK,59.00,EUR,472560,472560,False
18252855,SanDisk,SanDisk Extreme PRO USB 3.1 Solid State Flash Drive 128GB,The SanDisk Extreme PRO USB 3.1 Solid State Flash Drive - 128GB has a super-fast solid state performance in a USB 3.1 flash drive.,52.39,GBP,79238,79238,False
57643285,,Apple AirPods with Charging Case - 2nd Gen,"NOTE: This product is Refurbished and comes in Non-Retail (Bulk Packaging) packaging. Warranty: 30 Day WarrantyThe new AirPods combine intelligent design with breakthrough technology and crystal-clear sound. Powered by the new Apple H1 headphone chip, AirPods now feature hands-free access to Siri using just your voice. And up to 3 hours of talk time on a single charge.Condition: RefurbishedWarranty: 30 Day WarrantyFeatures: Automatically on, automatically connectedEasy setup for all your Apple devicesQuick access to Siri by saying ¡°Hey Siri¡±Double-tap to play or skip forwardNew Apple H1 headphone chip delivers a faster wireless connection to your devicesCharges quickly in the caseThe case can be charged using the Lightning connectorRich, high-quality audio and voiceSeamless switching between devicesListen and talk all day with multiple charges from the Charging CasePlease note: Will show minor signs of use. 100% functional. Includes case and right and left Airpod.Packaging: Non-Retail (Bulk Packaging)What you get: One [1] 2nd Gen AirpodsOne [1] CaseOne [1] Charging Cable",119.99,USD,1223297,1223297,False
45946412,Maxxis,"Maxxis Maxxis High Roller II Tire: 27.5 x 2.50"", Folding, 60tpi, 3C MaxxTerra, EXO, Tubeless Ready, Wide Trail, Black",,85.00,USD,729259,729259,False
25025467,Maxxis,Maxxis High Roller II 27.5 x 2.5 Wide Trail 3C Maxx Terra EXO/TR Folding Mountainbike Tyre,"An open and aggressive tread design gives the High Roller II excellent soil penetration and mud-clearing ability. A square profile provides a solid, consistent feel across the knobs. Modified knobs on the shoulder and center improve braking performance and traction on hard surfaces. An excellent choice for technical, freeride terrain.For our full range of Bike Accessories visit Evans Cycles",¡ê48.00,GBP,729259,729259,False
83187166,Seagate,"SEAGATE HDD IRONWOLF PRO (NAS) 3.5"" - 8TB, SATAIII, ST8000NE001","IRONWOLF PRO NASIronWolf? Pro is designed for everything business NAS. Get used to tough, ready and scalable 24¡Á7 performance that can handle multidriveenvironments across a wide range of capacities.Key AdvantagesOptimized for NAS with AgileArray?. AgileArray enables dual-plane balancing and RAIDoptimization in multi-bay environments, with the most advanced power managementpossible. Actively protect your NAS with IronWolf Health Management focusing on prevention,intervention and recovery. High performance means no lag time or downtime for users during workload traffic for theNAS. Seagate leads the competition with the highest-performing NAS drive portfolio. Seagate? Rescue Data Recovery. IronWolf Pro comes with extra peace of mind for anymechanical, accidental or natural disaster. With a 90% success rate of in-house recovery,Seagate has your back with a 2-year included Rescue Data Recovery plan. Rotational Vibration (RV) sensors. First in its class of drives to include RV sensors tomaintain high performance in multi-drive NAS enclosures. Range of capacities up to 12TB. More capacity options means more choices that will fitwithin the budget. Seagate provides a scalable solution for any NAS use-case scenario. Do more in multi-user environments. IronWolf provides a workload rate of 300TB/year.Multiple users can confidently upload and download data to the NAS server, knowingIronWolf can handle the workload, whether you are a creative professional or a smallbusiness. Designed for always on, always accessible 24¡Á7 performance. Access data on your NASany time, remotely or on site. 1.2M hours MTBF, 5-year limited warranty represents an improved total cost of ownership(TCO) over desktop drives with reduced maintenance costs.TECHNICAL SPECIFICATIONSSPECIFICATIONSStandard Model Number1 ST8000NE001Capacity 8TBInterface SATA 6Gb/sFEATURESDrive Bays SupportedUp to 16 BaysMulti-User Technology 300TB/yearRotational Vibration (RV) Sensor yesHot-Plug Support2 yesCache (MB) 256RELIABILITY/DATA INTEGRITYMean Time Between Failures (MTBF, hours)1,200,000Reliability Rating @ Full 24¡Á7 Operation (AFR) 0.73%Nonrecoverable Read Errors per Bits Read, Max 1 per 10E15Power-On Hours per Year (24¡Á7)8760Sector Size (Bytes per Logical Sector)512ERescue Services3 yesLimited Warranty (years)5PERFORMANCESpindle Speed (RPM)7200Interface Access Speed (Gb/s)6.0, 3.0, 1.5Max. Sustained Transfer Rate OD (MB/s) 214MB/sAverage Latency (ms)4.16Interface Ports SingleRotational Vibration @ 10-1500 Hz (rad/s2) 12.5POWER CONSUMPTIONStartup Current, Typical (12V, A) 2.0Idle Power, Average (W) 4.4Average Operating Power (W) 7.4WStandby Mode (W) 0.8Sleep Mode (W) 0.8Power Supply Requirements +12 V and +5 VENVIRONMENTAL/TEMPERATUREOperating (ambient, min ¡ãC)5Operating (drive case, max ¡ãC) 60Nonoperating (ambient, min ¡ãC) -40Nonoperating (ambient, max ¡ãC)70ENVIRONMENTAL/SHOCKShock, Operating 2ms (Read/Write) (Gs)70/40GsShock, Nonoperating, 1ms and 2ms (Gs)250ENVIRONMENTAL/ACOUSTICSVibration, Nonoperating: 10Hz to 500Hz (Grms)2.27PHYSICALHeight (mm/in) 26.11mm/1.028inWidth (mm/in, max) 101.85mm/4.010inDepth (mm/in, max)146.99mm/5.787inWeight (g/lb) 650g/1.43lbCarton Unit Quantity 20Cartons per Pallet/Cartons per Layer40 / 8.",279.31,EUR,1578824,1578824,False
52361746,WD,1 TB WD MY PASSPORT USB 3.0 SIYAH WDBYNN0010BBK,,,,472560,472560,False
98651543,Maxxis,"Maxxis Maxxis High Roller II Tire: 29 x 2.30"", Folding, 60tpi, Dual Compound, EXO, Tubeless Ready, Black",,66.00,USD,1496586,1496586,False
57337098,,LOGITECH Logitech USB Headset H390,LOGITECH Logitech USB Headset H390,90.90,BGN,149318,149318,False
35589885,,"APC Smart-UPS RT - USV - 19""-Rack montierbar - 230 V",,12351.33,EUR,280415,280415,False
48541191,Logitech,Logitech Webcam C270 HD 3Mpix USB Skype/MS Teams/Zoom Ready - Black,"Logitech Webcam C270 3MP HD, 1280x720, Built-in Mic, USB 2.0",49.99,GBP,79254,79254,False
3009539,,LOGITECH USB Headset H390 - USB - EMEA,,200.84,RON,149318,149318,False
25420328,,"MTB Pl¨¢?? MAXXIS HIGH ROLLER II 27,5x2,40 3C Maxx Terra EXO TR kevlar",,45.90,EUR,1631327,1631327,False
21556335,,Zebra 800033-801 Black Monochrome Ribbon for ZXP Series 3 Printers - 1000 Prints,"Zebra K Black Monochrome Ribbon ZXP Series 3 - 1000 prints/rollThe Zebra 800033-801 Black Resin Ribbon is a Monochrome (single-color) ribbon. Monochrome ribbons are used primarily for line art, text and barcodes.Zebra ribbons are printer specific. To maximize card quality and your Zebra printer's life expectancy and durability, use only genuine Zebra ribbons.Additional InformationPanels: Black Resin MonochromePrints: 1000For single sided card printingSupported Printer: Zebra ZXP Series 3",18.13,USD,163499,163499,False
37879130,,"Seagate IronWolf PRO 16TB 3,5"" NAS HDD","3.5"", SATA 6.0Gb/s, 7200RPM, 256MB cache, Agile Array",6490.00,NOK,40783,40783,False
37238928,,Epson Premium Glossy Photo Paper - glossy photo paper - 15 sheet(s),Epson Premium Glossy Photo Paper - glossy photo paper - 15 sheet(s),13.00,GBP,1601212,1601212,False
54420990,,"ML120 PRO 120mm, Red LEDs, 2400 RPM, 75 CFM, 37 dBA, Cooling Fan","ML120 PRO 120mm, Red LEDs, 2400 RPM, 75 CFM, 37 dBA, Cooling Fan",28.65,USD,971833,971833,False
29169075,,Cooler Master MasterLiquid Lite ML120L RGB V2,,289,PLN,91172,91172,False
77373298,Maxxis,"Maxxis Maxxis, High Roller II, Tire, 27.5''x2.50, Folding, Tubeless Ready, 3C Maxx Terra, EXO, Wide Trail, 60TPI, Black",,102.00,CAD,729259,729259,False
8302944,Maxxis,"Maxxis Minion DHR II Tire - 29 x 2.4, Tubeless, Folding, Black, 3C Maxx Grip, DH, Wide Trail","The Minion DHR Wide Trail has a large volume casing and an all condition tread pattern to deliver maximum control in loose and muddy conditions.Intended use: loose, loose over hard, mediumRamped paddle shaped center knobs roll efficiently and provide excellent traction for climbing and brakingWide Trail (WT) casing is optimized for 30-35mm inner width rimsMinion signature channel cut side knobs provide excellent cornering traction3C Maxx Grip provides the best grip in the Maxxis 3C lineup with slow rebound for DH applicationsItem SpecificationsColorBlackTire BeadFoldingISO Diameter622 / road / 29""ISO Width61Labeled Size29 x 2.4""Tire TypeTubeless Ready ClincherTire Diameter29""Intended UseMountainDefined ColorBlackTPI60 Maxxis Minion DHR II Tire Tires EAN: 4717784032986",,,319607,319607,False
30875366,,"Corsair ML140 Pro LED, Red, 140mm Premium Magnetic Levitation Fan | Discount Computer Needs","View and shop for Corsair ML140 Pro LED, Red, 140mm Premium Magnetic Levitation Fan, Computer Case Fans, and many more products at Discount Computer Needs.",75.00,AUD,387671,387671,False
79449686,,AirPods with Wireless Charging Case,"More magical than ever.The new AirPods ¡ª complete with Wireless Charging Case ¡ª deliver the wireless headphone experience, reimagined. Just pull them out of the case and they¡¯re ready to use with your iPhone, Apple Watch, iPad or Mac.After a simple one-tap setup, AirPods work like magic. They¡¯re automatically on and always connected. AirPods can even sense when they¡¯re in your ears and pause when you take them out.To adjust the volume, change the song, make a call or even get directions, simply say ¡°Hey Siri¡± and make your request. You have the freedom to wear one or both AirPods, and you can play or skip forward with a double-tap when listening to music or podcasts.Charge your AirPods quickly and easily with the Wireless Charging Case. Just set the case down on a Qi-compatible charging mat and let it charge. The LED indicator on the front of the case lets you know that your AirPods are charging. And when you¡¯re away from a charging mat, you can use the Lightning port to charge.AirPods deliver 5 hours of listening timeand 3 hours of talk time on a single charge.And they¡¯re made to keep up with you, thanks to a Wireless Charging Case that holds multiple charges for more than 24hours of listening time.Need a quick charge? Just 15 minutes in the case gives you 3 hours of listening timeor 2 hours of talk time.Powered by the all-new Apple H1 headphone chip, AirPods use optical sensors and motion accelerometers to detect when they¡¯re in your ears. Whether you¡¯re using both AirPods or just one, the H1 chip automatically routes the audio and engages the microphone. And when you¡¯re on a call or talking to Siri, an additional speech-detecting accelerometer works with beamforming microphones to filter out external noise and focus on the sound of your voice.",2.6999E2,CAD,1994510,1994510,False
90976817,,"Corsair Crystal Series 680X RGB High Airflow, USB 3.1 Type-C, Tempered Glass ATX Smart, Dual Chamber Cube Case, White.","The CORSAIR Crystal Series 680X RGB is a dual-chamber tempered glass ATX smart case that keeps your system running cool with room for up to eight fans and four radiators, including one 360mm. Enjoy superb airflow and brilliant RGB lighting from three LL120 RGB fans, controlled by an included CORSAIR Lighting Node PRO and powered by iCUE software. Equip your PC with outstanding high airflow cooling, with four fans and a Direct Airflow Path layout delivering massive airflow to your PC?¡é????s hottest components. Illuminate your system with three included LL120 RGB fans, boasting a total of 48 customizable RGB LEDs. An included CORSAIR Lighting Node PRO turns the 680X RGB into a smart case, powered by CORSAIR iCUE software that brings your system to life with dynamic RGB lighting synchronized across all your iCUE compatible products, including fans, RGB LED light strips, DDR4 memory, keyboards, mice and more. Custom builds needn?¡é????t be cluttered - a distinctive dual-chamber design makes it incredibly easy to assemble an immaculate system that keeps cables tidy and out of view. Three crystal-clear tempered glass panels, fitted in the front, roof and a hinged easy-access side panel door, provide a stunning view of your PC?¡é????s high-profile components. Install up to 8x 120mm or 7x 140mm fans for massive cooling potential, with room to mount up to four radiators ?¡é???? including one 360mm such as the CORSAIR Hydro Series H150i PRO liquid cooler. High-speed USB 3.1 Gen-2 Type-C front panel connector puts future-proof connectivity within easy reach.",399.00,AUD,28019,28019,False
31273059,Logitech,Logitech Logitech Stereo Headset H151 3.5mm Aux TRRS,,19.95,USD,24792,24792,False
61533965,,WD My Passport USB 3.0 Portable Hard Drive 4TB - Black,"PLEASE NOTE:?Online Clearance Product |?Includes Free Delivery?This item is available online with Free Delivery, but may not be available at all Harvey Norman stores.?Stocks are limited. Purchase online today to secure your product.?For more information please feel free to contact us using the Ask Us tab. ?This WD My Passport USB 3.0 Portable Hard Drive lets you safely store your massive digital files such as photos, videos, music, and more. It fits snugly in the palm of your hand, so you can effortlessly take your cherished data wherever at a moment's notice.Key Features Easy-to-use: With Plug and Play connectivity, it can be used right away without the need for additional driver or software downloads.Storage: WD's My Passport USB 3.0 Portable Hard Drive has a massive 4TB capacity, offering plenty of space for storing documents, installers, and your multimedia library.USB Compatibility: For fast file transfer rates and flexible connectivity options, this hard drive has a USB 3.0 interface.Auto Backup: You can back up your photos, videos, music and documents via the included WD Backup software.Password Protection: It incorporates a 256-bit AES Hardware Encryption with WD Security software, allowing you to keep your files private and safe.Compatibility: This WD My Passport USB 3.0 Portable Hard Drive is made to seamlessly work with Mac and Windows devices.*Laptop shown not included.",256,NZD,3880206,3880206,False
71378693,Logitech,Logitech H390 Stereo USB PC Computer Headset,Buy Logitech H390 Stereo USB PC Computer Headsets - MPN: 981-000406.A Stereo USB Headset For PC & MAC,45.59,GBP,149318,149318,False
47521302,,AUDEMARS PIGUET ROYAL OAK OFFSHORE CHRONOGRAPH 42MM STAINLESS STEEL MEN'S WATCH- Luxury Souq,"42mm stainless steel case, 14.5mm thickness, self winding movement, glareproofed sapphire crystal and caseback, black ceramic pushpieces and screw-locked crown brown alligator/crocodile leather strap, fixed bezel, scratch resistant sapphire crystal, power reserve to 50 h, water resistant to 100m/330ft.",23160,USD,34768783,34768783,False
5514225,,High Roller II 27.5 x 2.40 60 TPI Folding 3C Maxx Terra ExO / TR tyre,"An open and aggressive tread design gives the High Roller II excellent soil penetration and mud-clearing ability. A square profile provides a solid, consistent feel across the knobs. Modified knobs on the shoulder and centre improve braking performance and traction on hard surfaces. An excellent choice for technical, freeride terrain.- OPEN TREAD DESIGN- IMPROVED BRAKING AND TRACTION- 3C MAXX TERRA- TUBELESS READY (TR)- EXORUBBER COMPOUNDSThe most important part of a tire is arguably the rubber compound within the tread. By changing the amounts of various components of the rubber formula, engineers can make two identical looking tires perform completely differently.3C TRIPLE COMPOUND MOUNTAIN Maxxis 3C Triple Compound mountain technology uses a harder, longer lasting base layer and two progressively softer top layers in order to optimize traction and stability. Maxxis offers three different configurations of our 3C Triple Compound mountain technology: Maxx Speed, Maxx Terra and Maxx Grip.This tyre uses 3C MAXX TERRA - An intermediate compound configuration used in select mountain tires. 3C Maxx Terra is softer and offers more traction than 3C Maxx Speed, yet provides bettertreadwear and less rolling resistance than Maxx Grip.EXOAn extremely cut-resistant and abrasion-resistant material added to the sidewalls of select mountain tires. This densely woven fabric is also lightweight and highly flexible, ensuring that the performance of the tire remains unaffected. Choose EXO Protection for exceptionally rocky, treacherous trails where the chance of sidewall cuts and abrasions is high.FOLDABLE BEADFoldable beads also keep the tire secured to the rim but are lighter weight and easily transported. The bead is made of spun aramid or Kevlar? fibresTUBLESS READYTubeless tires provide the rider with many benefits: the ability to run lower air pressures, which improves traction; lower rolling resistance when compared to a tube-type tire; and less chance of flatting since there is no tube. Maxxis Tubeless Ready (TR) tires provide the benefits of a UST tubeless tire without the weight penalty.Liquid sealants should only be used in the following types of tires: Tubeless Road, Tubular, and Tubeless Ready. The use of liquid sealants in any other Maxxis tire will void the warranty.Bead TypeFoldingColourBlackTPI (Threads Per Inch)60Wheel Diameter27.5 inches",6.9E1,EUR,1631327,1631327,False
35705561,,Catalyst 2960-x 24 Gige,Catalyst 2960-x 24 Gige 2 X 10G SFP+ LAN BASE IN,2995.01643,EUR,758825,758825,False
96272840,,"Apple AirPods Pro - EGP4,999 - Best deals in Egypt","AirPods Pro with one year warranty, same day shipping or pickup from IncrediDeals. Shop now, pay later over 3 months and up to 60 months.",4999,EGP,1563974,1563974,False
13502291,Corsair,CORSAIR CARBIDE SERIES SPEC-01 RED LED MID TOWER GAMING CASE,,48.62,EUR,195552,195552,False
76750630,,Switch Cisco WS-C2960X-24PD-L,"Cisco? Catalyst? 2960-X Series Switches are fixed-configuration, stackable Gigabit Ethernet switches that provide enterprise-class access for campus and branch applications- Device Type: Switch - 24 ports - managed.- Enclosure Type: Rackmount.- Ports: 24 x 10/100/100. - Performance: Switching capacity: 100 Gbps - Forwarding performance: 71.4 Mpps. - Features: Gigabit Small Form-Factor Pluggable (SFP), FlexStack Plus for stacking of up to 8 switches with 80 Gbps of stack throughput (optional), Cisco EnergyWise, Cisco Auto QoS, Quality of Service (QoS), Cisco Smart Install, Cisco Auto SmartPorts,Cisco Smart Troubleshooting, Power over Ethernet PoE (IEEE 802.3af): 24 ports up to 15.4W, PoE+ (IEEE 802.3at): 12 ports up to 30W - Available PoE: 370W, Dynamic Host Configuration Protocol (DHCP), Autonegotiation, Dynamic Trunking Protocol (DTP), Port Aggregation Protocol (PAgP), Link Aggregation Control Protocol (LACP), Automatic media-dependent interface crossover (MDIX), Unidirectional Link Detection Protocol (UDLD), Switching Database Manager (SDM), Local Proxy Address Resolution Protocol (ARP), Smart Multicast, with Cisco FlexStack-Plus technology, Internet Group Management Protocol (IGMP), Multicast VLAN Registration (MVR), Per-port broadcast, multicast, and unicast storm control, Voice VLAN, Cisco VLAN Trunking Protocol (VTP), Remote Switch Port Analyzer (RSPAN), Layer 2 trace route, Trivial File Transfer Protocol (TFTP), Network Timing Protocol (NTP).",32900,BRL,1412234,1412234,False
35517532,SRAM,"SRAM SRAM PG-1130 Cassette - 11 Speed, 11-36t, Silver",,87.00,USD,296239,296239,False
47511536,,"4TB My Passport, USB 3.2 Gen1, Portable, Black, External Hard Drive","Western Digital 4TB My Passport (WDBPKJ0040BBK-WESN). Every journey needs a passport. The My Passport drive is trusted, portable storage that gives you the confidence and freedom to drive forward in life. With a new, stylish design that fits in the palm of your hand, there¡¯s space to store, organize, and share your photos, videos, music, and documents. Perfectly paired with WD Backup? software and password protection, the My Passport drive helps keep your digital life's contents safe.",143.22,USD,1939560,1939560,False
84965377,Swiss Military Hanowa,Swiss Military Hanowa06-5161.2.04.007 Flagship Watch,Black & Steel Swiss Made Watch with Date,235.00,GBP,5860529,5860529,False
65392801,Cisco,Used Cisco Ws-c2960x-24td-l 24 Port 10/100/1000base-t 2 X Sfp+ 2 Layer 1u High,,484.19,USD,758825,758825,False
78819969,,Audemars Piguet Royal Oak Offshore 26470 Pink Gold Grey Bracelet Watch Replica,"Quality:AAA Grade Replica Audemars Piguet watchMovement:Asian high replicated Movement(quartz or automatic base on the original functions)Case and bazel materials:316L Stainless Steel(the color was plated like gold or rose gold) Size :Same as originalBracelet or Strap:leather or Stainless Steel Bracelet with perfect detailBox:not default(If you like,we offer the classic model and original model from $25) Some Official Information of this Replica Audemars Piguet Royal Oak Offshore 26470 Pink Gold Grey Bracelet WatchBrand: Audemars PiguetFamily: Royal Oak OffshoreReference: 26470OR.OO.1000OR.02Name: Royal Oak Offshore 26470 Pink Gold / Grey / BraceletProduced: 2018Limited: NoCaseMaterials: Pink gold, CeramicGlass: SapphireBack: OpenShape: OtherDiameter: 42.00 mmHeight: 14.60 mmW/R: 100.00 mDialNickname: M??ga TapisserieColor: GreyIndexes: Arabic NumeralsHands: StickMovementChronograph movement based on Caliber 3120 with Dubois-Depraz chronograph module.Type: AutomaticBrand: Audemars PiguetCaliber: AP 3126 / 3840Display: AnalogDiameter: 29.92 mmJewels: 59Reserve: 50 hFrequency: 21600 bphTime: Hours, Minutes, Small SecondsDate: DateChronograph: ChronographAudemars Piguet caliber AP 3126 / 3840DescriptionThe Audemars Piguet Royal Oak Offshore reference 26470OR.OO.1000OR.02 was introduced in 2018. It features a pink gold case and matching bracelet. The dial is ruthenium grey with ivory subdials.High quality Replica Audemars Piguet Royal Oak 26470OR.OO.1000OR.02,AAA fake-imitation Audemars Piguet Royal Oak Offshore 26470 Pink Gold Grey Bracelet Watch sale Cheap from China.",156,USD,14143134,14143134,False
83673256,,"ML140 PRO 140mm, Blue LEDs, 2000 RPM, 97 CFM, 37 dBA, Cooling Fan","Corsair ML140 Pro LED, Blue, 140mm Premium Magnetic Levitation Fan",37.13,USD,509638,509638,False
49097388,,Apple In-Ear Wireless Airpods with Charging Case - White-MV7N2ZM/A,"Top features:- Completely wireless headphones sense when they're inside your ears- Tap either AirPod to activate Siri for hands-free control- Five hours listening on a single charge, or 24 hours via the charging case- Seamlessly switch listening between Apple devicesWireless headphonesThe AppleAirPods Wireless Bluetooth Headphonesprovide the same great audio performance of Apple EarPods without any wires to tangle you up.Apple AirPods sense when they are inside your ears, and pause audio when they're not so you don't have to worry about missing out on any of your favourite music when you take them out.Tap to activate SiriAirPodsare not just wireless, but also help take hands-free entertainment to a new level with Siri integration.A simple double-tap on eitherAirPodactivates Siri so you can make calls, switch songs or playlists, adjust the volume or ask for directions.Five hours listening timeOne charge of yourAirPodsprovides up to five hours listening time, and if you're caught short a quick 15 minute charge will give you three more hours of enjoyment.The portable charging case holds enough power for 24 hours total listening time so you'll be able to keep going throughout the day.Seamlessly switches between your Apple devicesYou're not just limited to your iPhone with the AppleAirPods -they can even connect to Apple Watch, iPad and Mac. All you need is an iCloud account.Capable of connecting to both your iPhone and Apple Watch at the same time, they can switch instantly between both devices. If you want to move to your Mac or iPad just selectAirPodson either device and they'll connect to whichever you choose.",1.79E2,EUR,767259,767259,False
18503496,,Royal Oak Offshore Chronograph 42mm,"Pre-owned Audemars Piguet Royal Oak Offshore 42mm 26470OR.OO.A125CR.01 42mm 18ct rose gold case, 18ct fixed rose gold bezel, Grey ruthenium-toned dial with ¡°M¨¦ga Tapisserie¡± pattern with white sub dials featuring a date indicator at 3 o¡¯clock, automatic movement with chronograph function, on a black leather strap. Complete with original box and papers.",32995,GBP,67840743,67840743,False
51902182,Swiss Military Hanowa,Swiss Military Hanowa06-5161.2.04.003 Flagship watch,Steel Swiss Made Watch with Date,235.15,GBP,2682919,2682919,False
51895593,,Buy Quality Replica Audemars Piguet Royal Oak Offshore Chronograph Watch 26470OR.OO.A125CR.01,Quality AAA Replica Audemars Piguet Royal Oak Offshore Chronograph Watch 26470OR.OO.A125CR.01 from online store for sale.,,,67840743,67840743,False
63419453,Zebra,"Card Ribbon Zebra - 800033, Color: black","Zebra Ribbonfor ZXP3, ZXP3 r2, , Color: black, for 100 print, For use with card printers",15.15,EUR,163499,163499,False
55727345,Apple,Apple AirPods 2 Bo?tier Charge Sans Fil,,197.99,EUR,1126552,1126552,False
94570035,Western Digital,Western Digital My Passport 1TB Portable External Hard Drive - with Limited warranty,Auto backup with included WD Backup software Password protection with hardware encryption 3-year limited warranty,23000.00,NGN,472560,472560,False
27072079,,Corsair ML120 Pro LED Red 120mm Magnetic Levitation Fan | Discount Computer Needs,"View and shop for Corsair ML120 Pro LED Red 120mm Magnetic Levitation Fan, Computer Case Fans, and many more products at Discount Computer Needs.",58.00,AUD,971833,971833,False
53025257,,Ubiquiti UVC-G3-Bullet UniFi IP Bullet Camera,,$?197.95,USD,591042,591042,False
96656974,Seagate,"Seagate IronWolf Pro 6TB NAS 3.5"" SATA HDD/Hard Drive","6TB Seagate IronWolf Pro ST6000NE000 NAS Hard Drive, 3.5"" HDD, SATA III 6Gb/s, 7200rpm, 256MB, 4.16ms, OEM",208.99,GBP,84984,84984,False
32095160,,Cisco Catalyst WS-C2960+48TC-L Switch,"The Cisco Catalyst WS-C2960+48TC-L Switch is a fixed-configuration Fast Ethernet switch that provides enterprise-class Layer 2 switching for branch offices, conventional workspaces, and infrastructure applications. They enable reliable and secure operations with lower total cost of ownership through a range of Cisco IOS software features, including Cisco Catalyst SmartOperations.Features:48Fast Ethernet portsSmall Form-Factor Pluggable (SFP) and 1000BASE-T Gigabit Ethernet uplinksLAN BaseCisco IOS Software feature setSmartOperations tools that simplify deployment and reduce the cost of network administrationCisco EnergyWise technology to manage energy consumed by connected devicesEnterprise-class quality of serviceThe Cisco 2960-Plus Series Switches offer intelligent traffic management that keeps everything flowing smoothly. Flexible mechanisms for marking, classification, and scheduling deliver superior performance for data, voice, and video traffic, all at wire speed.Cisco Catalyst SmartOperationsCisco Catalyst SmartOperations is a comprehensive set of capabilities that simplify LAN planning, deployment, monitoring, and troubleshooting. Deploying SmartOperations tools reduces the time and effort required to operate the network and lowers total cost of ownership (TCO).Cisco EnergyWiseCisco EnergyWise empowers IT teams to measure and manage the power consumed by devices connected to the network, providing measurable energy savings and reduced greenhouse gas emissions. EnergyWise policies can be used to control the power consumed by PoE-powered endpoints, desktop and data-center IT equipment, and a wide range of building infrastructure. EnergyWise technology is included on all Cisco Catalyst 2960-Plus Series Switches.Network managementThe Cisco Catalyst 2960-Plus Series Switches offer a superior CLI for detailed configuration and administration. 2960-Plus switches are also supported in the full range of Cisco network management solutions.","1,575.53",GBP,3739198,3739198,False
4412392,Maxxis,"Maxxis Maxxis, High Roller II, Tire, 29''x2.50, Folding, Tubeless Ready, 3C Maxx Terra, Double Down, Wide Trail, 120x2TPI, Black",,122.00,CAD,1702430,1702430,False
62261095,,Western Digital My Passport Ultra,"Western Digital My Passport Ultra 2,5"" 1TB USB 3.0, Black",118.49,§Ý§Ó.,472560,472560,False
44772050,,Ubiquiti UniFi Video Camera G3 Flex 3 Pack,"Ubiquiti UniFi Video Camera G3 Flex 3 Pack, Infrared IR, 1080P HD Video, Wall Mount, Pole Mount, Weather Resistant",359.00,AUD,266703,266703,False
88048328,,UniFi Protect G4-PRO Camera,"Super sharp 4K camera with 3x optical zoom and high-powered infrared LEDs for night vision. IP67 rated. Our most powerful camera yet.Capture every detail with the 4K resolution G4-PRO camera. The G4-PRO is our most powerful camera yet, with a large 1/2"" image sensor, 3X powered optical zoom lens, and integrated high-power infrared LEDs for night vision. The adjustable base can be mounted to a flat surface or a pole with the included mounting hardware.Features:4K Video Powered 3X optical zoom lens Integrated 3X powered zoom lens ( Focal length 4.1mm ~ 12.3mm) H.264 triple-stream encoding FOV (H: 110?~35 ? V:60 ? ~20?) 3840x2160, 1/2"", 8MP sensor IP67 support wide angle IR LED for night vision","379,00",EUR,788533,788533,False
2166055,SEAGATE,Disque Dur SEAGATE NAS HDD IronWolf - 6 To,Disque Dur SEAGATE NAS HDD IronWolf - 6 To- 7200 tours/minutes- 256 Mo de cache,183.99,EUR,498972,498972,False
32999585,,APPLE - AirPods 2 Med Wireless Charging Case,APPLE AirPods 2 Med Wireless Charging Case (MRXJ2ZM/A) - Type: Tr?dl?st headset,2246.25,NOK,1126552,1126552,False
24092458,,Apple AirPods with Charging Case / COMPARE ON Amazon $139,"Automatically on, automatically connected Easy setup for all your Apple devices Quick access to Siri by saying ¡°Hey Siri¡± Double-tap to play or skip forward New Apple H1 headphone chip delivers faster wireless connection to your devices Charges quickly in the case Case can be charged using the Lightning connector",119.00,USD,1223297,1223297,False
57657334,,Seagate IronWolf PRO 4TB NAS Professional,"3.5"", SATA 6.0Gb/s, 7200RPM, 128MB cache, Agile Array",1261.00,DKK,1102119,1102119,False
18529215,,Swiss Military Hanowa FLAGSHIP 06-5161.2.04.007 Men's Watch,">, FLAGSHIP by Swiss Military HanowaSporty Swiss Military Hanowa Mens watch 06-5161.2.04.007 . Colors > Dial: Black, Strap: Silver, Case: Silver. Very comfortable Stainless steel strap. The water resistance is 10 ATM. A scratch proove Saphire glass protects your watch from involuntary injuries.",181.00,EUR,5860529,5860529,False
89757104,,WD Black 1TB My Passport Portable USB3.0 HDD (WDBYVG0010BBK-WESN) (Warranty 3years with WD SG),Warranty : 3 Years with WD,89.00,SGD,283756,283756,False
83113335,,Seagate 6TB Iron Wolf 3.5 inch SATA HDD | Discount Computer Needs,"View and shop for Seagate 6TB Iron Wolf 3.5 inch SATA HDD, Internal Hard Disk Drives, and many more products at Discount Computer Needs.",347.95,AUD,498972,498972,False
31223849,,Apple AirPods with Charging Case (Latest Model),"The new Air Pods combine intelligent design with breakthrough technology and crystal clear sound. Powered by the new Apple H1 headphone chip, Air Pods now feature hands-free access",159.00,USD,1223297,1223297,False
38667599,COOLER MASTER,COOLER MASTER MASTERLIQUID ML120L RGB CPU COOLER V2,MASTERLIQUID ML120L V2 RGBNew Generation Dual Chamber PumpEnlarged Surface Area on RadiatorNew SickleFlow 120 RGBReinforced Sealing for Anti-Leaking Prevention,89.00,SGD,91172,91172,False
96521974,Audemars Piguet,Audemars Piguet Royal Oak Offshore Chronograph 26470ST.OO.A099CR.01,"Pre-Owned Audemars Piguet Audemars Piguet Royal Oak Offshore Chronograph (26470STOOA099CR01) self-winding automatic watch, features a 42mm s...Read More",22950.00,USD,34768783,34768783,False
6664354,sandisk,SanDisk Extreme Pro 128 GB USB 3.0 Flash Drive,"SanDisk Extreme PRO 128 GB USB 3.0Certified Refurbished by SANDISK | 12 months warranty! Pro-grade speed transfers data up to 60x faster than standard USB 2.0 drivesTransfer a full-length movie to the drive in secondsTransfer 1000 photos in less than 35 secondsUp to 260 MB/s read speeds and 240 MB/s write speedsTransfer a Movie in SecondsThe SanDisk Extreme PRO USB 3.0 Flash Drive lets you transfer a full-length movie in seconds with read speeds of up to 260 MB/sHigh Capacity Drive That Keeps You EntertainedWith up to 128 GB of storage you can hold all your favourite media on the SanDisk Extreme PRO USB 3.0 Flash Drive for hours of entertainment.Up To 60x Faster The SanDisk Extreme PRO USB 3.0 Flash Drive is up to 60 times faster than standard USB 2.0 flash drives, letting you quickly transfer your media with no waiting around.Protect Your DataKeep your private files private with the included SanDisk SecureAccess software, providing password protection and 128-bit data encryption.Sophisticated DesignThe durable aluminium metal casing of the SanDisk Extreme PRO USB 3.0 Flash Drive helps to keep your files protected against everyday wear and tear.Transfer 1000 Photos In SecondsWith write speeds up to 240 MB/s you can make light work of file transfers, with up to 1000 photos in less than 35 secondsBrand name SanDiskItem Weight 18.1 gProduct Dimensions 2.1 x 1.1 x 7.1 cmItem model number SDCZ88-128G-A46Series SDCZ88-128G-G46Color Aluminium & BlackForm Factor CapProcessor Count 1Computer Memory Type DDR3 SDRAMWarranty 1 year",49.90,GBP,79238,79238,False
393407,Audemars Piguet,Audemars Piguet Royal Oak Chronograph,Audemars Piguet Royal Oak,36560,USD,607611,607611,False
68806630,Swiss Military Hanowa,Rel¨®gio Swiss Military Hanowa06-5161.2.04.003 Flagship,Steel Swiss Made Watch with Date,249.00,EUR,2682919,2682919,False
40007703,,Webcam Logitech HD Webcam C270 960-001063,"Webcam Logitech HD Webcam C270 960-001063Artikelnummer:16161EAN:5099206064201MPN:960-001063Warennummer:85258019Logitech WEBCAM 960-001063 HD Webcam C270 USB / 3 MP, 1280x720 / RightLight and RightSound / Clip for Notebook, Display Retail",65.41,EUR,79254,79254,False
50176096,Corsair,Corsair ML140 PRO 140mm Premium Magnetic Levitation Fan - Twin Pack,"140mm LED Fan, High Airflow, Low Noise",36.61,GBP,456079,456079,False
48510469,SRAM,SRAM PG1130 11-36 11sp Cassette,"PG stands for PowerGlide, and this cassette sure does PowerGlide! To take full advantage of the power promise of the Force and Rival groupsets, you really need a cassette that¡¯s up to the challenge, and the PG is made for the job. For this one, SRAM have removed specific sections of material from the three bigger cogs, creating a cogset that shifts efficiently and positively in all situations.",116.99,AUD,296239,296239,False
95301599,,Disco Port¨¢til My Passport Western Digital 4TB WDBYFT0040BBK-WESN,,101948,CLP,3880206,3880206,False
16398395,,6TB - Seagate Enterprise Ironwolf Pro SATA - ST6000NE000,"[shortdesc]Seagate IronWolf Pro ST6000NE000 (REPLACES ST6000NE0023) 6TB 7200 RPM 256MB Cache SATA 6.0Gb/s 3.5"" Internal Hard Drive Bare Drive.7200 RPM 256MB CacheSATA 6.0Gb/sEnterprise NAS Hard Drives[/shortdesc][additional]GENERALInterfaceSATA 6Gb/sBytes per Sector512Buffer Size256MBWeight23.98 ozManufacturerSeagate TechnologyMISCELLANEOUSMTBF1200000 secINTERFACE PROVIDEDQty1Storage InterfaceSerial ATA-600EXPANSION & CONNECTIVITYInterfaces1 x SATA 6 Gb/sHARD DRIVEForm Factor3.5""Spindle Speed7200 rpmFeatures24x7 availability, AgileArray, Hot-Plug Support, rotation vibration sensorHard Drive Typeinternal hard driveForm Factor (Short)3.5""Form Factor (metric)8.9 cmForm Factor (Short) (metric)8.9 cmStorage InterfaceSerial ATA-600InterfaceSerial ATA-600Average Latency4.16 msData Transfer Rate600 MBpsInternal Data Rate214 MBpsBuffer Size256MBBytes per Sector512 HzNon-Recoverable Errors1 per 10^15PERFORMANCEInternal Data Rate214 MBpsDrive Transfer Rate600 MBps (external)Average Latency4.16 msSpindle Speed7200 rpmENVIRONMENTAL PARAMETERSMin Storage Temperature-40 ¡ãFMax Storage Temperature158 ¡ãFMin Operating Temperature41 ¡ãFMax Operating Temperature140 ¡ãFHEADERBrandSeagateProduct LineSeagate IronWolf ProModelST4000NE0025Packaged Quantity1CompatibilityPCBundled withSeagate Rescue Data RecoveryPOWER CONSUMPTIONModeactive, idle, sleep, standbyValue0.8 Watt, 6 Watt, 6.7 WattDIMENSIONS & WEIGHTWidth4 inDepth5.8 inHeight1 inWeight23.98 ozSERVICE & SUPPORTType5 years warrantySERVICE & SUPPORT DETAILSService Includeddata recoveryFull Contract Period2 years, 5 yearsTypeinsurance, limited warrantySHOCK & VIBRATION TOLERANCEShock Acceleration (Operating)70 gShock Duration (Operating)2 msShock Acceleration (Non-operating)300 gShock Duration (Non-operating)2 msVibration Acceleration (Non-operating)5 gVibration Frequency Range (Non-operating)10-500 HzRELIABILITYNon-Recoverable Errors1 per 10^15MTBF1,200,000 hoursGENERALManufacturerSeagate Technology[/additional]Tough, ready and scalable, Seagate IronWolf Pro drives (up to 10TB) come with AgileArray technology focusing on drive balance, RAID optimization with error recovery control, and power management on NAS enclosures.You also have Rescue Data Recovery service for that extra peace of mind your digital assets can appreciate. Optimized for 1-to-16-bay NAS enclosures for creative pro and small- to medium-sized enterprise enclosures, IronWolf Pro drives are enhanced with AgileArray technology and Rotational Vibration (RV) sensors.",191.33,USD,84984,84984,False
21521091,,"High Roller II Tire - 29 x 2.3, Tubeless, Folding, Black, Dual, EXO",,59.00,USD,1496586,1496586,False
62172007,Corsair,Corsair ML Series ML140 PRO LED Premium Magnetic Levitation,,284,SEK,387671,387671,False
72470859,,Ubiquiti UniFi Video Camera G3 1080P 802.3af IP CCTV UVC-G3-BULLET (No PoE Injector),"UVC-G3-BULLET (Previously UVC-G3-AF) - Ubiquiti UniFi Video Camera G3The UniFI Video Camera G3 AF features a 4-Megapixel HDR Sensor offering clear 1080p full HD video resolution. It can be mounted indoors or outdoors on its new flexible ball joint mount, giving 3-axis adjustment. The camera has infrared LEDs with an automatic IR cut filter for day...",141.60,GBP,192122,192122,False
49634763,Seagate,"Seagate IronWolf Pro ST16000NE000 - Hard drive - 16 TB - internal - 3.5"" - SATA 6Gb/s - 7200 rpm - buffer_ 256 MB - with 2 years Rescue Data Recovery Service Plan",Product InformationShow more;,507.97,EUR,40783,40783,False
55696124,Epson,Epson Premium Glossy Photo Paper A4 2x15 Bl. 255g,,14.52,EUR,1601212,1601212,False
51060838,,Monochrome Ribbon Zebra ZXP Series 1 Load-N-Go - K - 1000 prints,Monochrome Ribbon Black monochrome ribbon Cleaning roller included 1000 prints per roll Zebra Monochrome Ribbon is for use with ZXP Series 1 card printers,0.00,USD,1542544,1542544,False
94045872,,Seagate IronWolf Pro 8 To,"Disque dur 3.5"" - 7200 tpm - 256 Mo - SATA III - Bulk",289.99,EUR,1578824,1578824,False
60241463,,Epson Premium Glossy Photo Paper - 30 Sheets,Epson Premium Glossy Photo Paper - 30 Sheets,10.36,GBP,157548,157548,False
44443479,Audemars Piguet,Audemars Piguet Royal Oak Offshore Selfwinding Chronograph Watch - 26470OR.OO.1000OR.02,"42 mm 18K pink gold case, 14.6 mm thick, glareproofed sapphire crystal back, black ceramic pushpieces and screw-locked crown, glareproofed sapphire crystal, grey ruthenium-toned dial with M¨¦ga Tapisserie pattern, ivory-toned counters, pink gold-toned Arabic numerals with beige luminescent coating, pink gold Royal Oak hands with beige luminescent coating, grey ruthenium-toned inner bezel, Calibre 3126/3840 selfwinding movement with chronograph, hours, minutes, small seconds, date, approximately 50 hours of power reserve, 18K pink gold bracelet, AP folding buckle. Water resistant to 100 meters.",60465.00,USD,14143134,14143134,False
10133100,Corsair,Corsair Carbide Series Spec-01,,649,SEK,195552,195552,False
48448790,Corsair,Corsair Air ML140 PRO MAGNETIC 140mm LED blue 4-pin,Corsair Air ML140 PRO MAGNETIC 140mm LED blue 4-pin,0,,509638,509638,False
42270052,Focus Bikes,HIGH ROLLER II27.5x2.50 WT AR 3CT/EXO/TR,,189999.0,COP,729259,729259,False
21548544,,Zebra 800015-101 Black (K) Resin Monochrome Ribbon - 1000 Prints,"Black Monochrome Resin Ribbon -1000 prints/rollMonochrome (Single Color) ribbons are used primarily for line art, text and barcodes.The Zebra 800015-101 Black Resin Ribbon is a Monochrome (single-color) ribbon.Monochrome ribbons are used primarily for line art, text and barcodes. A cleaning roll is also included.Watch a Video Preview of This RIbbon:Additional InformationBlack Resin Monochrome1000 prints/rollIncludes cleaning roller For single sided card printingSingle card $.01 per PrintSupported Printers:Zebra P300Zebra P300FZebra P310FZebra P310iZebra P310CZebra P320iZebra P330iZebra P330mZebra P400Zebra P420CZebra P420iZebra P430iZebra P500Zebra P520CZebra P520iZebra P600Zebra P720C Zebra ribbons are printer specific. To maximize card quality and your Zebra printer's life expectancy and durability, use only genuine Zebra ribbons.",13.18,USD,5836450,5836450,False
39520289,,"GeForce? GTX 1660 SUPER? Phoenix OC PH-GTX1660S-O6G, 1530 - 1830MHz, 6GB GDDR6, Graphics Card","ASUS Phoenix GeForce? GTX 1660 SUPER? OC edition 6GB GDDR6 (PH-GTX1660S-O6G). Packs a Punch. The ASUS Phoenix GeForce? GTX 1660 SUPER? is a high definition powerhouse packed into a compact layout. It boasts a large single fan with a Wing-blade design that has trickled down from top tier cards. This gives the Phoenix a performance boost over the competition, while keeping its size small enough to be compatible with most modern chassis. Just like its namesake, the Phoenix also boasts a long lifespan with features like IP5X dust resistance, dual ball fan bearings, and Auto-Extreme Technology. If you're looking for a nimble sidekick that will keep pushing pixels for years to come, the Phoenix is your beast.",248.57,USD,137125,137125,False
81572383,Corsair,Corsair Wentylator Air ML140 MAGNETIC 140mmTwin Pack,Corsair Wentylator Air ML140 MAGNETIC 140mmTwin Pack,0,,456079,456079,False
93112579,,Buy Quality Replica Audemars Piguet Royal Oak Chronograph White Dail Watch 26331ST.OO.1220ST.03,Quality AAA Replica Audemars Piguet Royal Oak Chronograph White Dail Watch 26331ST.OO.1220ST.03 from online store for sale.,,,607611,607611,False
96232718,,ADATA 1TB M.2 PCIe NVMe XPG SX6000 Lite,,529,PLN,89058,89058,False
64327465,Shimano,Shimano Catena deore xt/xtr/slx hg95 10v. 116l,CATENA DEORE-XT HG95 10V.,25.90,EUR,107440,107440,False
20944802,,"ASUS PHOENIX GTX 1660S OC - 6GB,1XFAN,1XHDMI,1XDP",,6356.60,ZAR,137125,137125,False
50794404,,"Western Digital Externy disk 2.5"" My Passport 1TB USB 3.0",,65.10,,283756,283756,False
94141377,,ML Pro RGB 140 Single,"Fan, 140mm, LED RGB, PWM, 55.4CFM, 1.8mmH20, 20.4dB, 400 - 1200RPM, Single Pack",47.92,EUR,264505,264505,False
12422845,WD,WD My Passport 4TB External Portable Hard Drive/HDD - Black,"4TB WD My Passport WDBPKJ0040BBK-WESN, Portable External HDD, USB 3.2 Gen1, Bus Powered, Black",99.98,GBP,1939560,1939560,False
25536211,,"1TB, M.2, 2280 PCIe Gen3x2, SSD, SX6000NP Lite","1TB, M.2, 2280 PCIe Gen3x2, SSD, SX6000NP LitePlanning to replace your SATA SSD? Then look no further than the SX6000 Lite PCIe Gen3x4 M.2 2280 SSD. With support for NVMe 1.3, equipped with 3D NAND Flash, and with a capacity of up to 1TB, the SX6000 Lite is a great upgrade choice. With HMB (Host Memory Buffer) and SLC Caching, the SX6000 Lite speeds up reading and writing speeds of up to 1800/1200 MB / s and delivers random performance of up to 220 K / 200 K IOPS. Whether it is about starting up, gaming or transferring large files, the SX6000 Lite does this quickly and effectively",103.68,EUR,89058,89058,False
64714684,,Ubiquiti UniFi Protect 4K IP Video Camera CCTV IP67 Optical Zoom - UVC-G4-PRO (No PoE Injector),"Capture every last detail in stunning 4K resolution with the Ubiquiti UniFi Protect G4-PRO camera. The G4-PRO is Ubiquiti's most powerful camera to date, featuring a large 1/2 image sensor, 3X powered optical zoom lens and integrated high-power infrared LEDs for long range night vision performance.The G4-PROs IP67 ingress rating, -20 - 50C temper...",480.00,GBP,788533,788533,False
91661707,,ZEBRA 800011-101 BLACK RIBBON (1000 PRINTS),"The Zebra 800011-101 black ribbon utilises an outstanding thermal printer ribbon technology to guarantee sharp text and accurate barcodes. This ribbon has a biodegrade core, making it an excellent choice for eco-friendly businesses or organisations. Please note this ribbon is only compatible with the Zebra ZXP Series 1 card printer. 1,000 prints per roll Black monochrome ribbon Use genuine Zebra products only to ensure quality performanceManufacturer part number: 800011-101",12.65,GBP,1542544,1542544,False
31292975,Zebra,Zebra Black Resin Monochrome Ribbon - 1000 Images,Black Resin Monochrome Ribbon - 1000 ImagesMfr Code: 800015-101More Info,,,5836450,5836450,False
81706446,Shimano,Shimano Chain CN-HG95 10 Speed MTB,"The HG95 is Shimano's new 2014 XT-level chain specifically designed to work with the Dyna-Sys 10 speed MTB drivetrain. Shimano developed Dyna-Sys with the goal of increasing rider efficiency. This means closer ratios, smoother shifts, and a more stable pedal stroke. The new surface treatment technology on inner and outer link plates lowers friction and increases grease keeping capability for smoother shifts and longer service life.This chain is directional for maximum shifting performance, for use with Dyna-Sys cassettes only.Features:New surface treatment technology on inner and outer link platesInner and outer plates have an asymmetrical design for optimum front and rear shiftingNew design has better mud-shedding capabilities than current chainsDirectional chain (install with the logos outside)Durability thanks to Zinc-alloy platingFor use with 10 speed Shimano Dyna-Sys drivetrains only, not for road useUses standard connecting pins116 Links",70.00,AUD,107440,107440,False
92606788,,Crucial 2TB MX500 2.5inch SATA3 SSD (CT2000MX500SSD1) (Warranty 5years with Local Distributor),Warranty : 5 Years with Local Distributor - Convergent,379.00,SGD,70841,70841,False
61927744,,"APC Smart-UPS RT RM, 20kVA/16kW, On-Line, 1:1/3:1, 12U, Web/SNMP Card, COM, RJ-45, SmartSlot (SURT20KRMXLI)",",.,Smart-UPS.( , USBEthernet).Powerchute Network Shutdown,..",1156710,RUB,280415,280415,False
88590170,Maxxis,Maxxis High Roller II Dual Compound Tire (EXO/TR) (29 x 2.30) (Folding),"An open and aggressive tread design gives the High Roller II excellent soil penetration and mud-clearing ability. A square profile provides a solid, consistent feel across the knobs. Modified knobs on the shoulder and center improve braking performance and traction on hard surfaces. An excellent choice for technical, loose terrain. The High Roller II is available in trail, enduro, and downhill specs.The most important part of a tire is arguably the rubber compound used to within the tread and with Maxxis's Dual Compound you get two compounds that offer low rolling resistance and increased cornering grip. Features:EXO: Extremely cut-resistant and abrasion resistant material layer added to sidewallsTR: Tubeless Ready for increased traction and lower rolling resistanceDUAL: Two compounds used within the tread of select tires to offer lower rolling resistance and increased cornering gripWeight:27.5 x 2.30 (EXO/TR): 845g29 x 2.30 (EXO/TR): 895g This product was added to our catalog on January 20, 2020",61.00,USD,1496586,1496586,False
85881145,,Maxxis Tire High Roller II EXO/TR Foldable 27.5x2.30,"An open and aggressive tread design gives the High Roller II excellent soil penetration and mud-clearing ability. A square profile provides a solid, consistent feel across the knobs. Modified knobs on the shoulder and center improve braking performance and traction on hard surfaces. An excellent choice for technical, loose terrain. The High Roller II is available in trail, enduro, and downhill specs.",,,627344,627344,False
21427070,Apple,Apple Airpods Pro with Wireless Charging Case,,275.00,KYD,1563974,1563974,False
55529309,,"1 TB WD My Passport, 2.5"", USB 3.0, WD Backup - R?d",,849.00,SEK,2807367,2807367,False
32711456,,JABRA EVOLVE 40 UC Mono USB Corded Headset with 3.5mm Jack - Over-the-head - Supra-aural - Unified Communications,"Professional headset for greater productivity and amazing sound for calls and musicIntegrated busylightAmazing soundConnect using USB or 3.5 mm jackFor better conversationsJabra EVOLVE is designed to give you better conversations with a world-class microphone and speakers that are optimised for voice and music.Jabra Intelligent Call Transfer.Easily transfer your Skype for Business and Lync pc calls to your smartphone using ¡°Jabra Intelligent call transfer (JICT)¡±. Ideal for when you need to head out the office door or move away from your desk.3.5 mm jack for better connectivityThe 3.5 mm jack lets you connect to your personal device ¨C such as a smartphone or tablet ¨C to work or listen to music wherever you are.Busy lightBusy light automatically turns on during a call to let others know the person is busy. Users can also activate it manually to signal that they don¡¯t want to be disturbed.Passive Noise-CancellationSimply wear the headset to eliminate high-frequency noise, such as human voices ¨C all thanks to the specially designed ear cushions. We call this ¡°passive noise-cancellation¡±.",119,AUD,5313,5313,False
70833173,Seagate,"HDD: 4 Tb (3.5"") 7200 Seagate IronWolf Pro SATA III 128Mb (ST4000NE001)",,,,1102119,1102119,False
13081926,Maxxis,Maxxis High Roller II Dual Compound Tire (EXO/TR) (27.5 x 2.30) (Folding),"An open and aggressive tread design gives the High Roller II excellent soil penetration and mud-clearing ability. A square profile provides a solid, consistent feel across the knobs. Modified knobs on the shoulder and center improve braking performance and traction on hard surfaces. An excellent choice for technical, loose terrain. The High Roller II is available in trail, enduro, and downhill specs.The most important part of a tire is arguably the rubber compound used to within the tread and with Maxxis's Dual Compound you get two compounds that offer low rolling resistance and increased cornering grip. Features:EXO: Extremely cut-resistant and abrasion resistant material layer added to sidewallsTR: Tubeless Ready for increased traction and lower rolling resistanceDUAL: Two compounds used within the tread of select tires to offer lower rolling resistance and increased cornering gripWeight:27.5 x 2.30 (EXO/TR): 845g29 x 2.30 (EXO/TR): 895g This product was added to our catalog on December 16, 2014",61.00,USD,627344,627344,False
43274976,,SANDISK 128GB CZ880 EXTREME PRO USB3.1 SSD FLASH DRIVE (SDCZ880-128G-G46)-WRTY LTD LIFETIME W/DISTRIBUTOR,Warranty : Ltd Lifetime with Local Distributor - Convergent,64.00,SGD,79238,79238,False
50012636,,13x18cm Premium Glossy Photo Paper 255 g (30) - Gold,Paper dimensions : 13x18 cmPackage dimensions (W x D x H) : 181 x 132 x 12Package weight : 220 gMedia sheets per package : 30Type finish : gloss,150.83,SEK,157548,157548,False
12748766,,Catalyst 2960 Plus-48TC-L,"The Cisco? Catalyst? 2960-Plus Series Switches are fixed-configuration Fast Ethernet switches (Figure 1) that provide enterprise-class Layer 2 switching for branch offices, conventional workspaces, and infrastructure applications. They enable reliable and secure operations with lower total cost of ownership through a range of Cisco IOS? software features, including Cisco Catalyst SmartOperations. For more detail: https://www.cisco.com/c/en/us/support/switches/catalyst-2960-plus-48tc-l-switch/model.html",17982.22,HKD,3739198,3739198,False
76436896,Corsair,Corsair Fan ML140 RGB LED PWM Single Pack Magnetic Levitation,Corsair Fan ML140 RGB LED PWM Single Pack Magnetic Levitation,0,,264505,264505,False
79709520,Audemars Piguet,Audemars Piguet Royal Oak Chronograph Black Dial 41mm Steel,This Pre-Owned Timepiece has been authenticated by our licensed and certified pre-owned watch technician. The movement and casing is true to the condition of which you see in the photo.,82499.550001,AED,31594,31594,False
98249213,,"Crucial SSD MX500 2.5"" 2TB SATA III 3D Nand 7mm","Crucial MX500 CT2000MX500SSD1(Z) 2 TB (3D NAND, SATA, 2.5 Inch, Internal SSD)",206.97,EUR,70841,70841,False
66728745,,Disco Port¨¢til My Passport Western Digital 1TB WDBYNN0010BRD-WESN,,58405,CLP,2807367,2807367,False
29524431,,"Seagate Ironwolf Pro 8TB Nas HDD 7200rpm SATA 6Gb/s 256MB 3,5""","IronWolf? Pro is designed for everything business NAS. Get used totough, ready, and scalable 24¡Á7 performance that can handle multi-drive environments across a wide range of capacities. Laitteen tyyppi: Kiintolevyasema - sis?inen Muistin koko: 8 Tt Koko tai muoto: 3.5"" Liit?nt?: SATA...",299.00,EUR,1578824,1578824,False
47887901,,"Apple AirPods (2nd Generation) Bluetooth Earbuds w/ Wireless Charging Case, White (MRXJ2AM/A)","Staples.com: Apple AirPods MRXJ2AM/A In the Ear Bluetooth Earbuds, White with fast and free shipping on select orders.",199,USD,1994510,1994510,False
83455425,UBIQUITI,Ubiquiti UVC-G3-FLEX UniFi Video Flex Manually Adjustable 1080p PoE Indoor/Outdoor IP Camera (3 Pack),Ubiquiti UVC-G3-FLEX-3 UniFi Video Flex PTZ 1080p PoE Indoor/Outdoor IP Camera (3 Pack),195.91,GBP,266703,266703,False
98604797,Audemars Piguet,Audemars Piguet Royal Oak Chronograph Watch - 26331ST.OO.1220ST.02,"41mm stainless steel case, 11mm thick, screw-locked crown, glareproofed sapphire crystal, black dial with ""Grande Tapisserie"" pattern, silver-toned counters, white gold applied hour-markers and Royal Oak hands with luminescent coating, Calibre 2385 self-winding movement with chronograph, hours, minutes, small seconds, date, approximately 40 hours of power reserve, stainless steel bracelet, AP folding buckle. Water resistant to 50 meters.",32395.00,USD,31594,31594,False
39023980,,Maxxis Highroller II Black Fold/120 x 2 3C/Terra/DD/TR/WT Tires,"An open and aggressive tread design gives the High Roller II excellent soil penetration and mud-clearing ability. A square profile provides a solid, consistent feel across the knobs. Modified knobs on the shoulder and center improve braking performance and traction on hard surfaces. An excellent choice for technical, freeride terrain.Features Include:Open, mud clearing tread design with ramped center knobs and aggressive shoulder knobs provide ample bite on loose soil and in corners TERRA - 3C Maxx Terra is softer and offers more traction than 3C Maxx Speed, yet provides better treadwear and less rolling resistance than Maxx Grip DD - Double Down construction features two full 120 TPI casing layers reinforced with a butyl insert TR - Tubeless Ready - sealant required WT - Wide Track casing optimized for rims over 35mm internal widthOpen, mud clearing tread design with ramped center knobs and aggressive shoulder knobs provide ample bite on loose soil and in corners TERRA - 3C Maxx Terra is softer and offers more traction than 3C Maxx Speed, yet provides better treadwear and less rolling resistance than Maxx Grip DD - Double Down construction features two full 120 TPI casing layers reinforced with a butyl insert TR - Tubeless Ready - sealant required WT - Wide Track casing optimized for rims over 35mm internal width",9.0E1,USD,1702430,1702430,False
39605243,,Cisco Catalyst 2960-24TT-L,2x RJ45 1Gbit,,,520988,520988,False
48451550,Ubiquiti,UniFi Video Camera G3 IR 1080 HD Bullet,,311.90,AUD,192122,192122,False
40331344,,Ubiquiti UniFi Video Camera G3-BULLET Infrared IR 1080P HD Video 3 pack,Ubiquiti UniFi Video Camera G3-BULLET Infrared IR 1080P HD Video 3 pack,657.80,AUD,64482,64482,False
14575813,,Zebra (Eltron) Black (kdo) Ribbon C Series & I Series - 1500 Images,"The 800015-301 Zebra (Eltron) Black (KdO) Ribbon - 1500 Images per roll for your C Series and I series Zebra ID Card printer. Zebra card printers require specialized Zebra ribbon to function properly. To maximize printed card quality and printer durability, use only genuine Zebra ribbons. was developed by Zebra. Zebra specalizes in developing premium products. All ID Focuse on sourcing the most reliable products. This product was sourced by All ID because it is one of the top rated products developed by Zebra.800015-301 Zebra (Eltron) Black (KdO) Ribbon - 1500 Images per roll for your C Series and I series Zebra ID Card printer. Zebra card printers require specialized Zebra ribbon to function properly. To maximize printed card quality and printer durability, use only genuine Zebra ribbons. Zebra (Eltron) Black (K) Resin Ribbon - 1500 Images - C Series & i Series Description Zebra Black Monochrome RibbonBlack (K) monochrome resin ribbon 1500 images Includes cleaning roller For use with the following Zebra card printers:P310F P310i P310C P320i P330i P330m P420C P420i P430i P520C P520i P720CNote: Zebra card printers require specialized Zebra ribbon to function properly. To maximize printed card quality and printer durability, use only genuine Zebra ribbons.",14.95,USD,183681,183681,False
39769871,,Black / 29 inch / 60 TPI 2-Ply Foldable | 3CG / DH / TR,Maxxis Minion DHR II | 29 inch x 2.40 WT distributed by www.rushsports.co.za SKU: ETB00112200 Category: Tyres & Tubes Vendor: Maxxis,659.95,ZAR,319607,319607,False
86558249,,Apple AirPods with Charging Case - (Brand New),"Version: 2nd Generation (2019 release) with charging case.Colour: WhiteIncludes 2 Apple Airpods, charging case and USB cable.Condition: Brand new and sealed in Apple retail packaging.Features:Quick access to Siri by saying ¡°Hey Siri¡± or setting up double-tapDesigned by AppleDouble-tap to play or skip forwardCharges quickly in the caseSeamless switching between devicesAll electronics at Major Mobile UK are backed with a 2 year warranty!Our phones and accessories are brand new in original retail packaging with all original accessories included.We are currently offering FREE UK delivery on all orders!This takes 3-5 days. Need it quicker? At checkout you will have the option to select 1-3 day delivery for an extra ¡ê10. All orders are sent with full tracking and will require a signature.",129.00,GBP,767259,767259,False
22650533,,Corsair Crystal Series 680X White CC-9011169-WW,,1169,PLN,28019,28019,False
36019341,,Unifi Video Camera Micro G3,"Unifi Video Camera Micro, G3",264.99,CAD,591042,591042,False
21581881,,"WS-C2960X-24PD-LCatalyst 2960-X 24 GigE PoE 370W, 2 x 10G SFP+, LAN Base",,1363.00,EUR,1412234,1412234,False
16009557,,Jabra EVOLVE 40 UC Mono headset,"Corded mono headset for VoIP softphone, mobile phone and tablet. USB adapter with 3.5 mm jack integrated into the phone and tablet control unit allows you to easily connect your headset to your PC, smartphone and tablet.Busy light signals user availability.Microphone boom arm can be integrated into the headband when not on a call or simply listening to music.Leatherette ear cushions.Soft pouch included.",63.68,EUR,5313,5313,False
157978,,"Zebra 800015-301 Black Monochrome Ribbon - K - 1,500 prints","Zebra 800015-301 Resin Black (""K"") ribbons are monochrome (1-color) ribbons.Zebra 800015-301 black monochrome ribbons are primarily used for printing text and one-color line art on one or both sides of a card.Note: Black resin is needed to print readable barcodes.To maintain your Zebra card printer's warranty, genuine Zebra ribbons must be used. As an authorized Zebra Solution provider, ID Wholesaler only sells Genuine Zebra 800015-301 Black Monochrome Ribbon.ID Wholesaler offers a low price guarantee on black monochrome Zebra 800015-301 ribbon.Did you know that Zebra 800015-301 monochrome ribbons have a shelf life?When stored under proper conditions, Zebra 800015-301 black ribbons typically have a shelf life of up to one year. Ribbons that are more than one year old, and improperly stored, will not print optimally and will likely end up costing more money and time in maintenance and in reprinting cards.ID Wholesaler is an authorized Zebra reseller specializing in ID card printing products. We guarantee that our 800015-301 black monochrome ribbons are genuine Zebra ribbons, are stored properly, and are always 'fresh'.",16,USD,183681,183681,False
12113649,,Ubiquiti UniFi Video Camera G3 BULLET 3-pack UVC-G3-BULLET-3 Ubiquiti,,370.00,EUR,64482,64482,False
12225450,Logitech,Logitech H151 Stereo Headset with Mic,Logitech H151 Stereo Headset with Mic,25.00,KYD,24792,24792,False
51982574,,Catalyst 2960 24 10/100 + 2 1000BT LAN Base,Catalyst 2960 24 10/100 + 2 1000BT LAN Base,,,520988,520988,False
5563597,,Lezyne Alloy Floor Drive 3.5 Floor Pump Abs-1 Pro Chuck,"* High-pressure floor pump* Oversized 85 mm (3.5 in.) gauge* Accurate at both low and high pressure* CNC-machined aluminum barrel and base, steel piston, aluminum and varnished wood handle* Presta and Schrader compatible with out flipping the chuck* Anodized, high polish finish* Max pressure: 220 psi / 15 bar* Head: ABS-1 Pro",79.99,USD,2652823,2652823,True
69062083,,"RAM Tab-Tite? Cradle for 9""-10.5"" Tablets (RAM-HOL-TAB20U)","Included:1 x RAM Tab-Tite? Cradle for 9""-10.5"" Tablets (RAM-HOL-TAB20U)TheRAM-HOL-TAB20Uis a RAM cradle for many different tablets including the iPad Air & iPad (7th Generation) with Case. (See 'Compatibility' tab below for other devices).This spring loaded design makes it easy to load and unload your tablet, all whilekeeping it secure on the go. Cup ends are designed to optimize the functionality of your tablet, allowing access to audio jacks, USB, power, and other ports, your tablet can be used just as it was intended.Also included is a set offour nuts and bolts to connect the cradle to any other RAM Mounts component that has the universal AMPs hole pattern (eg. RAM-B-202U or RAM-202U)Cradle Dimensions:Height: 9.5"" to 12.125"" (241mm to307mm)Width: 6.55"" to 7.43"" (166mm to 189mm)Depth: 0.3"" to 0.875"" (7.6mm to 22.2mm)For a lockable version of this cradle, see the RAM-HOL-TABL20U.SpecsLifetime warrantyMade in U.S.A.Material:High Strength CompositeSupport cups contain open slots to accommodate for devices of various sizes, including tablets in protective sleevesBack plate can support various size support cupsSpring loaded tension provides secure support for your tabletSpring loaded cradle allows for quick release of your tabletFull access to all portsHigh strength materials maximize longevity of cradleCompatibilityExamples of compatible devices:Apple iPad (5th Generation) with CaseApple iPad (6th Generation) with CaseApple iPad (7th Generation) with CaseApple iPad 9.7 (2017) with CaseApple iPad 9.7 (2018) with CaseApple iPad Air with CaseApple iPad Air 2 with CaseApple iPad Pro 10.5 (2nd Generation) with CaseASUS ZenPad 10 with CaseASUS ZenPad 3S 10 with CaseASUS ZenPad Z10 with CaseHuawei MediaPad M2 10.0 with CaseLenovo Tab 2 A10-70 with CaseLenovo Tab 4 10 with CaseLenovo Tab 4 10 Plus with CaseLenovo Tab3 10 Business with CaseLenovo Yoga Tab 3 10 with CaseLG G Pad 10.1 with CaseLG G Pad II 10.1 with CaseLG G Pad X 10.1 with CaseLG G Pad X II 10.1 with CaseSamsung Galaxy Tab 10.1 with CaseSamsung Galaxy Tab 3 10.1 with CaseSamsung Galaxy Tab 8.9 with CaseSamsung Galaxy Tab A 9.7 with CaseSamsung Galaxy Tab A 10.5 with CaseSamsung Galaxy Tab E 9.6 with CaseSamsung Galaxy Tab Pro 10.1 with CaseSamsung Galaxy Tab S2 9.7 with CaseSamsung Galaxy Tab S4 10.5 with CaseSony Xperia Tablet Z with Caseor any tablet that fits the dimensions below:Cradle Dimensions:Height: 9.5"" to 12.125""Width: 6.55"" to 7.43""Depth: 0.3"" to 0.875""It is important to verify the dimensions of your tablet when determining the overall size.NOTE:For a more snug fit, i.e. for an iPad air WITHOUT A CASE, you may prefer the RAM-HOL-AP17U or the X-Grip model RAM-HOL-UN9U.HelpTab-Tite Assembly Guide",48.15,AUD,515241,515241,True
74111438,Lezyne,Lezyne Pressure Overdrive Floor Pump (Black),"Oversized aluminum barrel with steel piston floor pump. Accurate gauge and extra-long, high strength, oversized hose with ABS1 Pro Flip-Thread Chuck.Features:Ideally suited for tubelesss tires that require a strong blast of compressed airDurable shop floor pump for regular tires alsoWill handle pressure up to 220psi and built in safety release to prevent over inflationABS1 Pro Flip-Head chuck quickly flips between Presta and Schrader valves and features internal valve core tool for removing and tightening cores for tubeless systems Specs:ColorBlackDefined ColorBlackPSI220Valve CompatibilityPresta and SchraderHigh Volume PumpYesIncludes GaugeYesThis product was added to our catalog on April 19, 2019",139.99,USD,364509,364509,True
56698149,Epson,Epson Ultra Glossy Photo Paper,,2150,EUR,1711754,1711754,True
58579542,,"RAM ¦¢¦¡¦²¦§7""-8'' TABLETS WITH HEAVY DUTY CASE",,33.00,EUR,666712,666712,True
31807881,Cisco,"Cisco Catalyst 2960-XR | WS-C2960XR-24PS-I Catalyst 2960XR 24 port 10/100/1000 PoE+ 370W, 4 x 1G SFP, IP Lite","WS-C2960XR-24PS-I | Catalyst 2960XR 24 port 10/100/1000 PoE+ 370W, 4 x 1G SFP, IP Lite",76000,THB,6710706,6710706,True
32297124,,Dutch Doobadoo - Dutch Card Art - Sneeuwbol,,4.75,EUR,723055,723055,True
93750350,,RAM halda fyrir Apple iPad Air 1-2 ¨ª hulstri,"Get the most out of your tablet with the RAM Tab-Tite? spring loaded, quick release cradle. With interchangeable cup ends, you can fit the cradle to your tablet for a near custom fit. This spring loaded design makes it easy to load and unload your tablet, along with keeping it secure while on the go. Cup ends are designed to optimize the functionality of your tablet, allowing access to audio jacks, usb, power, and other ports, your tablet can be used just as it was intended. Perfect for stationary or on the go applications, this new RAM product is just what you need to get the most out of your tablet. Included is a set of four nuts and bolts to connect the cradle to any RAM components or mounts that contain the universal AMPs hole pattern.",6900,ISK,515241,515241,True
31981847,,Dutch Doobadoo Dutch Card Art Stencil Window A4,,4.95,EUR,57410519,57410519,True
10218816,zebra,Zebra iSeries Black Ribbon 800014-901,,,,1093342,1093342,True
81156834,Lezyne,Lezyne Lezyne Classic Floor Drive,,69.99,USD,539285,539285,True
59622337,Lezyne,Lezyne vertical air pump CNC Digital Drive silver-glossy,"The ultimate, professional digital standpump. This gives you the perfect tire pressure for every condition.The ultimate free-air pump with digital display, as used by the professionals. Full CNC machined aluminum construction. Extremely accurate digital display. Extra long, nylon-reinforced hose with aluminum couplings. Robust, anodised high-gloss finish. Pump attachment ABS 1 PROProperties:- Standpump CNC Digital Drive- Maximum pressure: 220 psi / 15 bar- Pressure display: Digital- Material: aluminum- ABS-1 PRO Chuck Valve attachment- Scope of delivery: Ball and Bladder adapter- Size: 63.5 cm- Weight: 1.45 kg Related links to ""Lezyne vertical air pump CNC Digital Drive silver-glossy"" Further products by Lezyne Evaluations 0 Read, write and discuss reviews... more Close menu Customer evaluation for ""Lezyne vertical air pump CNC Digital Drive silver-glossy"" Write an evaluation Evaluations will be activated after verification. 10 excellent 9 8 7 6 5 4 3 2 1 very poor Please enter these characters in the following text field. The fields marked with * are required. Save Similar products Customers also bought Customers also viewed Similar products Blackburn AirTower 1 Dunlop orange 34.99 * 24.28 * Birzman Floor Pump Maha Apogee MTBII 120PSI - silver 49.90 * 35.19 * Lezyne CNC Digital Drive stand air pump shiny-black 129.95 * 94.10 * Customers also bought Customers also viewed Lezyne Floor Pump Shop Floor Drive Black 99.95 * 87.17 * Lezyne standing air pump Digital Over Drive silver glossy 99.95 * 84.00 * Lezyne CNC Digital Drive stand air pump shiny-black 129.95 * 94.10 * Lezyne Floor Pump Shop Floor Drive silber 99.95 * 87.19 * Lezyne floor standing pump Alloy Floor Drive Tall silver glossy 79.95 * 67.15 * Lezyne standing air pump Alloy Special Edition Dual 64.95 * 54.06 * Lezyne floor standing pump CNC Floor Drive silver glossy 99.95 * 96.26 * Lezyne floor standing pump CNC Floor Drive black glossy 99.95 * 84.14 * Lezyne vertical air pump Alloy Digital Drive silver-glossy 99.95 * 84.02 * Lezyne vertical air pump CNC Digital Drive black-glossy 119.96 * 100.12 * Topeak TubiBooster X Hose Kit 44.04 * Topeak JoeBlow Sport 2Stage 79.99 * Topeak JoeBlow Sport Digital 69.96 * Lezyne ABS Flip Thread Chuck Valve Swivel 12.95 * Lezyne floor pump Macro Floor Drive DV silver 35.09 * Lezyne floor pump Steel Digital Drive silver 79.95 * 69.28 * Lezyne floor pump Steel Floor Drive shiny silver 54.95 * 48.57 * Lezyne ABS-1 Pro HV Chuck Pump Head 17.98 * Lezyne Mini Pump CNC Micro Floor Drive Digital HPG black-glossy 84.95 * 73.99 * Lezyne floor pump Sport Floor Drive MY19 glossy silver 44.95 * 39.75 * Lezyne standing air pump Pressure Over Drive black glossy 139.95 * 117.24 * Lezyne floor standing pump Macro Floor Drive DV white 34.95 * 33.04 * Lezyne Stand Alloy Pump Special Edition ABS Flip Thread Chuck 64.95 * 54.07 * Lezyne floor standing pump Classic Floor Drive white 64.95 * 54.28 * Lezyne floor standing air pump Alloy Floor Drive silver glossy 74.95 * 63.20 * Lezyne floor standing air pump Alloy Floor Drive black glossy 74.95 * 63.25 * Lezyne standing air pump Sport Digital Drive Silver metallic 69.95 * 58.21 * Lezyne standing air pump Sport Digital Drive matt black 69.95 * 58.05 * Lezyne floor standing pump Steel Digital Drive White shiny 79.95 * 67.18 * Lezyne standing air pump Alloy Digital Drive black-glossy 99.95 * 84.01 * Topeak JoeBlow Ace DX Floor Pump 94.10 * Topeak JoeBlow Max HP Silver Floor Pump 26.23 * Topeak Mini 10 Multi Tool 17.28 * Topeak Mini 9 Pro Mini Tool Silver 20.08 * Topeak JoeBlow Pro X Floor Pump 59.20 * Lezyne Sport Floor Drive stand air pump silver-metallic 49.95 * 39.98 * Lezyne Alloy Floor Drive stand air pump shiny black 79.95 * 63.14 * Lezyne Steel Digital Drive Stand Air Pump shiny-white 84.95 * 67.08 * Lezyne Sport Digital Drive Stand Air Pump silver-metallic 69.95 * 55.18 * Lezyne Steel Digital Drive Stand Air Pump matte black 84.95 * 67.13 * Viewed Service hotline Service & Support: +492394/2456800 info@actionsports.deMo-Fr: 9 AM - 5 PM Information Right to return Shipping Terms and Conditions About us Contact Privacy Cookie-Configuration Newsletter Subscribe to our newsletter and ensure that you will no longer miss any of our offers or news. Subscribe to newsletter Payment shipment Partners Become a fan * All prices incl. value added tax** within Germany, for pre-orders from availability date*** within Germany subject to credit assessment About us Contact Help / Support Payment Privacy Right to return Shipping Terms and Conditions Frame Size Calculator Cookie-Configuration Copyright ? Action Sports GmbH - All right reserved Price: 100.00 Weight: 0 g * Weight Tolerance +/-5% (without liablility) This website uses cookies, which are necessary for the technical operation of the website and are always set. Other cookies, which increase the usability of this website, serve for direct advertising or simplify interaction with other websites and social networks, will only be used with your consent. You can view and configure your cookie options and details here.Privacy Policy Accept all var _intedia_doofinder_layer = 2;var _intedia_doofinder_hash = '7fda7db6a6184a2f0e066b18e4ba3e10';var _intedia_doofinder_search_zone = 'eu1';var timeNow = 1601005662;var secureShop = true;var asyncCallbacks = [];document.asyncReady = function (callback) {asyncCallbacks.push(callback);};var controller = controller || {""vat_check_enabled"":"""",""vat_check_required"":"""",""register"":""https:\/\/www.actionsports.de\/en\/register"",""checkout"":""https:\/\/www.actionsports.de\/en\/checkout"",""ajax_search"":""https:\/\/www.actionsports.de\/en\/ajax_search"",""ajax_cart"":""https:\/\/www.actionsports.de\/en\/checkout\/ajaxCart"",""ajax_validate"":""https:\/\/www.actionsports.de\/en\/register"",""ajax_add_article"":""https:\/\/www.actionsports.de\/en\/checkout\/addArticle"",""ajax_listing"":""\/en\/widgets\/listing\/listingCount"",""ajax_cart_refresh"":""https:\/\/www.actionsports.de\/en\/checkout\/ajaxAmount"",""ajax_address_selection"":""https:\/\/www.actionsports.de\/en\/address\/ajaxSelection"",""ajax_address_editor"":""https:\/\/www.actionsports.de\/en\/address\/ajaxEditor""};var snippets = snippets || { ""noCookiesNotice"": ""We have detected that cookies are disabled in your browser. To be able to use Action\x20Sports in full range, we recommend activating Cookies in your browser."" };var themeConfig = themeConfig || {""offcanvasOverlayPage"":true};var lastSeenProductsConfig = lastSeenProductsConfig || {""baseUrl"":""\/en"",""shopId"":2,""noPicture"":""\/themes\/Frontend\/Responsive\/frontend\/_public\/src\/img\/no-picture.jpg"",""productLimit"":""5"",""currentArticle"":{""articleId"":28148,""linkDetailsRewritten"":""https:\/\/www.actionsports.de\/en\/lezyne-vertical-air-pump-cnc-digital-drive-silver-glossy-28148"",""articleName"":""Lezyne vertical air pump CNC Digital Drive silver-glossy"",""imageTitle"":"""",""images"":[{""source"":""https:\/\/www.actionsports.de\/media\/image\/34\/75\/78\/image_PU_LZ_0092_1_200x200.png"",""retinaSource"":null,""sourceSet"":""https:\/\/www.actionsports.de\/media\/image\/34\/75\/78\/image_PU_LZ_0092_1_200x200.png""},{""source"":""https:\/\/www.actionsports.de\/media\/image\/12\/d3\/e6\/image_PU_LZ_0092_1_600x600.png"",""retinaSource"":null,""sourceSet"":""https:\/\/www.actionsports.de\/media\/image\/12\/d3\/e6\/image_PU_LZ_0092_1_600x600.png""},{""source"":""https:\/\/www.actionsports.de\/media\/image\/d4\/b9\/d0\/image_PU_LZ_0092_1_1280x1280.png"",""retinaSource"":null,""sourceSet"":""https:\/\/www.actionsports.de\/media\/image\/d4\/b9\/d0\/image_PU_LZ_0092_1_1280x1280.png""}]}};var csrfConfig = csrfConfig || {""generateUrl"":""\/en\/csrftoken"",""basePath"":""\/"",""shopId"":2};var statisticDevices = [{ device: 'mobile', enter: 0, exit: 767 },{ device: 'tablet', enter: 768, exit: 1259 },{ device: 'desktop', enter: 1260, exit: 5160 }];var cookieRemoval = cookieRemoval || 1; var datePickerGlobalConfig = datePickerGlobalConfig || {locale: {weekdays: {shorthand: ['Sun', 'Mon', 'Tue', 'Wed', 'Thu', 'Fri', 'Sat'],longhand: ['Sunday', 'Monday', 'Tuesday', 'Wednesday', 'Thursday', 'Friday', 'Saturday']},months: {shorthand: ['Jan', 'Feb', 'Mar', 'Apr', 'May', 'Jun', 'Jul', 'Aug', 'Sep', 'Oct', 'Nov', 'Dec'],longhand: ['January', 'February', 'March', 'April', 'May', 'June', 'July', 'August', 'September', 'October', 'November', 'December']},firstDayOfWeek: 0,weekAbbreviation: 'Wk',rangeSeparator: ' to ',scrollTitle: 'Scroll to change',toggleTitle: 'Click to open',daysInMonth: [31, 28, 31, 30, 31, 30, 31, 31, 30, 31, 30, 31]},dateFormat: 'Y-m-d',timeFormat: ' H:i:S',altFormat: 'F j, Y',altTimeFormat: ' - H:i'}; /*** @returns { boolean }*/function hasCookiesAllowed () {if (window.cookieRemoval === 0) {return true;}if (window.cookieRemoval === 1) {if (document.cookie.indexOf('cookiePreferences') !== -1) {return true;}return document.cookie.indexOf('cookieDeclined') === -1;}/*** Must be cookieRemoval = 2, so only depends on existence of `allowCookie`*/return document.cookie.indexOf('allowCookie') !== -1;}/*** @returns { boolean }*/function isDeviceCookieAllowed () {var cookiesAllowed = hasCookiesAllowed();if (window.cookieRemoval !== 1) {return cookiesAllowed;}return cookiesAllowed && document.cookie.indexOf('""name"":""x-ua-device"",""active"":true') !== -1;}(function(window, document) {var par = document.location.search.match(/sPartner=([^&])+/g),pid = (par && par[0]) ? par[0].substring(9) : null,cur = document.location.protocol + '//' + document.location.host,ref = document.referrer.indexOf(cur) === -1 ? document.referrer : null,url = ""/en/widgets/index/refreshStatistic"",pth = document.location.pathname.replace(""https://www.actionsports.de/en/"", ""/"");url += url.indexOf('?') === -1 ? '?' : '&';url += 'requestPage=' + encodeURIComponent(pth);url += '&requestController=' + encodeURI(""detail"");if(pid) { url += '&partner=' + pid; }if(ref) { url += '&referer=' + encodeURIComponent(ref); }url += '&articleId=' + encodeURI(""28148"");if (isDeviceCookieAllowed()) {var i = 0,device = 'desktop',width = window.innerWidth,breakpoints = window.statisticDevices;if (typeof width !== 'number') {width = (document.documentElement.clientWidth !== 0) ? document.documentElement.clientWidth : document.body.clientWidth;}for (; i = ~~(breakpoints[i].enter) && width <= ~~(breakpoints[i].exit)) {device = breakpoints[i].device;}}document.cookie = 'x-ua-device=' + device + '; path=/';}document.getElementById('refresh-statistics').src = url;})(window, document);var asyncConf = ~~('1');var subscribeFn = function() {jQuery.subscribe('plugin/swOffcanvasMenu/onCloseMenu', function() {var plugin = jQuery('.free_goods-product--selection').data('plugin_promotionFreeGoodsSlider');if (plugin !== undefined) {plugin.destroy();}});};if (asyncConf === 1) {document.asyncReady(subscribeFn);} else {subscribeFn();} /*** Wrap the replacement code into a function to call it from the outside to replace the method when necessary*/var replaceAsyncReady = window.replaceAsyncReady = function() {document.asyncReady = function (callback) {if (typeof callback === 'function') {window.setTimeout(callback.apply(document), 0);}};};document.getElementById('main-script').addEventListener('load', function() {if (!asyncCallbacks) {return false;}for (var i = 0; i < asyncCallbacks.length; i++) {if (typeof asyncCallbacks[i] === 'function') {asyncCallbacks[i].call(document);}}replaceAsyncReady();});",100.00,EUR,914403,914403,True
92164114,,RAM-HOL-TAB26U RAM Mounts Tab-Tite? Tablet Holder for Samsung Tab 4 10.1 + More,"RAM-HOL-TAB26U RAM Mounts Tab-Tite? Tablet Holder for Samsung Tab 4 10.1 + More (SEE LIST AND DIMENSIONS)Please be sure to measure your deice and compare with the specifications below before purchasing. NO REFUDS OR EXCHANGES FOR FAILURE TO MEASURE.BALL IS REQUIRED AND NOT INCLUDED (WE RECOMMEND RAM-B-202U for 1-inch B-size ball / RAM-202U for 1.5-inch C-size ball)Height Range: 9.38"" - 12.11""Width Range: 5.55"" - 7""Depth Range: .13"" - .34""COMPATIBLE DEVICES:AppleiPad (7th Generation)iPad Air 3iPad Pro 10.5 (2nd Generation)iPad Pro 9.7 (1st Generation)ASUSZenPad 10GoogleNexus 10HuaweiMediaPad M2 10.0MediaPad M3 Lite 10.0LenovoTab 4 10Tab 4 10 PlusMicrosoftSurface GoSurface Go 2SamsungGalaxy Tab 10.1Galaxy Tab 3 10.1Galaxy Tab 4 10.1Galaxy Tab S 10.5SonyXperia Tablet ZFEATURESSpring-loaded holder secures Samsung Tab 4 10.1; interchangeable end cups allow you to modify the holder when upgrading devicesCompatible with B and C size RAM? round ball bases for attaching a double socket arm; ball and socket technology allows for near-infinite adjustabilityMade of high-strength composites for durability and reliability in the most demanding environmentsBacked by a lifetime warrantyOVERVIEWThe RAM? Tab-Tite? spring loaded, quick release cradle offers a secure fit with easy access to the mounted tablet. The interchangeable cup ends are designed specifically for the Samsung Galaxy Tab 4 10.1 and Tab S 10.5. The spring loaded design makes it easy to insert and remove your tablet, along with keeping it secure in mobile applications. The custom end cups are designed to optimize the functionality of your tablet, enabling access to all ports and tablet functions. The included back plate is interchangeable with various size support cups, making it compatible with numerous tablet models. New detachable support cups are the only components needed for purchase, attach to the back plate for support of your new tablet. Included is a set of four nuts and bolts to connect the cradle to any RAM components or mounts that contain the universal AMPs hole pattern. For off-road environments and extreme use, we recommended the use of a tether to assist in retaining your device. The Tab-Tite? cradle is compatible with any tablet that will fit the dimensions listed below. It is important to verify the dimensions of your tablet when determining the overall size. Cradle Dimensions:Length: 9.38"" to 12.11""Width: 5.55"" to 7"" Depth: 0.13"" to 0.34""HARDWARE INCLUDEDAssembly Hardware(4) #8-32 x 5/8"" Machine Screws(4) #8-32 x 1/2"" Machine Screws(4) #8-32 Nylock NutsHOLDER DIMENSIONSHeight Range: 9.38"" - 12.11""Width Range: 5.55"" - 7""Depth Range: .13"" - .34""HOLE PATTERN4-Hole AMPS: 1.181"" x 1.496""MATERIALSHigh strength compositePACKAGING TYPEPoly BagWEIGHT0.6 lbs.",26.49,USD,3961966,3961966,True
83907242,,Epson Ultra Glossy Photo Paper 13x18cm,"Blankt fotopapir, 300g/m2, 50 ark",179.00,DKK,266315,266315,True
56354267,,Dutch Doobadoo Dutch Card Art Stencil appel A4 470.713.596,,4.85,EUR,882893,882893,True
78313618,,Dutch Dobadoo - Card Art - Apple,,32.95,DKK,882893,882893,True
31572294,Dutch Doobadoo,Dutch Doobadoo Dutch Card Art A4 Snowglobe,"Dutch Card Art A4 SnowglobeConsumentenadviesprijs:  4,95",2.25,EUR,723055,723055,True
59874069,,Dutch Doobadoo Card Art - Baby Onesie,,4.95,EUR,57410817,57410817,True
61917173,Epson,Epson Papir Photo Ultra Glossy A4 15-Ark 300g,,295,NOK,1711754,1711754,True
52215636,RAM Mount,"RAM Mount Tab-Tite Cradle for 7-8"" Tablets in a Heavy Duty Case","The RAM-HOL-TAB23U is a RAM Cradle for various 8"" tablets (WITH CASE, SKIN OR SLEEVE) that can be attached to additional RAM components (Sold Separately).What you get:1 x RAM Tab-Tite? Cradle for 8"" Tablets including the Samsung Galaxy Tab 4 8.0 and Tab S 8.4 with Otterbox Defender Case (RAM-HOL-TAB23U)Note: This listing is for a cradle ONLY and does NOT include the additional parts required to mount the device onto a surface.RAM Tab-Tite? Cradle for 8"" Tablets including the Samsung Galaxy Tab 4 8.0 and Tab S 8.4 with Otterbox Defender Case (RAM-HOL-TAB23U)The RAM? Tab-Tite? spring loaded, quick release cradle offers a secure fit with easy access to the mounted tablet.The interchangeable cup ends are designed specifically for the Samsung Galaxy Tab 4 8.0 and Tab S 8.4 with an Otterbox Defender case.The spring loaded design makes it easy to insert and remove your tablet, along with keeping it secure in mobile applications.The custom end cups are designed to optimize the functionality of your tablet, enabling access to all ports and tablet functions.Included is a set of four nuts and bolts to connect the cradle to any RAM components or mounts that contain the universal AMPs hole pattern.The Tab-Tite? cradle is compatible with any tablet that will fit the dimensions listed below. It is important to verify the dimensions of your tablet when determining the overall size.Cradle Dimensions:Length: 8.32"" to 10.92""Width: 4.43"" to 5.3""Depth: 0.13"" to 0.62""May not be suitable for some tablet models or devices - please check dimensions first.* Any device/s shown in image/s is for illustration purposes ONLY and is not included in purchase.",65.00,AUD,16659693,16659693,True
28044725,Dutch Doobadoo,Dutch Doobadoo Dutch Card Art Snowdome A5,"Dutch Card Art Snowdome A5Consumentenadviesprijs:  3,95",1.95,EUR,3940869,3940869,True
5388121,,"RAM Tab-Tite?Cradle for 8"" Tablets including the Samsung Galaxy Tab A 8.0","The RAM? Tab-Tite? spring loaded, quick release cradle offers a secure fit with easy access to the mounted tablet. The interchangeable cup ends are designed specifically for the Samsung Galaxy Tab A 8.0 and Tab A 8.0 with S Pen. The spring loaded design makes it easy to insert and remove your tablet, along with keeping it secure in mobile applications. The custom end cups are designed to optimize the functionality of your tablet, enabling access to all ports and tablet functions.Included is a set of four nuts and bolts to connect the cradle to any RAM components or mounts that contain the universal AMPs hole pattern.For off-road environments and extreme use, we recommended the use of a tether to assist in retaining your device.SpecificationsCradle Dimensions:Height: 7.88"" to 10.38""Width: 4.3"" to 5.3""Depth: 0.0"" to 0.37""Support cups are designed to offer access to ports and tablet functionsModular design makes upgrading to a new tablet simple and cost effectiveDual-spring loaded tension provides secure support for your tabletEasy, quick release of your tablet for on-the-go applicationsVersatility of cradle allows for attachment to many RAM mounting solutionsMaterial: High Strength CompositeAccessoriesCompatibilityThe Tab-Tite? cradle is compatible with any tablet that will fit the dimensions listed in the specifications tab. It is important to verify the dimensions of your tablet when determining the overall size.Note! This RAM? Tab-Tite? is not compatible with the Samsung Galaxy Tab A 8.0 (2017). For this tablet, see RAM-HOL-TAB24U.Related ItemsNotesThe ""U"" in the part number reflects product packaged in poly bag.Instructions Tab-Tite Assembly Guide Tab-Tite? Assembly VideosWarranty RAM Warranty",4.795E1,AUD,5863960,5863960,True
17837225,,"RAM Tab-Tite Cradle for 10"" Tablets including the Samsung Galaxy Tab 4 10.1 and Tab S 10.5","The RAM? Tab-Tite? spring loaded, quick release cradle offers a secure fit with easy access to the mounted tablet. The interchangeable cup ends are designed specifically for the Samsung Galaxy Tab 4 10.1 and Tab S 10.5. The spring loaded design makes it easy to insert and remove your tablet, along with keeping it secure in mobile applications. The custom end cups are designed to optimize the functionality of your tablet, enabling access to all ports and tablet functions.The included back plate is interchangeable with various size support cups, making it compatible with numerous tablet models. New detachable support cups are the only components needed for purchase, attach to the back plate for support of your new tablet. Included is a set of four nuts and bolts to connect the cradle to any RAM components or mounts that contain the universal AMPs hole pattern.SpecificationsFeatures:Support cups are designed to offer access to ports and tablet functionsModular design makes upgrading to a new tablet simple and cost effectiveDual-spring loaded tension provides secure support for your tabletEasy, quick release of your tablet for on-the-go applicationsVersatility of cradle allows for attachment to many RAM mounting solutionsSpecs:Cradle Dimensions:Length: 9.38"" to 12.11""Width: 5.55"" to 7""Depth: 0.13"" to 0.34""Material: High Strength CompositeAccessoriesCompatibilityThe Tab-Tite? cradle is compatible with any tablet that will fit the dimensions listed below. It is important to verify the dimensions of your tablet when determining the overall size.Samsung Galaxy Tab 4 10.1Samsung Galaxy Tab S 10.5Related ItemsNotesThe ""U"" in the part number reflects product packaged in poly bag.InstructionsTab-Tite Assembly GuideVideosWarranty RAM Warranty",4.895E1,AUD,3961966,3961966,True
51710206,,RAM Tab-Tite RAM-HOL-TAB-27U - holder,The RAM Tab-Tite offers a secure fit with easy access to the mounted tablet Its design makes it easy to remove and insert your tablet.,,,5863960,5863960,True
58889567,,PAPEL EPSON C13S041944 ULTRA GLOSSY 13X18 300GR 50 HOJAS - C13S041944,PAPEL EPSON C13S041944 ULTRA GLOSSY 13X18 300GR 50 HOJAS,,,266315,266315,True
34487169,,"Card Art Window 2, Dutch Doobadoo 470.713.307",,2.75,,57410519,57410519,True
83360042,,Lezyne Alloy Floor Drive Floor Pump ABS-1 Pro Valve,"A professional grade floor pumpDurable CNC machined aluminum barrel and base with steel pistonVarnished wood handle with aluminum junctionOversized 3.5 inch precision gauge. Extra long, high-strength hose with aluminum couplersTough anodized high-polish finishABS1 Pro Flip-Thread Chuck equipped for compatibility with Presta and Schrader valvesSize: 64 x 20 x 15cm, Weight 1.6 kgMax Pressure: 220psi / 15 bar",9.9E1,SGD,914403,914403,True
31211996,,"Catalyst 2960-XR 24 GigE PoE 370W, 4 x 1G SFP, IP Lite","WS-C2960XR-24PS-I By Shouki In DubaiCisco WS-C2960XR-24PS-I is new switch from Cisco. It provides enterprise-class access for campus and branch applications. This mew switch provides easy device on boarding, configuration, monitoring, and troubleshooting. These fully managed switches can provide advanced Layer 2 and Layer 3 features as well as optional Power over Ethernet Plus (P. o. E+) power.Power SupplyWS-C2960XR-24PS-I Switches support An external redundant power supply option. Thus these switches come with one fixed power supply and an option for an external redundant power supply (Cisco Redundant Power System [RPS] 2300).Dual redundant power supplies are supported on the Cisco WS-C2960XR-24PS-I Switches. These switches ship with one power supply by default. Identically the second power supply can be purchased at the time of ordering the switch or as a spare. These power supplies have built-in fans to provide cooling.Full (Flexible) NetFlow and NetFlow Lite:They both are supported on WS-C2960XR-24PS-I Switches. Thereby enables IT teams to understand the mix of traffic on their network and identify anomalies by capturing and recording specific packet flows. NetFlow Lite supports flexible sampling of the traffic. Likewise, it exports flow data in the Net Flow Version 9 format for analysis on a wide range of Cisco and third-party collectors.Similarly All 2960-X and 2960-XR Series LAN Base and IP Lite models include Net Flow Lite.Bluetooth:This feature is for over-the-air access. The switches support an external Bluetooth dongle that plugs into the USB port on the switch. Also allows a Bluetooth-based RF connection with an external laptops and tablets. Laptops and tablets can access the switch C. L. I using a Telnet or Secure Shell (S. S. H) client over Bluetooth. The G. U. I can be accessed over Bluetooth with a browser.Cisco WS-C2960XR-24PS-I Ports:This device supports 24 over Ethernet ports which 4 of them are for SPF. Also its Cisco IOS Software image is LAN Base feature set.-12 ports up to 30W of PoE+ (IEEE802.3at) ports-24 ports up to 15.4W of PoE (IEEE802.3af) portsWS-C2960XR-24PS-I physical dimensions and weight:Height, width, length are 4.5 x 36.8 x 44.5 cm. Also its Weight is 5.8 kg.",,,6710706,6710706,True
10826204,,Foot Pump LEZYNE Steel Floor Drive Tall 3''5 Black,"The Lezyne Steel Drive foot pump is made from CNC machined aluminum with a steel piston for resistance to wear over time.Details:Tall version.The manometer is wide for a more accurate and readable display.Large volume allows rapid inflationThe fitting is long for a more comfortable inflationInflation fitting with aluminum head to fit on Presta and Schrader valvesT te with d bullets int grMax pressure: 15bar, 220psiSize: 15 x 20 x 63.5 cmWeight: 1.7 kgReference: 1FPSFLDRV7T04",49.99,EUR,939758,939758,True
15311130,Epson,Epson Papir A4 Premium Glossy Photo Paper 255g (50 stk),,330,NOK,3908988,3908988,True
48734489,,LEZYNE ALLOY FLOOR DRIVE BLACK/HI GLOSS,,74.95,EUR,2652823,2652823,True
31587846,,"Lezyne Standluftpumpe Steel Floor Drive;Tall, schwarz-glnzend;220PSI, 66,5cm, 3,5'Manometer",,57.99,EUR,939758,939758,True
24700471,,RAM-HOL-TAB23U - RAM Tab-Tite Cradle for 8Tablets including the Samsung Galaxy Tab 4 8.0 and Tab S 8.4 with Otterbox Defender Case,RAM-HOL-TAB23U - RAM Tab-Tite Cradle for 8Tablets including the Samsung Galaxy Tab 4 8.0 and Tab S 8.4 with Otterbox Defender Case,45.95,AUD,16659693,16659693,True
14948679,,Lezyne Classic Floor Drive 3.5 Floor Pump Abs-1 Pro Chuck,"* High-pressure floor pump * Oversized 85 mm (3.5 in.) gauge* Accurate at both low and high pressure* CNC-machined aluminum base, steel barrel and piston, and varnished wood handle* 01: Original ABS system* 03 and 04: ABS-2 system* 05: ABS-1 Pro System* Presta and Schrader compatible with out flipping the chuck* Steel barrel is coated with premium metallic paint",69.99,USD,539285,539285,True
56774153,,"Card Art Card Baby romper, Dutch Doobadoo 470.713.595",,2.75,,57410817,57410817,True
77641222,,Lezyne Pressure Over Drive 2.5 Floor Pump Abs-1 Pro Chuck,"* High pressure floor pump with air tank allowing tubeless tire inflation* Overcharge pressure protection* Analog gauge integrated on the air tank* Rapid air release foot peg* Alloy, Steel, and Wood construction* Head: ABS-1 Pro",139.99,USD,364509,364509,True
65979382,,Epson Premium Glossy Photo A4 Paper (Pack of 50) C13S041624,Epson A4 Photo Paper 255Gsm Premium Glossy White 50 Sheets,36.11,,3908988,3908988,True
94351044,,Dutch Doobadoo Card art Sneeuwbol A5 470.713.733 (09-19),,3.95,EUR,3940869,3940869,True
52592100,,"Zebra 800014-901 Black Monochrome Ribbon - K - 3,000 prints","Zebra 800014-901 Resin Black (""K"") ribbons are monochrome (1-color) ribbons.Zebra 800014-901 black monochrome ribbons are primarily used for printing text and one-color line art on one or both sides of a card.Note: Black resin is needed to print readable barcodes.To maintain your Zebra card printer's warranty, genuine Zebra ribbons must be used. As an authorized Zebra Solution provider, ID Wholesaler only sells Genuine Zebra 800014-901 Black Monochrome Ribbon.ID Wholesaler offers a low price guarantee on black monochrome Zebra 800014-901 ribbon.Did you know that Zebra 800014-901 monochrome ribbons have a shelf life?When stored under proper conditions, Zebra 800014-901 black ribbons typically have a shelf life of up to one year. Ribbons that are more than one year old, and improperly stored, will not print optimally and will likely end up costing more money and time in maintenance and in reprinting cards.ID Wholesaler is an authorized Zebra reseller specializing in ID card printing products. We guarantee that our 800014-901 black monochrome ribbons are genuine Zebra ribbons, are stored properly, and are always 'fresh'.",76.25,USD,1093342,1093342,True
44382672,,"RAM Tab-Tite?Cradle for 8"" Tablets including Samsung Galaxy Tab A & S2 8.0 with Otterbox Defender Case","The RAM? Tab-Tite? spring loaded, quick release cradle offers a secure fit with easy access to the mounted tablet. The interchangeable cup ends are designed specifically for the Samsung Galaxy Tab A 8.0, Tab A 8.0 with S Pen Tab S2 8.0 with Otterbox Defender case. The spring loaded design makes it easy to insert and remove your tablet, along with keeping it secure in mobile applications. The custom end cups are designed to optimize the functionality of your tablet, enabling access to all ports and tablet functions.Included is a set of four nuts and bolts to connect the cradle to any RAM components or mounts that contain the universal AMPs hole pattern.The Tab-Tite? cradle is compatible with any tablet that will fit the dimensions listed below. It is important to verify the dimensions of your tablet when determining the overall size.SpecificationsCradle Dimensions:Height: 8.25"" to 11""Width: 5"" to 5.88""Depth: 0.3"" to 0.67""Support cups are designed to offer access to ports and tablet functionsModular design makes upgrading to a new tablet simple and cost effectiveDual-spring loaded tension provides secure support for your tabletEasy, quick release of your tablet for on-the-go applicationsVersatility of cradle allows for attachment to many RAM mounting solutionsMaterial: High Strength CompositeAccessoriesCompatibilitySamsung Galaxy Tab A 8.0Samsung Galaxy Tab S2 8.0Plus any tablet that fits the dimensions in the specifications sectionRelated ItemsNotesThe ""U"" in the part number reflects product packaged in poly bag.Instructions Tab-Tite Assembly Guide Tab-Tite? Assembly VideosWarranty RAM Warranty",4.595E1,AUD,666712,666712,True
44579234,SHIMANO,Shimano Plaquettes De Frein Mtal G04TI,Rf. :Y8LW98010Description,18.95,EUR,48039,48039,True
32746933,Victron,Victron Blue Solar PWM Light 12V / 24V 30 Amp Solar Charge Controller Regulator,BlueSolar PWM-Light,59.99,USD,284450,284450,True
7472344,,BlueSolar PWM-Pro Charge Controller 12/24V-20A,,97.94,AUD,48411658,48411658,True
7503553,,BlueSolar PWM-Pro Charge Controller 12/24V-5A,https://cdn.shopify.com/s/files/1/0176/6686/7264/files/logo_kleur.jpg?v=1579347043,33.60,GBP,2187827,2187827,True
69249199,,Lezyne Sport Floor Drive ABS-1 Pro Black,"Steel barrel and piston, molded composite matrix base. Large 2.5 inch gauge. 220 psi max. Extra long, high strength hose with composite matrix couplers. Durable, painted finish with varnished wood handle. ABS-1 Pro.Features :Black ColorWeight : 1400gMax pressure : 220 psi / 15 bar.Dimensions : 20 x 25 x 66.5cm",34.99,EUR,539285,539285,True
48938134,,Victron Energy BlueSolar PWM Pro - Solar Charge Controllers,"The Victron Energy BlueSolar PWM Pro Solar charge controller is in essence a switch that connects a solar array to the battery. The result is that the voltage of the array will be pulled down to near that of the battery.FeaturesProgrammableThe BlueSolar PWM-Pro series is ready for use with its default settings. It also is fully programmable:With help of a computer and softwareWith the dedicated BlueSolar Pro Remote PanelFeaturesLighting control function, fully programmable.Three stage battery charging (bulk, absorption, float), fully programmable.Integrated battery monitor function (Remote Panel needed to display state of charge).Load output with low voltage disconnect and manual control (default setting).Optional external temperature sensor.Load output protected against over load and short circuit.Protected against reverse polarity connection of the solar array and/or batteryFurther InformationVictron Energy BlueSolar PWM Pro - Solar Charge Controllers - Data SheetVictron Energy BlueSolar PWM Pro - Solar Charge Controllers - User Manual",37.74,GBP,47911605,47911605,True
51215765,,Lezyne Tall Steel Drive Floor Pump,"DescriptionThe Lezyne Tall Steel Drive Floor Pump iseasy to sue with a tall comfortable design. With a steel barrel and piston matched to a sturdy aluminium base and high strength hose this pump is built to last. The ABS1 pro chuck lets riders inflate presta and schraed tubes and even remove presta valve cores. An oversived 3.5"" gauge makes getting your desired pressure hassle free as well. A reliable and versatile pump for keen cyclists.SpecificationsPresta and Schrader compatibleMax 220 psi15cm x 20cm x 63.5cmWeighs 1.7kg",99.95,AUD,939758,939758,True
57914917,,"Black Monochrome Ribbon - K - 3,000 prints",Black monochrome ribbon Cleaning roller included 3000 prints per roll Zebra ribbon is for use with P630i and P640i card printers,0.00,USD,1093342,1093342,True
52322597,Lezyne,Lezyne Classic Floor Pump (Black),"The Classic Drive Pump features parts made from gleaming CNC machined aluminum.Features:All parts are custom, CNC machined aluminum47""/120cm extra-long, premium-grade hoseOversized 2.5"" diameter gauge assembly, 220psi max100% aluminum Flip-Thread chuck threads securely to both Presta and Schrader valvesFlip-Thread chuck and hose threads securely to foot when not in useABS-1 (Air-Bleed-System) technology depressurizes the pump hose and reduces the challenge of unthreading removable presta valve cores after inflationLong travel piston with reduced barrel diameter lowers required pumping effort This product was added to our catalog on April 25, 2018",69.99,USD,539285,539285,True
25083386,,Asus ROG STRIX B460-I GAMING LGA 1200 Mini-ITX Motherboard,"ASUS ROG STRIX B460-I GAMING LGA 1200 Mini-ITX Motherboard - Memory Support: 2x DDR4 DIMM Slots (64GB) - Expansion Slots: 1x PCIe 3.0 x16 - Storage Support: 2x M.2 Socket 3 Slots & 4x SATA 6Gb/s Connectors - Rear USB Ports: 1x USB 3.2 Gen 2x2 (Type-C), 6x USB 3.2 Gen 1 & 1x USB 2.0 - Network: Intel? Wi-Fi 6 AX200 & Intel? I219-V 1Gb Ethernet - ROG SupremeFX 7.1 Surround Sound High Definition Audio CODEC - ROG STRIX B460-I GAMING - 3 Years Limited Warranty",259.00,AUD,82194,82194,True
20448379,,Remote Panel for BlueSolar DUO,SCC900200000,134.27,AUD,6272148,6272148,True
71514451,,iPhone 7 Plus Lightning Connector Assembly - Gray / New / Fix Kit / Nieuw / White / New / Fix Kit / Nieuw / Black / New / Fix Kit / Nieuw / Gray / New / Part Only / Nieuw / White / New / Part Only / Nieuw / Black / New / Part Only / Nieuw,Lightning ConnectorCellular AntennaDual Microphones,44.99,USD,63610793,63610793,True
38669053,,"RAM Tab-Tite? Cradle for 7-8"" Tablets in a heavy duty case","The RAM? Tab-Tite? spring loaded, quick release cradle offers a secure fit with easy access to the mounted tablet. The interchangeable cup ends are designed specifically for the Samsung Galaxy Tab 4 8.0 and Tab S 8.4 with an Otterbox Defender case. The spring loaded design makes it easy to insert and remove your tablet, along with keeping it secure in mobile applications. The custom end cups are designed to optimize the functionality of your tablet, enabling access to all ports and tablet functions.The included back plate is interchangeable with various size support cups, making it compatible with numerous tablet models. New detachable support cups are the only components needed for purchase, attach to the back plate for support of your new tablet. Included is a set of four nuts and bolts to connect the cradle to any RAM components or mounts that contain the universal AMPs hole pattern.For off-road environments and extreme use, we recommended the use of a tether to assist in retaining your device. The Tab-Tite? cradle is compatible with any tablet that will fit the dimensions listed in the specifications tab. It is important to verify the dimensions of your tablet when determining the overall size.SpecificationsCradle Dimensions:Length: 8.32"" to 10.92""Width: 4.43"" to 5.3""Depth: 0.13"" to 0.62""Support cups are designed to offer access to ports and tablet functionsModular design makes upgrading to a new tablet simple and cost effectiveDual-spring loaded tension provides secure support for your tabletEasy, quick release of your tablet for on-the-go applicationsVersatility of cradle allows for attachment to many RAM mounting solutionsMaterial: High Strength CompositeAccessoriesCompatibilitySamsung Galaxy Tab 4 8.0 with Otterbox Defender CaseSamsung Galaxy Tab S 8.4 with Otterbox Defender CaseSamsung Galaxy Tab E 8.0 with Verizon Rugged CaseThe Tab-Tite? cradle is also compatible with any tablet that will fit the dimensions in the specifications tab. It is important to verify the dimensions of your tablet when determining the overall size.Related ItemsNotesThe ""U"" in the part number reflects product packaged in poly bag.Instructions Tab-Tite Assembly Guide Tab-Tite? Assembly VideosWarranty RAM Warranty",4.595E1,AUD,16659693,16659693,True
7862454,,iPhone XR Screen - Fix Kit / Nuovo / Part Only / Nuovo,Glass Digitizer Face6.1 inch IPS LCD 828¡Á1792 Display Front Panel FrameFront-Facing Camera Bracket,109.99,USD,37126355,37126355,True
17145434,Brother,"Brother DCP-L6600DW Mono Laser Printer, New (DCP-L6600DW)",,1231.42,USD,94315,94315,True
88602235,,BLUE SOLAR PWM-PRO 12/24V 10A,"The BlueSolar PWM-Pro series is ready for use with its default settings. It also is fully programmable: - With help of a computer and software - With the dedicated BlueSolar Pro Remote Panel.Features- Lighting control function, fully programmable.- Three stage battery charging (bulk, absorption, float), fully programmable.- Integrated battery monitor function (Remote Panel needed to display state of charge).- Load output with low voltage disconnect and manual control (default setting).- Optional external temperature sensor.- Load output protected against over load and short circuit.- Protected against reverse polarity connection of the solar array and/or battery.",,,47911605,47911605,True
87481548,Brother,Brother DCP-L6600DW multifunctional Laser 46 ppm 1200 x 1200 DPI A4 Wi-Fi,DCP-L6600DW Mono Laser AIO Printer A4,688.89,EUR,94315,94315,True
52074266,,Papel epson c13s041944 ultra glossy 13x18,,15.33,EUR,266315,266315,True
88944870,Crucial,Crucial Memorie Ballistix Black 16GB(2x8GB) DDR4 2666MHz CL16 Dual Channel Kit,,322.01,RON,22428,22428,True
7987227,Cisco,Switch CISCO WS-C2960XR-24PS-I,"Catalyst 2960-XR 24 GigE PoE 370W, 4 x 1G SFP, IP Lite",43773.34,BRL,6710706,6710706,True
48647262,Swiss Military Hanowa,Swiss Military Hanowa06-5161.2.04.007.06 Flagship Racer watch,Swiss Made Gents Diver with Date,255.11,GBP,2428285,2428285,True
66481726,,iPhone SE Screen - Fix Kit / Black / New / Fix Kit / White / New / Part Only / Black / New / Part Only / White / New,Front Glass Digitizer Panel4.0 inch 640 x 1136 pixel IPS LCD DisplayFront Camera AssemblyEarpiece SpeakerLCD Shield Plate,44.99,USD,24210672,24210672,True
71191165,Victron Energy,Victron Energy BlueSolar PWM Pro Charge Controller 12/24V 20A - SCC010020110,"The BlueSolar PWM-Pro series is ready for use with its default settings.It also is fully programmable: With help of a computer and software (available free of charge from our website) With the dedicated BlueSolar Pro Remote Panel (see features below).Features Lighting control function, fully programmable. Three stage battery charging (bulk, absorption, float), fully programmable. Integrated battery monitor function (Remote Panel needed to display state of charge). Load output with low voltage disconnect and manual control (default setting). Optional external temperature sensor. - Load output protected against over load and short circuit. Protected against reverse polarity connection of the solar array and/or battery.Day/night timing optionsSee Remote Panel manual for details",67.20,GBP,48411658,48411658,True
67880656,,Epson Ultra Glossy Photo Paper 50 sheet(s),"Glossy photo paper, 130 x 180 mm, 50 sheet(s)",14.49,GBP,266315,266315,True
47054569,Swiss Military Hanowa,Rel¨®gio Swiss Military Hanowa06-5227.04.007 Airborne,Steel Swiss Made Chronograph with Date,244.95,EUR,3360097,3360097,True
23276091,Lezyne,Lezyne Lezyne Alloy Floor Drive,,79.99,USD,2652823,2652823,True
84686125,,"iPhone 7 Plus Lightning Connector Assembly, New, Fix Kit - Grey","FEATURESThis iPhone 7 Plus Lightning Connector assembly is your solution to connectivity and charging problems. If your phone isn't charging, has connectivity problems, is not recognized when plugged into your computer via USB, or has trouble recording audio, this part could fix the problem. Part Assembly includes:Lightning connectorCellular antennaDual microphones Fix Kit contents:iPhone 7 Plus Lightning Connector AssemblyKit Bit DriveriFixit 4 mm Screwdriver Bit Pentalobe P2iFixit 4 mm Screwdriver Bit Phillips #000iFixit 4 mm Screwdriver Bit Tri-point Y000Standoff Screwdriver Bit for iPhoneSIM Eject toolSpudgerSuction HandleTweezers / Angled / Pro / ESDiFixit Opening TooliFixit Opening PickiPhone 7 Plus Display Assembly AdhesiveiPhone 7 Plus Speaker and Microphone Mesh Set Apple Part #: 821-00276-05CompatibilityiPhone 7 PlusA1661 Verizon/Sprint/ChinaA1784 AT&T/T-Mobile/GlobalA1785 JapanA1786 China Mobile",69.99,AUD,63610793,63610793,True
35417651,ASUS,ASUS ROG Mainboard ROG STRIX B460-I GAMING - Motherboard - ATX (90MB13X0-M0EAY0),,56580,,82194,82194,True
98321879,Swiss Military Hanowa,Swiss Military Hanowa06-5227.04.007 Airborne montre,Steel Swiss Made Chronograph with Date,244.95,EUR,3360097,3360097,True
45858702,,iPhone 4S Screen - New / Fix Kit / Black / §ß§à§Ó§à§Ö / New / Fix Kit / White / §ß§à§Ó§à§Ö / New / Part Only / Black / §ß§à§Ó§à§Ö / New / Part Only / White / §ß§à§Ó§à§Ö,Front Glass Digitizer Panel3.5 inch IPS LCD (640 x 960 pixel) DisplayFront Camera BezelSpeaker Mesh,39.99,USD,5007812,5007812,True
36195674,,Swiss Military Hanowa FLAGSHIP CHRONO 06-5183.7.04.003,,"498,00 §Ý§Ó",BGN,433018,433018,True
81011691,,iPhone XR Screen - Fix Kit / ?? / Part Only / ??,Glass Digitizer Face6.1 inch IPS LCD 828¡Á1792 Display Front Panel FrameFront-Facing Camera Bracket,109.99,USD,37126355,37126355,True
35493301,,iPhone SE Screen - Fix Kit / Black / Neu / Fix Kit / White / Neu / Part Only / Black / Neu / Part Only / White / Neu,Front Glass Digitizer Panel4.0 inch 640 x 1136 pixel IPS LCD DisplayFront Camera AssemblyEarpiece SpeakerLCD Shield Plate,44.99,USD,24210672,24210672,True
55124457,,Dutch Dobadoo - Card Art - Snowglobe,,32.95,DKK,723055,723055,True
60071236,,Dutch Doobadoo Card Art 3733 Snowdome,Dutch Doobadoo Card artStencil formaat?148 x 210?mm.,3.15,EUR,3940869,3940869,True
41763354,,"RAM Tab-Tite? for 10"" Tablets, Tab 4 + more (RAM-HOL-TAB26U)","Included:1 x RAM Tab-Tite? for 10"" Tablets, Tab 4 + more (RAM-HOL-TAB26U)TheRAM-HOL-TAB26Uis a RAM cradle for many different tablets including the SamsungGalaxyTab 4 10.1, Tab S 10.5, and Apple iPad (7th Gen) (See 'Compatibility' tab below for other devices).The spring-loaded design makes it easy to load and unload your tablet, all whilekeeping it secure on the go. Cup ends are designed to optimize the functionality of your tablet, allowing access to audio jacks, USB, power, and other ports, your tablet can be used just as it was intended.Also included is a set offour nuts and bolts to connect the cradle to any other RAM Mounts component that has the universal AMPs hole pattern (eg. RAM-B-202U or RAM-202U)Cradle Dimensions:Length: 9.38"" to 12.11""Width: 5.55"" to 7""Depth: 0.13"" to 0.34""SpecsLifetime warrantyMade in U.S.A.Material:High Strength CompositeSupport cups contain open slots to accommodate for devices of various sizes, including tablets in protective sleevesBack plate can support various size support cupsSpring loaded tension provides secure support for your tabletSpring loaded cradle allows for quick release of your tabletFull access to all portsHigh strength materials maximize longevity of cradleCompatibilityExamples of compatible devices:Apple iPad Air 3Apple iPad Pro 10.5 (2nd Generation)Apple iPad Pro 9.7 (1st Generation)Apple iPad (7th Generation)ASUS ZenPad 10Google Nexus 10Huawei MediaPad M2 10.0Huawei MediaPad M3 Lite 10.0Lenovo Tab 4 10Lenovo Tab 4 10 PlusSamsung Galaxy Tab 10.1Samsung Galaxy Tab 3 10.1Samsung Galaxy Tab 4 10.1Samsung Galaxy Tab S 10.5Sony Xperia Tablet Zor any tablet that fits the dimensions below:Cradle Dimensions:Height: 9.38"" to 12.11""Width: 5.55"" to 7""Depth: 0.13"" to 0.34""It is important to verify the dimensions of your tablet when determining the overall size.HelpTab-Tite Assembly Guide",46.9,AUD,3961966,3961966,True
86890239,,CISCO - CATALYST 2960-XR 24 GIGE POE 370W 4 X 1G SFP IP LITE IN,CISCO CATALYST 2960-XR 24 GIGE POE 370W 4 X 1G SFP IP LITE IN (WS-C2960XR-24PS-I) - Produkt: Administrerad - Portar: 24 - Hastighet: 1Gbps,42639.00,SEK,6710706,6710706,True
19820120,,Swiss Military Hanowa Flagship Chrono Horloge,,,,433018,433018,True
55284959,,RAM Memory Crucial BL2K8G26C16U4 2 x 8 GB DDR4 2666 Mhz,"If you're passionate about IT and electronics, like being up to date on technology and don't miss even the slightest details, buyRAM Memory Crucial BL2K8G26C16U4 2 x 8 GB DDR4 2666 Mhz at an unbeatable price.Technology: DDR4Speed: 2666 MHzCapacity: 16 GB (2 x 8 GB)Voltage: 1,35 V",227.95,USD,22428,22428,True
76350435,,iPhone 6s Screen - New / Fix Kit / Black / Yeni / New / Fix Kit / White / Yeni / New / Part Only / Black / Yeni / New / Part Only / White / Yeni,"Front Glass Digitizer Panel4.7 inch, 750 x 1334 pixel IPS LCD DisplayFront Camera AssemblyEarpiece SpeakerLCD Shield PlateCable Foam PadsSensor Bracket",59.99,USD,37350064,37350064,True
320211,,G04Ti Metal Disc Brake Pads,"Shimano G04Ti Metal Disc Brake Pads deliver superlight, long-lasting braking power.- Fits XTR BR-M9000, BR-M9020, BR-M985, XT BR-M8000, BR-M785, SLX BR-M666, Alfine BR-S700 and BR-R785,...",34.99,CAD,48039,48039,True
1705445,,BlueSolar PWM-Light 12/24V-30A,SCC010030020,82.05,AUD,284450,284450,True
25351062,,iPhone 4S Screen - New / Fix Kit / Black / Yeni / New / Fix Kit / White / Yeni / New / Part Only / Black / Yeni / New / Part Only / White / Yeni,Front Glass Digitizer Panel3.5 inch IPS LCD (640 x 960 pixel) DisplayFront Camera BezelSpeaker Mesh,39.99,USD,5007812,5007812,True
46709252,,"Monitor LED LG 24MP59G-P - 24"" - 1920x1080 - VGA - HDMI - DisplayPort",,3429.00,MXN,63233,63233,True
22550534,,"Lezyne Alloy Floor Drive Pump Standard Length: ABS-1 Chuck, Silver",,79.99,USD,914403,914403,True
98314225,RAM Mount,"RAM Mount Tab-Tite Cradle 8"" Tablets Samsung Galaxy Tab A 8.0 iPad Mini","RAM Tab-Tite Cradle for Samsung Galaxy Tab A 8.0 and iPad MiniThe RAM Tab-Tite spring loaded, quick release cradle offers a secure fit with easy access to the mounted tablet.The cup ends are designed to fit the Samsung Galaxy Tab A 8.0 using NO CASE on deviceNote: This model Tab-Tite is NOT compatible with Samsung Galaxy Tab A 8.0 (2017). For this tablet, see RAM-HOL-TAB24U.The spring loaded design makes it easy to insert and remove your tablet, along with keeping it secure in mobile applications.The custom end cups are designed to optimize the functionality of your tablet, enabling access to all ports and tablet functions.Included is a set of four nuts and bolts to connect the cradle to any RAM components.The Tab-Tite? cradle is compatible with any tablet that will fit the dimensions listed below.NOTE: This is the cradle only, images of other ram components are for illustration only and not Included, but sold separatelyCradle Dimensions:Height: 7.88"" to 10.38"" (200.15mm -263.65mm)Width: 4.3"" to 5.3"" (109.22mm -134.62mm)Depth: 0.0"" to 0.37"" (0mm -9.398mm)Compatible devices:Samsung Galaxy Tab A 8.0 (2018 + 2019)Samsung Galaxy Tab S2 8.0Samsung Galaxy Tab Pro 8.4iPadMini 2 & 3",65.00,AUD,5863960,5863960,True
68659568,,iPhone 6s Screen - New / Fix Kit / Black / ÐÂÆ· / New / Fix Kit / White / ÐÂÆ· / New / Part Only / Black / ÐÂÆ· / New / Part Only / White / ÐÂÆ·,"Front Glass Digitizer Panel4.7 inch, 750 x 1334 pixel IPS LCD DisplayFront Camera AssemblyEarpiece SpeakerLCD Shield PlateCable Foam PadsSensor Bracket",59.99,USD,37350064,37350064,True
32663296,Swiss Military Hanowa,Orologio Swiss Military Hanowa06-5161.2.04.007.06 Flagship Racer,Swiss Made Gents Diver with Date,269.00,EUR,2428285,2428285,True
10816,,Charge Controller BlueSolar DUO PWM 24V-20A,Victron Charge Controller BlueSolar DUO 24V/20A / PWM controller / Charges two separate batteries,116.99,USD,6272148,6272148,True
8780477,Victron Energy,Victron Energy BlueSolar PWM Pro Charge Controller 12/24V 5A - SCC010005010,"The BlueSolar PWM-Pro series is ready for use with its default settings.It also is fully programmable: With help of a computer and software (available free of charge from our website) With the dedicated BlueSolar Pro Remote Panel (see features below).Features Lighting control function, fully programmable. Three stage battery charging (bulk, absorption, float), fully programmable. Integrated battery monitor function (Remote Panel needed to display state of charge). Load output with low voltage disconnect and manual control (default setting). Optional external temperature sensor. - Load output protected against over load and short circuit. Protected against reverse polarity connection of the solar array and/or battery.Day/night timing optionsSee Remote Panel manual for details",33.60,GBP,2187827,2187827,True
60380041,,"LG Monitor 24MP59G-P 23.8"" IPS FullHD VGA HDMI 1ms","24MP59G-P, 23,8, 16:9, Panel IPS, 1920x1080, 250 cd/m2, 1000:1, 178 ¡ã, 178 ¡ã, 1 ms, D-Sub,HDMI,DP, Ravni, Boja Crna, Postolje tilt, AMD FreeSync Technology, Motion Blur Reduction, Flicker safe, Game Mode",309.00,BAM,63233,63233,True
92598888,,"RAM-HOL-TAB29U RAM Mounts Tab-Tite Cradle for 7-8"" Tablets in Heavy Duty Case","RAM Mounts793442949180RAM-HOL-TAB29U RAM Mounts Tab-Tite? Cradle for 7-8"" Tablets in Heavy Duty CaseThe RAM? Tab-Tite? spring loaded, quick release cradle offers a secure fit with easy access to the mounted tablet. The interchangeable cup ends are designed specifically for the Samsung Galaxy Tab A 8.0, Tab A 8.0 with S Pen Tab S2 8.0 with Otterbox Defender case. The spring loaded design makes it easy to insert and remove your tablet, along with keeping it secure in mobile applications. The custom end cups are designed to optimize the functionality of your tablet, enabling access to all ports and tablet functions. Included is a set of four nuts and bolts to connect the cradle to any RAM components or mounts that contain the universal AMPs hole pattern.For off-road environments and extreme use, we recommended the use of a tether to assist in retaining your device. The Tab-Tite? cradle is compatible with any tablet that will fit the dimensions listed below. It is important to verify the dimensions of your tablet when determining the overall size. Be sure to measure your tablet including the case. NO REFUNDS FOR FAILURE TO MEASURE CORRECTLY.Cradle Dimensions:Height: 8.25"" to 11"" Width: 5"" to 5.88"" Depth: 0.3"" to 0.67"" Compatible Devices:Apple iPad mini 2 with CaseApple iPad mini 3 with CaseApple iPad mini 4 with CaseHP Pro Tablet 408Samsung Galaxy Tab A 8.0 with CaseSamsung Galaxy Tab S2 8.0 with CaseOther devices matching dimensions above.Note: Product consists of holder only. Tablet, case, mounting bracket and arm are not included.Features:1.Support cups are designed to offer access to ports and tablet functions2.Modular design makes upgrading to a new tablet simple and cost effective3.Dual-spring loaded tension provides secure support for your tablet4.Easy, quick release of your tablet for on-the-go applications5.Versatility of cradle allows for attachment to many RAM mounting solutions6.Lifetime warranty7.Made in U.S.A.Material:High Strength CompositeNote:The ""U"" in the part number reflects product packaged in poly bag.Weight:0.55 lbs.Product video:https://www.youtube.com/watch?v=s7hVWHcLXRo",24.49,USD,666712,666712,True
94391133,,Epson Papel Ultra Glossy Photo Paper A4 (15hojas),,12.15,EUR,1711754,1711754,True
