id,title,category,brand,modelno,price,name,desc,cluster_id
walmart_53,da-lite da-plex base rear projection screen - 57 3 4 x 77 video format,electronics - general,da-lite,27528,2608.99,da-lite da-plex base rear projection screen - 57 3 4 x 77 video format,,764
amazon_10692,maxwhite vmax2 plus2 series 82 overall height ezelectric motorized screen - 92 diagonal,projection screens,elite,,379.0,maxwhite vmax2 plus2 series 82 overall height ezelectric motorized screen - 92 diagonal,,33
walmart_1334,canon cli-226 black ink tank,printers,canon,,0.0,canon cli-226 black ink tank,,287
walmart_2274,brother tc20 laminated tape cartridge,stationery & office machinery,brother,tc20,29.88,brother tc20 laminated tape cartridge,,457
amazon_9130,fantom mde1000 g-force megadisk 1 tb usb 2.0 esata,computers accessories,micronet,mde1000,170.79,fantom mde1000 g-force megadisk 1 tb usb 2.0 esata,,768
walmart_1230,maxell mygen usb 4gb auto photo backup,usb drives,maxell,665107,26.88,maxell mygen usb 4gb auto photo backup,,397
walmart_1704,pendaflex 15-pocket portafile expanding organizer black,stationery & office machinery,,,16.88,pendaflex 15-pocket portafile expanding organizer black,,213
walmart_1705,marware microshell for ipad black,mp3 accessories,,602956006664,39.99,marware microshell for ipad black,,815
walmart_1349,night owl security products ccd wired color security camera with 60 cable,garden - general,night owl,cam-s420-245a,67.82,night owl security products ccd wired color security camera with 60 cable,,207
walmart_1563,asus f1a75-m pro amd a75 micro atx motherboard,electronics - general,asus,f1a75-m pro,112.0,asus f1a75-m pro amd a75 micro atx motherboard,,265
walmart_836,marware eco-vue for ipad,mp3 accessories,,602956006572,54.99,marware eco-vue for ipad,,178
walmart_1394,joby gorillapod original orange,photography - general,joby,gp1aten,19.94,joby gorillapod original orange,,605
walmart_1080,coby personal mini stereo speaker system csp14,portable audio,coby,csp14,14.0,coby personal mini stereo speaker system csp14,,258
walmart_725,c-line top-load poly sheet protectors heavy gauge letter 200ct,stationery & office machinery,,62097,28.94,c-line top-load poly sheet protectors heavy gauge letter 200ct,,95
amazon_12451,d-link dgs-1005g 5-port gigabit desktop switch,switches,d-link,dgs-1005g,27.88,d-link dgs-1005g 5-port gigabit desktop switch,,247
amazon_284,national brand 56211 - texhide accounting book black burgundy 150 green pages 10 3 8 x 8 3 8,laminating supplies,national,,,national brand 56211 - texhide accounting book black burgundy 150 green pages 10 3 8 x 8 3 8,,832
amazon_13302,vantec nexstar se 2.5-inch sata hard drive rack mrk-515st black,computers accessories,vantec,mrk-515st,10.74,vantec nexstar se 2.5-inch sata hard drive rack mrk-515st black,,489
amazon_21347,wintec filemate 4 gb swivel usb drive - black,usb flash drives,wintec,3fmusb4gwb-r,8.99,wintec filemate 4 gb swivel usb drive - black,,420
walmart_2474,cooler master hyper 212 plus universal cooler,electronics - general,coolermaster,rr-b10-212p-g1,29.99,cooler master hyper 212 plus universal cooler,,498
amazon_18389,new-expo 80054 - low-odor dry erase marker eraser cleaner chisel fine 12 set - san80054,radios,expo,,,new-expo 80054 - low-odor dry erase marker eraser cleaner chisel fine 12 set - san80054,,810
amazon_12093,swann alpha d05 swa49-d5 19-inch lcd all-in-one 4 channel h. 264 dvr security system,surveillance cameras,swann,swa49-d5,479.0,swann alpha d05 swa49-d5 19-inch lcd all-in-one 4 channel h. 264 dvr security system,,68
walmart_1187,sony dsc-h70 black 16.2 mp digital camera bundle w 10x optical zoom 3.0 lcd display case and 4gb sd card w 50 bonus prints,digital cameras,sony,dsc-h70 / bbdl,229.0,sony dsc-h70 black 16.2 mp digital camera bundle w 10x optical zoom 3.0 lcd display case and 4gb sd card w 50 bonus prints,,561
amazon_9189,dual usb wall auto charger-micr mini usb-includes igo tip a32 a97,chargers,igo,bn00281-0002,25.22,dual usb wall auto charger-micr mini usb-includes igo tip a32 a97,,312
walmart_94,verbatim smartdisk optical mini travel mouse red,mice,verbatim,ver97255,17.2,verbatim smartdisk optical mini travel mouse red,,456
amazon_13422,startech.com 4 port pci express 1394a firewire adapter card - 3 external 1 internal pex13943,computers accessories,startech,pex13943,27.99,startech.com 4 port pci express 1394a firewire adapter card - 3 external 1 internal pex13943,,145
amazon_3750,panasonic kx-fa132 200 meter film cartridge for kx-f1000 series,printer ink toner,panasonic,kx-fa132,47.87,panasonic kx-fa132 200 meter film cartridge for kx-f1000 series,,830
walmart_1751,maxell 630020 12x high-speed rewritable cd-rw - single,mp3 accessories,maxell,630020,1.98,maxell 630020 12x high-speed rewritable cd-rw - single,,443
walmart_1943,kenwood 6 5-way performance series flush mount speakers 500 watts,car stereos,kenwood,kfc-6993ps,84.99,kenwood 6 5-way performance series flush mount speakers 500 watts,,697
walmart_2542,elite screens 92 vmax92uwv2 electric projection screen,electronics - general,elite,vmax92uwv2,319.59,elite screens 92 vmax92uwv2 electric projection screen,,715
walmart_211,avery laser inkjet mailing labels mini-sheet 1 x 2-5 8 white 200 pack,stationery & office machinery,avery,2160,7.62,avery laser inkjet mailing labels mini-sheet 1 x 2-5 8 white 200 pack,,576
walmart_1506,wilson jones super heavy weight sheet protector,stationery & office machinery,wilson jones,21402,10.94,wilson jones super heavy weight sheet protector,,582
amazon_17191,i-tec t6020 ipad r anti-glare screen protector,printers,i-tec,,,i-tec t6020 ipad r anti-glare screen protector,,517
amazon_9386,tp-link nt tl-ant2409b 2.4 ghz 9dbi,networking products,tp-link,tl-ant2409b,22.5,tp-link nt tl-ant2409b 2.4 ghz 9dbi,,752
amazon_4659,night owl security products cam-s420-245 ccd wired color security camera with 60 of cable,surveillance cameras,night owl optics,cam-s420-245,49.99,night owl security products cam-s420-245 ccd wired color security camera with 60 of cable,,207
walmart_1718,kodak esp 3250 all-in-one printer value bundle,printers,,,58.0,kodak esp 3250 all-in-one printer value bundle,,841
walmart_2106,xm xmp3i portable satellite radio and mp3 player with home kit,satellite radio,audiovox,xpmp3h1,149.0,xm xmp3i portable satellite radio and mp3 player with home kit,,302
amazon_14943,hp 82 - print cartridge - 1 x cyan,computer accessories,hp,ch566a,,hp 82 - print cartridge - 1 x cyan,,642
amazon_17803,new-basyx bl2145a1a1 - bl series return shell 48-1 4w x 24d x 29h medium cherry - bsxbl2145a1a1,laminating supplies,basyx,,194.0,new-basyx bl2145a1a1 - bl series return shell 48-1 4w x 24d x 29h medium cherry - bsxbl2145a1a1,,544
amazon_5991,acer aspire one 722-bz197 netbook - black,netbooks,acer,lu.sft02 .068,307.65,acer aspire one 722-bz197 netbook - black,,313
walmart_2193,plustek bookreader v100 - b66-bbe21-a,computers,plustek,b66-bbe21-a,539.88,plustek bookreader v100 - b66-bbe21-a,,211
amazon_8386,apple ipad 10w usb power adapter mc359ll a,chargers adapters,apple,ipad 10w usb power adapter,24.76,apple ipad 10w usb power adapter mc359ll a,,55
amazon_21568,lexmark 16 black ink cartridge 10n0016,inkjet printer ink,lexmark,10n0016,29.99,lexmark 16 black ink cartridge 10n0016,,608
amazon_6965,htc sensation 4g android phone t-mobile,phones with plans,htc,sensation,,htc sensation 4g android phone t-mobile,,56
walmart_137,night owl optics apollo-45 4-channel h. 264 500gb dvr kit,garden - general,night owl,apollo-45,338.0,night owl optics apollo-45 4-channel h. 264 500gb dvr kit,,150
amazon_12543,cobra microtalk cx105 16-mile 22-channel frs gmrs two-way radio pair,gmrs-frs two-way radios,cobra,cbrcx105,22.84,cobra microtalk cx105 16-mile 22-channel frs gmrs two-way radio pair,,635
amazon_10887,inland pro 6-sheet paper shredder 05301,shredders,inland,05301,28.54,inland pro 6-sheet paper shredder 05301,,87
amazon_8500,kingston memory - 2 gb 2 x 1 gb - dimm 240-pin - ddr ii kth-mlg4 2g,memory,kingston,kth-mlg4 / 2g,52.68,kingston memory - 2 gb 2 x 1 gb - dimm 240-pin - ddr ii kth-mlg4 2g,,152
amazon_6643,targus red tg-ra1010 8-in-1 camera essentials kit,computer accessories,targus,,12.99,targus red tg-ra1010 8-in-1 camera essentials kit,,270
walmart_935,jvc gumy headphones red,electronics - general,jvc,haf150r,9.0,jvc gumy headphones red,,750
amazon_17364,avery 5029 - self-adhesive filing labels 1 3 cut 2 3 x 3-7 16 clear 450 pack,computers accessories,avery,,,avery 5029 - self-adhesive filing labels 1 3 cut 2 3 x 3-7 16 clear 450 pack,,82
walmart_1229,michigan wolverines iphone 4 case silicone cover,electronics - general,tribeca,fva3437,24.99,michigan wolverines iphone 4 case silicone cover,,239
walmart_1217,verbatim smartdisk acclaim 320gb usb portable hard drive blue,hard drives,verbatim,ver97185,59.84,verbatim smartdisk acclaim 320gb usb portable hard drive blue,,199
amazon_12161,office star ex81243 - 93 series leather visitors chair w loop arms black,laptops,office star,,,office star ex81243 - 93 series leather visitors chair w loop arms black,,707
walmart_49,targus impax sleeve for 15 macbook pro red,electronics - general,targus,tss28802us,35.0,targus impax sleeve for 15 macbook pro red,,459
amazon_17899,6 feet peerless plasma screen pedestal with rotation and tilt,television stands entertainment centers,peerless,,,6 feet peerless plasma screen pedestal with rotation and tilt,,219
amazon_21310,hinged screen joining clamp,lamps,da-lite,,30.99,hinged screen joining clamp,,236
amazon_8931,ink hp 70 green 130 ml ink,printer ink toner,hp,c9457a,62.47,ink hp 70 green 130 ml ink,,251
walmart_1904,peerless paramount universal tilting lcd plasma wall mount 32 to 60 screens,furniture,peerless,,89.99,peerless paramount universal tilting lcd plasma wall mount 32 to 60 screens,,790
walmart_512,hp 29 black inkjet cartridge 51629a,printers,hp,51629a,34.97,hp 29 black inkjet cartridge 51629a,,837
walmart_997,dj tech ivisa 50 light portable pa system with ipod player controller 50 watts,portable audio,dj tech,ivisa 50 light,368.0,dj tech ivisa 50 light portable pa system with ipod player controller 50 watts,,822
amazon_12700,micronet technology databank 16 gb flash drive fdb16u2 - black,usb flash drives,fantom,fdb16u2,19.99,micronet technology databank 16 gb flash drive fdb16u2 - black,,15
amazon_17429,new-hp c4890a - c4890a hp 80 ink printhead printhead cleaner 4400 page-yield black - hewc4890a,label makers,hp,,,new-hp c4890a - c4890a hp 80 ink printhead printhead cleaner 4400 page-yield black - hewc4890a,,782
walmart_838,motorola dect 6.0 cordless care,phones,motorola,k301,30.84,motorola dect 6.0 cordless care,,829
walmart_2013,xantech 29110dbkit designer hidden link infrared kit black,stereos/audio,xantech,29110dbkit,56.88,xantech 29110dbkit designer hidden link infrared kit black,,727
amazon_99,avery cd labels - 100 disc labels 200 spine labels 8691,printer labels laser inkjet,avery,8691,27.54,avery cd labels - 100 disc labels 200 spine labels 8691,,763
walmart_687,startech.com pex1p 1 port pcie dp parallel adapter card,electronics - general,startech,pex1p,32.88,startech.com pex1p 1 port pcie dp parallel adapter card,,458
walmart_2252,3m o-cel-o sponge with 3m stayfresh technology 4pk,home care,3m,7274t,2.69,3m o-cel-o sponge with 3m stayfresh technology 4pk,,177
walmart_1190,marware eco-flip ipad 2 case black,mp3 accessories,marware,602956008545,43.99,marware eco-flip ipad 2 case black,,564
amazon_13804,inland products 8563 iacc transparent iphone screen protector w wipe . high transparent material prevents scratching . no,audio video accessories,inland,,6.04,inland products 8563 iacc transparent iphone screen protector w wipe . high transparent material prevents scratching . no,,444
walmart_1083,discgear 50-disc browser black gray,electronics - general,discgear,4310-01,37.88,discgear 50-disc browser black gray,,803
amazon_16641,quartet sb93513q - showit three-panel display system fabric blue gray black pvc frame,battery chargers,quartet,,,quartet sb93513q - showit three-panel display system fabric blue gray black pvc frame,,769
amazon_543,creative d100 wireless bluetooth speakers - green 51mf8090aa004,computer speakers,creative labs,51mf8090aa004,79.99,creative d100 wireless bluetooth speakers - green 51mf8090aa004,,777
walmart_1207,rubbermaid techfile plastic magazine file black,storage,rubbermaid,40406ros,5.88,rubbermaid techfile plastic magazine file black,,36
amazon_19654,sascltr409 - imaging drum for samsung clp310,inkjet printer ink,samsung,,130.95,sascltr409 - imaging drum for samsung clp310,,296
walmart_709,griffin ipod touch 4g screen care kit 3 pack,mp3 accessories,arkon,gb01913,13.3,griffin ipod touch 4g screen care kit 3 pack,,268
walmart_452,quartet rewritables dry erase mini-markers fine point 6 assorted colors,stationery & office machinery,quartet,5.1659312 e7,4.54,quartet rewritables dry erase mini-markers fine point 6 assorted colors,,520
amazon_7383,tl-sc3171g surveillance network camera - color,networking products,tp-link,tl-sc3171g,139.99,tl-sc3171g surveillance network camera - color,,372
walmart_2501,3m laptop lcd privacy computer filter pf14 .0 w,electronics - general,3m,pf14 .0 w,44.57,3m laptop lcd privacy computer filter pf14 .0 w,,266
walmart_1090,serif webplus essentials,software,serif,wpeusdvdrt,44.82,serif webplus essentials,,303
amazon_1607,xantech 283tpd designer twin plug blink emitter,accessories supplies,xantech,283tpd,13.64,xantech 283tpd designer twin plug blink emitter,,238
walmart_548,targus dcfc01 expedition camera case,photography - general,targus,dcfc01,10.92,targus dcfc01 expedition camera case,,771
amazon_3894,dymo d-1 tape 0.25 inches x 23 feet black on clear 1 card 43610,labeling tapes,dymo,43610,,dymo d-1 tape 0.25 inches x 23 feet black on clear 1 card 43610,,386
walmart_1866,samsung clp-500rb opc drum,printers,samsung,clp-500rb,199.88,samsung clp-500rb opc drum,,363
amazon_2611,canon mp41dhii - mp41dhii two-color printing calculator 14-digit gloview lcd black red,storage presentation materials,canon,,,canon mp41dhii - mp41dhii two-color printing calculator 14-digit gloview lcd black red,,60
amazon_18936,xerox 108r00579 transfer roller for xerox phaser 7750 laser printer,printer roll holders,xerox,108r00579,153.57,xerox 108r00579 transfer roller for xerox phaser 7750 laser printer,,628
walmart_215,buffalo technology ministation metro 1 tb usb 2.0 portable external hard drive with integrated flex cable encryption and turbopc hd-pxt1tu2 b black,hard drives,buffalo technology,hdpxt1tu2b,99.82,buffalo technology ministation metro 1 tb usb 2.0 portable external hard drive with integrated flex cable encryption and turbopc hd-pxt1tu2 b black,,295
walmart_500,cobra highgear noise-canceling external speaker,stereos/audio,cobra,hg-s300,17.03,cobra highgear noise-canceling external speaker,,624
amazon_6729,logitech wireless mouse m305 dark fleur,mice,logitech,910-001898,24.17,logitech wireless mouse m305 dark fleur,,12
walmart_2191,chicago bears ipod touch 4g hard case,electronics - general,tribeca,fva4587,29.99,chicago bears ipod touch 4g hard case,,338
amazon_4282,avery 5029 clear self-adhesive filing labels 3-7 16 x 2 3 30 sheet 450 pack,file folder labels,avery,5029,14.2,avery 5029 clear self-adhesive filing labels 3-7 16 x 2 3 30 sheet 450 pack,,82
amazon_5644,quantum data cartridge dlttape s4 warranty mw,data cartridges,quantum,mr-s4mqn-01,95.24,quantum data cartridge dlttape s4 warranty mw,,636
amazon_4637,officemate 97228 - plastic coated paper clips no. 2 size assorted colors 800 pack,printers,officemate,,,officemate 97228 - plastic coated paper clips no. 2 size assorted colors 800 pack,,138
amazon_20314,netgear prosafe plus switch 8-port gigabit ethernet gs108e,switches,netgear,gs108e,77.18,netgear prosafe plus switch 8-port gigabit ethernet gs108e,,816
walmart_2199,hp 51644c hp 44 ink 1600 page-yield cyan,printers,hp,51644c,46.59,hp 51644c hp 44 ink 1600 page-yield cyan,,714
walmart_1525,cobra 16-mile range 22-channel gmrs 2-way radio,walkie-talkie/frs,cobra,cx-105,29.98,cobra 16-mile range 22-channel gmrs 2-way radio,,635
walmart_2264,lumiere la 100w 3200k tungsten halogen video light kit,photography - general,lumiere l.a.,vl100,86.0,lumiere la 100w 3200k tungsten halogen video light kit,,513
amazon_6615,tops 75101 - american pride writing pad jr. legal rule 5 x 8 white 12 50-sheet pads pack,internal hard drives,tops,,,tops 75101 - american pride writing pad jr. legal rule 5 x 8 white 12 50-sheet pads pack,,275
walmart_1286,mayline brighton series suspended box file pedestal cherry,storage,mayline,btbf20lcr,229.0,mayline brighton series suspended box file pedestal cherry,,136
amazon_15942,asus vw224t - 22-inch wide lcd monitor,monitors,asus,vw224t,144.0,asus vw224t - 22-inch wide lcd monitor,,655
amazon_22025,targus digital tg-6660tr 66-inch tripod with 3-way panhead,complete tripod units,targus,tgt-66tr,30.39,targus digital tg-6660tr 66-inch tripod with 3-way panhead,,196
amazon_11120,evga geforce 8400 gs 1 gb ddr3 pci-express 2.0 graphics card 01g-p3-1302-lr,graphics cards,evga,01g-p3-1302-lr,38.99,evga geforce 8400 gs 1 gb ddr3 pci-express 2.0 graphics card 01g-p3-1302-lr,,427
amazon_19540,new-clarion cz101 single cd mp3 wma aac receiver - clrcz101,car stereos,clarion,,104.9,new-clarion cz101 single cd mp3 wma aac receiver - clrcz101,,414
amazon_2432,actiontec megaplug 85 mbps ethernet adapter twin-pack,powerline network adapters,actiontec,hle08500-01k,65.99,actiontec megaplug 85 mbps ethernet adapter twin-pack,,571
amazon_2236,motorola vehicle dock for motorola atrix 4g with rapid car charger motorola retail packaging,car cradles,motorola,89456n,30.0,motorola vehicle dock for motorola atrix 4g with rapid car charger motorola retail packaging,,719
walmart_1753,pendaflex recycled top tab file guides 25 set,stationery & office machinery,,pn925,12.77,pendaflex recycled top tab file guides 25 set,,367
walmart_1441,verbatim 94892 datalifeplus 52x cd-r media,mp3 accessories,verbatim,94892,19.88,verbatim 94892 datalifeplus 52x cd-r media,,107
amazon_11340,franklin electronic publishers sa-309 spelling ace thesaurus with merriam-webster puzzle solver,audio video accessories,franklin electronics,sa-309,17.18,franklin electronic publishers sa-309 spelling ace thesaurus with merriam-webster puzzle solver,,589
amazon_11116,extended capacity maintanence kit for phaser 8550,cleaning repair,tektronix,108r00676,142.0,extended capacity maintanence kit for phaser 8550,,504
amazon_2701,motorola tz700 roadster visor speakerphone,faceplates,motorola,89423n,53.49,motorola tz700 roadster visor speakerphone,,328
walmart_1138,griffin technology powerjolt plus mobile,electronics - general,griffin technology,gc23073,29.99,griffin technology powerjolt plus mobile,,106
walmart_1640,sharp el-334mb basic calculator,stationery & office machinery,sharp,el334tb,15.99,sharp el-334mb basic calculator,,291
walmart_1482,cobra mobile cb radio with nightwatch illuminated display and swr antenna calibration,automotive - general,cobra,29-wxnwst,150.0,cobra mobile cb radio with nightwatch illuminated display and swr antenna calibration,,173
walmart_173,zoom telephonics 9006-00-00f wireless keyboard with touchpad,electronics - general,zoom,9006-00-00f,41.75,zoom telephonics 9006-00-00f wireless keyboard with touchpad,,698
amazon_656,cables unlimited usb-5010-05m 15-foot usb 2.0 clear a to b cable,usb cables,cables unlimited,usb-5010-05m,4.86,cables unlimited usb-5010-05m 15-foot usb 2.0 clear a to b cable,,413
amazon_4787,kodak easyshare m531 14mp hd digital camera w 3x optical 5x digital zoom 2.7 bright lcd screen red black 4gb sd card,point shoot digital camera bundles,kodak,m531,,kodak easyshare m531 14mp hd digital camera w 3x optical 5x digital zoom 2.7 bright lcd screen red black 4gb sd card,,557
amazon_3155,iosafe solo 1 tb fireproof and waterproof external hard drive 1 year data recovery service sl1000gbusb20 silver,external hard drives,iosafe,sl1000gbusb20,199.85,iosafe solo 1 tb fireproof and waterproof external hard drive 1 year data recovery service sl1000gbusb20 silver,,124
amazon_14795,jvc kdr320 kd-r320 kd-r320 cd receiver with dual aux,stereo amplifiers,jvc,kd-r320,58.95,jvc kdr320 kd-r320 kd-r320 cd receiver with dual aux,,778
walmart_1398,netgear universal wi-fi range extender,networking,netgear,wn3000rp100nas,79.88,netgear universal wi-fi range extender,,332
amazon_4432,cooler master centurion 534 plus atx mid tower case black - rc-534-kkn2-gp,computer cases,cooler master,rc-534-kkn2-gp,54.99,cooler master centurion 534 plus atx mid tower case black - rc-534-kkn2-gp,,279
walmart_476,razer pro click mobile notebook mouse pink,mice,razer,rp01-050106r1m1,40.84,razer pro click mobile notebook mouse pink,,828
amazon_11265,visiontek candyboard wireless mini keyboard with touchpad 900319,keyboard mouse combos,visiontek,900319,49.99,visiontek candyboard wireless mini keyboard with touchpad 900319,,205
amazon_13159,epson 78 magenta ink cartridge t078320,inkjet printer ink,epson,t078320,8.46,epson 78 magenta ink cartridge t078320,,299
amazon_10507,cobra xrs 9645 15 band radar laser detector with new digiview data display pop mode radar gun detection mode and digital compass,radar detectors,cobra,xrs 9645,87.0,cobra xrs 9645 15 band radar laser detector with new digiview data display pop mode radar gun detection mode and digital compass,,58
amazon_9060,hewlett-packard 51629a hp 29 black ink cartridge,inkjet printer ink,hp,51629a,9.95,hewlett-packard 51629a hp 29 black ink cartridge,,837
amazon_5255,verbatim 95355 ultralife 4.7 gb 8x gold archival grade dvd-r 50-disc spindle,dvd-r discs,verbatim,95355,72.28,verbatim 95355 ultralife 4.7 gb 8x gold archival grade dvd-r 50-disc spindle,,751
walmart_898,tp-link tl-sc3171g wireless day night surveillance camera,garden - general,tp link,tl-sc3171g,172.0,tp-link tl-sc3171g wireless day night surveillance camera,,372
amazon_17198,pny micro swivel attach 4 gb usb 2.0 flash drive p-fdu4gbsv-ef pnk pink,usb flash drives,pny,p-fdu4gbsv-ef / pnk,7.99,pny micro swivel attach 4 gb usb 2.0 flash drive p-fdu4gbsv-ef pnk pink,,770
amazon_14384,digital peripheral solutions q-see qs408-811-5 8 channel h. 264 dvr with 8 indoor outdoor cameras and 500gb hard drive,complete surveillance systems,q-see,qs408-811-5,424.38,digital peripheral solutions q-see qs408-811-5 8 channel h. 264 dvr with 8 indoor outdoor cameras and 500gb hard drive,,606
amazon_2576,casio green slim line projector xj-a235u,video projectors,casio,xj-a235u,,casio green slim line projector xj-a235u,,293
walmart_179,compucessory compucessory foldable noise canceling headphones black,electronics - general,compucessory,ccs59224,52.99,compucessory compucessory foldable noise canceling headphones black,,593
amazon_400,avery mini-sheets laser ink jet labels 1 x 2.625 inches white 200 per pack 2160,shipping labels,avery,02160,5.22,avery mini-sheets laser ink jet labels 1 x 2.625 inches white 200 per pack 2160,,576
amazon_20426,mach speed cartunes max fm transmitter,universal fm cassette adapters,mach speed,mp3-cartunes max,21.99,mach speed cartunes max fm transmitter,,126
amazon_11830,lg 32lk330 32-inch 720p 60 hz lcd hdtv,tvs,lg,32lk330,,lg 32lk330 32-inch 720p 60 hz lcd hdtv,,525
amazon_12273,bell o hd7101 high speed hdmi cables,hdmi cables,bell ' o,hd7101,31.97,bell o hd7101 high speed hdmi cables,,120
amazon_21964,4gb edge proshot sdhc memory card class6,hard drive enclosures,edge,edgdm-209780-pe,11.87,4gb edge proshot sdhc memory card class6,,292
walmart_2210,crown tire-track scraper needlepunch polypropylene vinyl mat 48 x 72 anthracite,rugs,crown,te0046ac,124.97,crown tire-track scraper needlepunch polypropylene vinyl mat 48 x 72 anthracite,,454
amazon_13722,panasonic kx-tg6645b dect 6.0 cordless phone with answering system black 5 handsets,cordless telephones,panasonic,kx-tg6645b,119.99,panasonic kx-tg6645b dect 6.0 cordless phone with answering system black 5 handsets,,762
walmart_1577,foldio p2 leather texture folio case for ipad 2 black,mp3 accessories,scosche,ipd2flbk,44.88,foldio p2 leather texture folio case for ipad 2 black,,612
amazon_8346,avery 11025 - metal rim key tags card stock metal 1-1 4 diameter white 50 pack,,avery,,9.63,avery 11025 - metal rim key tags card stock metal 1-1 4 diameter white 50 pack,,387
amazon_3961,belkin f3n401-06-ice ieee 1394 4-pin 6-pin 400 mbps firewire cable 6 feet,firewire cables,belkin,f3n401-06-ice,4.88,belkin f3n401-06-ice ieee 1394 4-pin 6-pin 400 mbps firewire cable 6 feet,,793
walmart_2516,night owl no-8lcd security products 8 lcd security monitor with audio,garden - general,night owl,no-8lcd,100.0,night owl no-8lcd security products 8 lcd security monitor with audio,,63
walmart_797,arkon cmp114 camera mount for windshield,dvd accessories,arkon,cmp114,10.98,arkon cmp114 camera mount for windshield,,675
walmart_769,accell proultra 4m hdmi ethernet cable,tv accessories,accell,b116c-013b-40,29.88,accell proultra 4m hdmi ethernet cable,,246
amazon_2887,belkin a3l791-s 3-foot rj45 cat 5e snagless molded patch cable blue,ethernet cables,belkin,a3l791-03-blu-s,2.79,belkin a3l791-s 3-foot rj45 cat 5e snagless molded patch cable blue,,25
amazon_15071,eye-fi connect x2 4 gb class 6 sdhc wireless flash memory card eye-fi-4cn,blank media,eye-fi,eye-fi-4cn,39.88,eye-fi connect x2 4 gb class 6 sdhc wireless flash memory card eye-fi-4cn,,511
walmart_461,expo low-odor dry erase marker eraser cleaner chisel fine 12 set,stationery & office machinery,expo,80054,21.94,expo low-odor dry erase marker eraser cleaner chisel fine 12 set,,810
amazon_10481,corsair cmx4gx3m2a1600c8 xms3 4 gb pc3-12800 core i5 memory kit,memory,corsair,cmx4gx3m2a1600c8,39.97,corsair cmx4gx3m2a1600c8 xms3 4 gb pc3-12800 core i5 memory kit,,347
amazon_17536,trodat e4850l - trodat econ micro 5-in-1 message stamp dater self-inking 1 x 3 4 blue red,laminating supplies,trodat,,,trodat e4850l - trodat econ micro 5-in-1 message stamp dater self-inking 1 x 3 4 blue red,,170
amazon_17317,oxford 40578 - 5-1 4 capacity box file storage box letter binder board black orange,,oxford,,,oxford 40578 - 5-1 4 capacity box file storage box letter binder board black orange,,297
amazon_10905,iluv universal windshield mount kit for iphone1g iphone 3gs iphone 4 ipod touch and other smart phones icc790blk,audio car mounts,iluv,icc790blk,26.12,iluv universal windshield mount kit for iphone1g iphone 3gs iphone 4 ipod touch and other smart phones icc790blk,,253
amazon_21374,royal ds3 postal rate scale 17012y,postal scales,royal,ds-3 digital postal scale,16.0,royal ds3 postal rate scale 17012y,,240
amazon_12654,netgear wn511b rangemax wireless-n notebook adapter,chargers adapters,netgear,wn511b-100nas,11.99,netgear wn511b rangemax wireless-n notebook adapter,,149
walmart_944,brother tn360 black toner cartridge,printers,brother,tn360,45.54,brother tn360 black toner cartridge,,162
amazon_6364,900e electronic time recorder - automatic sold individuall,printer accessories,lathem,,230.0,900e electronic time recorder - automatic sold individuall,,187
amazon_16205,new-quartet cmp32 - total erase 3-month modular planning system 36 x 24 aluminum frame - qrtcmp32,laminating supplies,quartet,,170.0,new-quartet cmp32 - total erase 3-month modular planning system 36 x 24 aluminum frame - qrtcmp32,,153
amazon_4705,lorex live lw1002w - cctv camera - outdoor - weatherproof - color day night - 360 tvl - audio pack of 2,webcams,lorex,lw1002w,170.28,lorex live lw1002w - cctv camera - outdoor - weatherproof - color day night - 360 tvl - audio pack of 2,,146
amazon_1082,headrest ipad car mnt turns into rear seat entertainment sys,touch screen tablet accessories,siig,ce-mt0e12-s1,23.58,headrest ipad car mnt turns into rear seat entertainment sys,,479
walmart_382,casio exilim ex-zs5 14.1 mp digital camera silver w 5x optical zoom 2.7 lcd display,digital cameras,casio,,100.0,casio exilim ex-zs5 14.1 mp digital camera silver w 5x optical zoom 2.7 lcd display,,40
amazon_5234,visiontek radeon hd6770 1 gb gddr5 hdmi dvi vga graphics card 900368,graphics cards,visiontek,900368,130.99,visiontek radeon hd6770 1 gb gddr5 hdmi dvi vga graphics card 900368,,119
walmart_788,humminbird 778c hd color fishing system,fishing and boating,humminbird,407930-1,499.46,humminbird 778c hd color fishing system,,307
amazon_12627,cables unlimited pcm-2240-03 svga video cable hdb15 male to male with 3.5 mm audio 3 feet,video cables,cables unlimited,pcm-2240-03,6.86,cables unlimited pcm-2240-03 svga video cable hdb15 male to male with 3.5 mm audio 3 feet,,739
amazon_2645,startech.com esata usb to sata external hard drive docking station for 2.5 or 3.5-inch satadocku2e - black,computers accessories,startech,satadocku2e,26.99,startech.com esata usb to sata external hard drive docking station for 2.5 or 3.5-inch satadocku2e - black,,37
amazon_20621,antec tricool 92mm dbb case fan with 3-spd switch 3 4-pin 3-pin monitoring,,antec,tricool 92mm dbb,8.25,antec tricool 92mm dbb case fan with 3-spd switch 3 4-pin 3-pin monitoring,,176
amazon_16059,slappa sl-nsv-121 15.4-inch lady damask laptop sleeve black white,bags cases,slappa,sl-nsv-121,26.99,slappa sl-nsv-121 15.4-inch lady damask laptop sleeve black white,,35
walmart_15,avery self-adhesive filing labels 1 3 cut 3-7 16 x 2 3 clear 450 pack,stationery & office machinery,avery,5029,21.47,avery self-adhesive filing labels 1 3 cut 3-7 16 x 2 3 clear 450 pack,,82
walmart_2502,svat twr301-gx012 digital wireless dvr security system with receiver sd card recording and long range night vision cameras,garden - general,svat electronics,twr301-gx012,249.82,svat twr301-gx012 digital wireless dvr security system with receiver sd card recording and long range night vision cameras,,271
amazon_13619,hp universal semi-gloss photo paper 36 inches x 100 feet roll,floppy diskettes,hp,q1421a,74.14,hp universal semi-gloss photo paper 36 inches x 100 feet roll,,700
amazon_6984,hp laserjet 78a black cartridge in retail packaging ce278a,laser printer toner,hp,ce278a,,hp laserjet 78a black cartridge in retail packaging ce278a,,746
amazon_18357,new-innovera d2130b - d2130b compatible high-yield toner 2500 page-yield black - ivrd2130b,computer accessories,innovera,,78.0,new-innovera d2130b - d2130b compatible high-yield toner 2500 page-yield black - ivrd2130b,,633
amazon_16350,xerox 108r00579 - 108r00579 transfer roller,home security systems,xerox,,,xerox 108r00579 - 108r00579 transfer roller,,628
walmart_469,midland xtc200 hd 720p extreme action camera,camcorders,midland,xtc200,155.88,midland xtc200 hd 720p extreme action camera,,559
amazon_2522,corsair hx3x12g1333c9 12 gb xms3 6 x 2 gb pc3-10600 1333mhz 240-pin ddr3 core i7 triple channel memory kit,memory,corsair,hx3x12g1333c9,119.99,corsair hx3x12g1333c9 12 gb xms3 6 x 2 gb pc3-10600 1333mhz 240-pin ddr3 core i7 triple channel memory kit,,117
amazon_8814,lexar jumpdrive firefly 8gb usb 2.0 flash drive ljdff8gbasbna charcoal,usb flash drives,lexar,ljdff8gbasbna,14.99,lexar jumpdrive firefly 8gb usb 2.0 flash drive ljdff8gbasbna charcoal,,728
amazon_16514,new-pendaflex rk15313 - two-ply dark kraft file folders 1 3 cut top tab legal brown 100 box - essrk15313,laminating supplies,pendaflex,,,new-pendaflex rk15313 - two-ply dark kraft file folders 1 3 cut top tab legal brown 100 box - essrk15313,,212
walmart_2267,cooler master storm 17 sf-19 laptop cooler,electronics - general,coolermaster,sga-6000-kkyf1,83.75,cooler master storm 17 sf-19 laptop cooler,,276
amazon_21757,oki 43502001 type 9 black toner cartridge,printer ink toner,oki data,43502001,68.11,oki 43502001 type 9 black toner cartridge,,682
walmart_1841,belkin f2e9142-wht-apl adc to dvi apple monitor adapter,electronics - general,belkin,f2e9142-wht-apl,29.88,belkin f2e9142-wht-apl adc to dvi apple monitor adapter,,39
amazon_9016,hp 56 black ink cartridge in retail packaging c6656an 140,printer ink toner,hp,hewc6656an,21.5,hp 56 black ink cartridge in retail packaging c6656an 140,,225
walmart_1964,just mobile aluminum slide stand for ipad silver,mp3 accessories,macsense,st-828,49.88,just mobile aluminum slide stand for ipad silver,,402
amazon_19123,prince of persia jc cs,audio video accessories,encore,21191,12.54,prince of persia jc cs,,183
amazon_6759,lexmark t650a11a black print t65x return program toner cartridge,printer ink toner,lexmark,t650a11a,128.92,lexmark t650a11a black print t65x return program toner cartridge,,305
walmart_428,hp 27 black inkjet cartridge c8727an,printers,hp,c8727an,19.97,hp 27 black inkjet cartridge c8727an,,167
amazon_1766,penpower portable color business card scanner worldcard ultra plus,scanners,penpower,penpower worldcard ultra plus,152.96,penpower portable color business card scanner worldcard ultra plus,,748
amazon_14869,mobile accessory kit,cases,amp,06-ce-mak1,31.39,mobile accessory kit,,214
amazon_11683,sunpak 72-in-1 high speed card reader - universal usb 2.0 card reader including sim,memory card readers,sunpak,,19.95,sunpak 72-in-1 high speed card reader - universal usb 2.0 card reader including sim,,102
amazon_16862,new-easy watch hidden camera in pir motion detection housing - dq2434,home security systems,mace,,172.0,new-easy watch hidden camera in pir motion detection housing - dq2434,,381
walmart_636,ep 16gb usb 2.0 mobile swingdrive flash drive,usb drives,ep memory,epsw/16gb -2.0,29.84,ep 16gb usb 2.0 mobile swingdrive flash drive,,813
amazon_3324,v7 3 button ps2 optical mouse,mice,v7,m30p20-7n,6.99,v7 3 button ps2 optical mouse,,415
amazon_16756,new-crown nr0310gy - needle rib wipe scrape mat polypropylene 36 x 120 gray - cwnnr0310gy,laminating supplies,crown,,143.0,new-crown nr0310gy - needle rib wipe scrape mat polypropylene 36 x 120 gray - cwnnr0310gy,,336
walmart_42,sony mdrex35lp vb colorful headphone with case - violet blue,mp3 accessories,sony,mdrex35lp/vb,13.54,sony mdrex35lp vb colorful headphone with case - violet blue,,16
walmart_1367,razer lycosa gaming keyboard,electronics - general,razer,lycosa,67.84,razer lycosa gaming keyboard,,554
amazon_1450,b-121c paper shredder,audio video accessories,fellowes,,133.84,b-121c paper shredder,,683
amazon_5511,simplism silicone case set for ipad brown,cases sleeves,simplism,tr-scipad-br/en,19.71,simplism silicone case set for ipad brown,,641
walmart_395,avery 8691 cd dvd and jewel case spine label,stationery & office machinery,avery,8691,27.54,avery 8691 cd dvd and jewel case spine label,,763
walmart_2488,rca cassette adapter,mp3 accessories,rca,ah760r,12.88,rca cassette adapter,,645
walmart_1930,targus ipad deluxe zierra case and accessory bundle black,mp3 accessories,targus,bus0250,79.99,targus ipad deluxe zierra case and accessory bundle black,,501
amazon_6508,arkon cmp114 camera video recorder windsheild dashboard mount,computer accessories,arkon,,11.99,arkon cmp114 camera video recorder windsheild dashboard mount,,675
walmart_388,fellowes b-121c shredder,stationery & office machinery,fellowes,fel3373001,369.99,fellowes b-121c shredder,,683
amazon_2813,da-lite tensioned cosmopolitan electrol - projection screen motorized - 1 1 - dual vision,projection screens,da-lite,cosmopolitan electrol,,da-lite tensioned cosmopolitan electrol - projection screen motorized - 1 1 - dual vision,,50
amazon_14918,hp touchstone charging dock for touchpad,docking stations,hp,fb339aa #aba,44.34,hp touchstone charging dock for touchpad,,615
walmart_2461,filemate imagine series k2010 usb standard keyboard,computers,,,15.12,filemate imagine series k2010 usb standard keyboard,,596
walmart_1686,boise aspen 30 office paper 92 brightness 20lb 8-1 2 x 14 5000 sheets carton,stationery & office machinery,,54901,52.54,boise aspen 30 office paper 92 brightness 20lb 8-1 2 x 14 5000 sheets carton,,356
amazon_16916,innovera m4640 - m4640 compatible remanufactured high-yield ink 484 page-yield black,hard drive bags,innovera,,,innovera m4640 - m4640 compatible remanufactured high-yield ink 484 page-yield black,,417
amazon_15489,sharp el-1192bl desktop 2 color printing calculator,printing,sharp,el-1192bl,36.89,sharp el-1192bl desktop 2 color printing calculator,,165
amazon_4496,case logic upc-2 mossy oak universal pocket,cases bags,case logic,upc-2,11.99,case logic upc-2 mossy oak universal pocket,,389
walmart_907,zalman n series ssd0064n1 mlc 64gb internal sata ii solid state drive,hard drives,zalman usa inc,ssd0064n1,144.0,zalman n series ssd0064n1 mlc 64gb internal sata ii solid state drive,,85
amazon_16818,new-post-it c50 - notes dispenser with weighted base plastic 12 x 8 x 2 charcoal gray - mmmc50,shredders,post-it,,41.06,new-post-it c50 - notes dispenser with weighted base plastic 12 x 8 x 2 charcoal gray - mmmc50,,580
amazon_16220,new-pendaflex pn925 - recycled top tab file guides alpha 1 5 tab pressboard letter 25 set - esspn925,laminating supplies,pendaflex,,27.0,new-pendaflex pn925 - recycled top tab file guides alpha 1 5 tab pressboard letter 25 set - esspn925,,367
amazon_9026,hp 16 inch notebook sleeve - onyx,bags cases,hp,nu561aa #aba,18.32,hp 16 inch notebook sleeve - onyx,,644
amazon_14924,hp 58 photo ink cartridge in retail packaging,inkjet printer ink,hp,c6658an/424,,hp 58 photo ink cartridge in retail packaging,,818
walmart_138,sony nsz-gt1 internet tv and blu-ray disc player powered by google tv,home theater,sony,nsz-gt1,198.0,sony nsz-gt1 internet tv and blu-ray disc player powered by google tv,,819
walmart_2507,griffin ipod touch 4g formfit case black clear,mp3 accessories,arkon,gb01957,17.13,griffin ipod touch 4g formfit case black clear,,242
walmart_1813,xantech 283tpd designer twin plug blink emitter,stereos/audio,xantech,283tpd,14.88,xantech 283tpd designer twin plug blink emitter,,238
walmart_2344,hp scanjet 5590 digital flatbed scanner,printers,hp,hp sj5590,273.99,hp scanjet 5590 digital flatbed scanner,,273
walmart_1282,d-link systems powerline av 4-port switch starter kit dhp-347av,networking,d-link,dhp-347av,112.0,d-link systems powerline av 4-port switch starter kit dhp-347av,,411
walmart_738,bond street ltd. 5 attach case aluminum 18 x 5 x 13-1 2 black silver,electronics - general,bond street ltd.,bnd416020sil,91.49,bond street ltd. 5 attach case aluminum 18 x 5 x 13-1 2 black silver,,17
amazon_20821,powermat pbl01-001-us wireless charging system for blackberry torch - charger - retail packaging - black,chargers,powermat,pbl01-001-us,38.45,powermat pbl01-001-us wireless charging system for blackberry torch - charger - retail packaging - black,,433
amazon_4900,imation dc6250 250 500mb cartridge 3m 1-pack,data cartridges,imation,42482,29.0,imation dc6250 250 500mb cartridge 3m 1-pack,,563
walmart_600,kensington k72334us slimblade mouse with nano receiver - laser,mice,kensington,k72334us,32.88,kensington k72334us slimblade mouse with nano receiver - laser,,111
walmart_829,joby gorillapod original yellow,photography - general,joby,gp1ayen,19.94,joby gorillapod original yellow,,586
walmart_1562,pioneer 10 subwoofer with single voice coil 350w,car stereos,pioneer,ts-w259s4,113.0,pioneer 10 subwoofer with single voice coil 350w,,846
walmart_1140,genius luxemate t810 wireless keyboard,electronics - general,genius,31340145100,89.99,genius luxemate t810 wireless keyboard,,562
walmart_1860,chicago white sox pink iphone 4 hard case,electronics - general,tribeca,fva4556,29.99,chicago white sox pink iphone 4 hard case,,434
amazon_15829,genius easypen i405 graphics tablet silver,graphics tablets,genius,31100058100,35.35,genius easypen i405 graphics tablet silver,,93
walmart_2006,cables unlimited usb 2.0 7 port hub with power,electronics - general,cables unlimited,usb-1870,27.0,cables unlimited usb 2.0 7 port hub with power,,262
walmart_317,siig headrest ipad car mount,mp3 accessories,siig,ce-mt0e12-s1,40.88,siig headrest ipad car mount,,479
amazon_2533,cooler master blademaster 120mm pwm high air flow silent case fan r4-bmbs-20pk-r0,case fans,cooler master,r4-bmbs-20pk-r0,9.77,cooler master blademaster 120mm pwm high air flow silent case fan r4-bmbs-20pk-r0,,623
walmart_1104,tomtom one carry case,gps,tomtom,9n00 .181,19.96,tomtom one carry case,,530
walmart_699,avery file folder labels on mini-sheets 3-7 16 x 2 3 300 pack,stationery & office machinery,avery,2180,9.21,avery file folder labels on mini-sheets 3-7 16 x 2 3 300 pack,,23
walmart_1922,avery postage meter labels for personal post office e700 1-3 16 x 6 white 60 pack,stationery & office machinery,avery,5289,9.54,avery postage meter labels for personal post office e700 1-3 16 x 6 white 60 pack,,128
amazon_14117,pioneer ts-w2502d2 10 in . champion series pro subwoofer with 3000 watts,accessories supplies,pioneer,ts-w2502d2,,pioneer ts-w2502d2 10 in . champion series pro subwoofer with 3000 watts,,230
amazon_12347,case logic vnc-218 18-inch laptop case black,laptop netbook computer accessories,case logic,vnc-218,29.24,case logic vnc-218 18-inch laptop case black,,542
walmart_426,ilive iphone alarm clock speaker,electronics - general,ilive,isp191b,42.88,ilive iphone alarm clock speaker,,163
walmart_585,iluv ipod nano 6g clear glare-free screen film,mp3 accessories,iluv,icc1113clr,11.88,iluv ipod nano 6g clear glare-free screen film,,99
amazon_21690,maxell 631012 blu-ray disc 15 pack,blank media,maxell,631012,14.03,maxell 631012 blu-ray disc 15 pack,,441
amazon_13589,iluv icc1112clr ipod nano 6g clear type protective film,printers,apple,,,iluv icc1112clr ipod nano 6g clear type protective film,,640
walmart_1545,royal ds3 postal rate scale,stationery & office machinery,royal,ds3,24.54,royal ds3 postal rate scale,,240
amazon_13318,ufc mixed martial arts lyoto machida mouse pad,mouse pads,wincraft,86210010,9.06,ufc mixed martial arts lyoto machida mouse pad,,30
amazon_8545,noise canceling headphone,headphones,compucessory,,24.49,noise canceling headphone,,593
walmart_1666,brother pt-18r p-touch label printer,printers,brother,pt-18r,129.88,brother pt-18r p-touch label printer,,842
walmart_1653,sabrent 32 usb 2.0 active extension cable,electronics - general,sabrent,cb-usbxt,13.88,sabrent 32 usb 2.0 active extension cable,,159
walmart_1353,kingston hyperx grey series 4gb 2 x 2gb ddr3 sdram 1600 240-pin desktop memory model,memory,kingston,khx1600c9d3x2k2/4gx,49.99,kingston hyperx grey series 4gb 2 x 2gb ddr3 sdram 1600 240-pin desktop memory model,,445
walmart_1963,human toolz 3-in-1 netbook pad galaxy black champagne,electronics - general,human toolz,3n1mgc,9.88,human toolz 3-in-1 netbook pad galaxy black champagne,,646
amazon_17701,cardinal 21110 - holdit self-adhesive multi-punched binder insert strips 25 strips pack,printer accessories,cardinal,,,cardinal 21110 - holdit self-adhesive multi-punched binder insert strips 25 strips pack,,537
walmart_545,roocase multi-angle leather case for lg g-slate 8.9-inch 4g tablet,electronics - general,roocase,222052,35.99,roocase multi-angle leather case for lg g-slate 8.9-inch 4g tablet,,298
amazon_2465,2.4 ghz wireless optical nano mouse black,mice,gear head,mp2800blk,11.99,2.4 ghz wireless optical nano mouse black,,701
amazon_20397,new-haier ptheatre 4 gb 2 pocket theater mp3 player with video - herptheatre,internal hard drives,haier,,,new-haier ptheatre 4 gb 2 pocket theater mp3 player with video - herptheatre,,366
amazon_10288,belkin f8z414ttp ac charger with swivel plug charge sync cable for ipod and iphone,chargers,belkin,f8z414ttp,14.99,belkin f8z414ttp ac charger with swivel plug charge sync cable for ipod and iphone,,62
walmart_2479,microsoft lifecam studio 1080p usb hd webcam q2f-00001,electronics - general,microsoft,q2f00001,57.82,microsoft lifecam studio 1080p usb hd webcam q2f-00001,,667
walmart_615,tp-link network tl-sg1024d 24 port gigabit desktop switch,networking,global marketing,tl-sg1024d,116.0,tp-link network tl-sg1024d 24 port gigabit desktop switch,,191
walmart_1932,hp 56 black inkjet cartridge c6656an,printers,hp,c6656an,23.97,hp 56 black inkjet cartridge c6656an,,225
walmart_1539,lexar platinum ii 16gb sd sdhc memory card,usb drives,lexar,lsd16gbsbna100,32.98,lexar platinum ii 16gb sd sdhc memory card,,621
walmart_714,vivitar high definition .43 x wide angle lens attachment,camera and camcorder accessories,vivitar,viv-43-58w,22.88,vivitar high definition .43 x wide angle lens attachment,,523
walmart_2408,sima 2-in-1 lens cleaner,photography - general,sima,ple,9.88,sima 2-in-1 lens cleaner,,286
amazon_8235,logitech wireless mouse m305 black,mice,logitech,910-001752,20.59,logitech wireless mouse m305 black,,823
amazon_15495,sennheiser sh230 monaural headset with microphone,accessories supplies,sennheiser,sh230,52.99,sennheiser sh230 monaural headset with microphone,,399
walmart_717,alera lcd crt mobile computer security cabinet 26w x 24d x 63h light gray,electronics - general,alera,alecc616326lg,524.99,alera lcd crt mobile computer security cabinet 26w x 24d x 63h light gray,,264
walmart_191,d-link dkvm-8e 8 - port kvm switch,networking,d-link,dkvm-8e,179.82,d-link dkvm-8e 8 - port kvm switch,,780
amazon_10869,medium oak veneer model b manual screen with matte white fabric - diagonal video format size 60 x 60 diagonal,projection screens,da-lite,,,medium oak veneer model b manual screen with matte white fabric - diagonal video format size 60 x 60 diagonal,,322
walmart_2063,gear head mp2300blk 3 button wireless optical wheel mouse - black silver,mice,gear head,mp2300blk,13.82,gear head mp2300blk 3 button wireless optical wheel mouse - black silver,,480
walmart_871,aoc 2236vw 22 widescreen lcd monitor in piano black,monitors,aoc,2236vw,129.0,aoc 2236vw 22 widescreen lcd monitor in piano black,,186
amazon_8845,kodak esp 3250 all-in-one printer for us,computers accessories,kodak,1758895,,kodak esp 3250 all-in-one printer for us,,841
walmart_2103,iogear 2-port usb 2.0 printer auto sharing switch black,computers,iogear,gub211w6,22.92,iogear 2-port usb 2.0 printer auto sharing switch black,,741
amazon_7970,case logic vnci-116 value 16-inch laptop backpack black,bags cases,case logic,vnci-116,22.0,case logic vnci-116 value 16-inch laptop backpack black,,526
walmart_2379,axis gk-013 107-key ps 2 keyboard black,computers,axis,gk-013,9.72,axis gk-013 107-key ps 2 keyboard black,,252
amazon_376,belkin f8v3311b10 hdmi to hdmi cable 10 feet,hdmi cables,belkin,f8v3311b10,8.79,belkin f8v3311b10 hdmi to hdmi cable 10 feet,,34
amazon_18140,new-2 .4 ghz wireless laser mouse with storable nano receiver - bh1631,,v7,,26.49,new-2 .4 ghz wireless laser mouse with storable nano receiver - bh1631,,115
walmart_313,sabrent 2-port vga high resolution video splitter,electronics - general,sabrent,vd-vs2p,24.88,sabrent 2-port vga high resolution video splitter,,637
walmart_1186,rca 22 class 1080p 60hz lcd hdtv 22la45rq,electronics : flat panel tv,rca,22la45rq,169.0,rca 22 class 1080p 60hz lcd hdtv 22la45rq,,712
walmart_34,hp 45 black inkjet cartridge 51645a,printers,hp,51645a,35.78,hp 45 black inkjet cartridge 51645a,,614
walmart_2107,atrend-bbox a201-12cp b box series single-sealed 10 up-fire enclosure,car stereos,atrend,a201-12cp,60.88,atrend-bbox a201-12cp b box series single-sealed 10 up-fire enclosure,,378
amazon_17026,pendaflex 4312 - hanging file folder tabs 1 3 tab 3 1 2 inch clear tab white insert 25 pack,hanging folders interior folders,pendaflex,,10.0,pendaflex 4312 - hanging file folder tabs 1 3 tab 3 1 2 inch clear tab white insert 25 pack,,666
amazon_356,brother 2-pack tc-20 1 2in black on white labeling tape for pt-6 8 10 12 15 20 150 170,labeling tapes,brother,tc20,22.99,brother 2-pack tc-20 1 2in black on white labeling tape for pt-6 8 10 12 15 20 150 170,,457
walmart_1777,panasonic kxfa132 film cartridge and film roll,camera and camcorder accessories,panasonic,kxfa132,49.84,panasonic kxfa132 film cartridge and film roll,,830
amazon_6808,2-in-1 lens cleaner,,sima,,18.22,2-in-1 lens cleaner,,286
amazon_594,clover electronics loc200 vcr dvr lock box with fan - medium black,surveillance cameras,clover,loc200,91.11,clover electronics loc200 vcr dvr lock box with fan - medium black,,154
walmart_723,razer orochi bluetooth laser gaming mouse - rz01-00300100-r3u1,mice,razer,rz01-00300100-r3u1,69.84,razer orochi bluetooth laser gaming mouse - rz01-00300100-r3u1,,662
walmart_2476,ifrogz ipod touch 4 luxe lean case white,mp3 accessories,ifrogz,it4ll-wht,24.99,ifrogz ipod touch 4 luxe lean case white,,668
amazon_780,buffalo technology mediastation 6x portable blu-ray writer br-px68u2 bk black,internal dvd drives,buffalo technology,br-px68u2 / bk,160.99,buffalo technology mediastation 6x portable blu-ray writer br-px68u2 bk black,,688
walmart_1189,marware c.e.o. hybrid ipad 2 case black,mp3 accessories,marware,602956007722,39.99,marware c.e.o. hybrid ipad 2 case black,,721
walmart_81,innovera heavyweight photo paper matte 8-1 2 x 11 50 sheets pack,stationery & office machinery,innovera,99650,11.7,innovera heavyweight photo paper matte 8-1 2 x 11 50 sheets pack,,476
walmart_1149,sony vf67cpam circular polarizing filter for 67mm dslr camera lens,camera and camcorder accessories,sony,vf67cpam,116.0,sony vf67cpam circular polarizing filter for 67mm dslr camera lens,,184
amazon_17519,gigabit desktop switch 24port 24 10 100 1000 m metal case,routers,global marketing partners,tl-sg1024d,119.99,gigabit desktop switch 24port 24 10 100 1000 m metal case,,191
walmart_1552,ematic universal ebook reader accessory kit,mp3 accessories,ematic,ea103,18.88,ematic universal ebook reader accessory kit,,659
amazon_12760,lorex lne1001 easy connect network ip remote surveillance camera white,surveillance cameras,lorex,lne1001,126.02,lorex lne1001 easy connect network ip remote surveillance camera white,,671
amazon_3051,hp 920 cyan ink cartridge in retail packaging ch634an 140,printer ink toner,hp,ch634an # 140,,hp 920 cyan ink cartridge in retail packaging ch634an 140,,374
amazon_20645,diaper dude eco green ipad case digi-ipadpet10,laptop netbook computer accessories,diaper dude,digi-ipadpet10,25.0,diaper dude eco green ipad case digi-ipadpet10,,131
walmart_2540,zyxel homeplug av 200mbps powerline wall plug adapter,networking,zyxel,pla401v3,47.92,zyxel homeplug av 200mbps powerline wall plug adapter,,393
walmart_1972,sandisk 8gb microsdhc memory card,usb drives,sandisk,sdsdq008ga11m,24.88,sandisk 8gb microsdhc memory card,,121
walmart_625,da-lite da-glas standard rear projection screen 72 x 96 video format,electronics - general,da-lite,27639,4448.99,da-lite da-glas standard rear projection screen 72 x 96 video format,,334
walmart_1968,chief manufacturing fusion large tilt wall mount 37 - 63 screens,furniture,chief manufacturing,,159.2,chief manufacturing fusion large tilt wall mount 37 - 63 screens,,509
amazon_3695,polaroid pif-300 instant film for 300 series cameras,film,polaroid,pif-300,11.08,polaroid pif-300 instant film for 300 series cameras,,461
walmart_1564,incipio smart feather for apple ipad 2 light blue,electronics - general,incipio,ipad-227,33.25,incipio smart feather for apple ipad 2 light blue,,572
amazon_16634,serif webplus essentials software,computers accessories,serif,,19.99,serif webplus essentials software,,303
walmart_1009,buffalo technology mediastation 6x blu-ray writer,electronics - general,buffalo technology,brpx68u2bk,164.82,buffalo technology mediastation 6x blu-ray writer,,688
amazon_6898,rubbermaid 40406ros - techfile plastic magazine file 3 x 9 5 8 x 11 5 8 black,printers,rubbermaid,,,rubbermaid 40406ros - techfile plastic magazine file 3 x 9 5 8 x 11 5 8 black,,36
walmart_905,targus akb04us slim internet media usb keyboard,computers,targus,akb04us,29.0,targus akb04us slim internet media usb keyboard,,566
amazon_7630,roocase executive portfolio magenta leather case cover with landscape portrait view for asus eee pad transformer 10.1-inch tf101 android tablet wi-fi,cases sleeves,roocase,,43.64,roocase executive portfolio magenta leather case cover with landscape portrait view for asus eee pad transformer 10.1-inch tf101 android tablet wi-fi,,130
amazon_21667,ampad 52115r - envirotec hanging file folder 1 5 tab 11 point letter standard green 25 box,printers,ampad,,,ampad 52115r - envirotec hanging file folder 1 5 tab 11 point letter standard green 25 box,,26
walmart_29,vantec nexstar mx dual 3.5 sata hard drive enclosure,electronics - general,vantec,nst-400mx-s2,49.71,vantec nexstar mx dual 3.5 sata hard drive enclosure,,383
amazon_9481,sony alpha vf67cpam circular polarizing filter black,filters,sony,vf67cpam,110.1,sony alpha vf67cpam circular polarizing filter black,,184
amazon_4362,3m privacy filter-3m pf14 .0 w widescreen laptop privacy screen 16 9,screen filters,3m,pf14 .0 w,40.95,3m privacy filter-3m pf14 .0 w widescreen laptop privacy screen 16 9,,266
walmart_131,sabrent usb 2.0 wireless 802.11 g adapter,networking,sabrent,nt-wghu,24.88,sabrent usb 2.0 wireless 802.11 g adapter,,591
amazon_18231,new-swingline 74030 - 20-sheet light touch desktop two - or three-hole punch 9 32 diameter hole - swi74030,shredders,swingline,,49.56,new-swingline 74030 - 20-sheet light touch desktop two - or three-hole punch 9 32 diameter hole - swi74030,,289
amazon_16989,scosche fcj1276ab 1974-up ford chrysler jeep multi-purpose kit including 1999-up grand cherokee intrepid cr1277,audio video accessories,scosche,fcj1276ab,11.37,scosche fcj1276ab 1974-up ford chrysler jeep multi-purpose kit including 1999-up grand cherokee intrepid cr1277,,166
amazon_790,logitech ultimate ears 700 noise-isolating earphones - dark silver,headphones,ultimate ears,985-000172,141.99,logitech ultimate ears 700 noise-isolating earphones - dark silver,,226
walmart_2047,corsair value select cmv4gx3m1a1333c9 4gb ddr3 1333mhz sdram desktop memory module,memory,corsair,cmv4gx3m1a1333c9,49.82,corsair value select cmv4gx3m1a1333c9 4gb ddr3 1333mhz sdram desktop memory module,,779
amazon_11841,kenwood kfc-1652s 6.5-inch 160 watt max power dual cone speaker system,coaxial speakers,kenwood,kfc-1652s,23.75,kenwood kfc-1652s 6.5-inch 160 watt max power dual cone speaker system,,626
walmart_2422,msi ati radeon hd6670 1gb ddr5 pci-express video card,electronics - general,msi,r6670-md1gd5,107.0,msi ati radeon hd6670 1gb ddr5 pci-express video card,,821
amazon_5842,michigan wolverines iphone 4 case silicone cover,computers accessories,tribeca,,17.99,michigan wolverines iphone 4 case silicone cover,,239
amazon_4667,maxell mygen flash auto backup 4 gb photo my4p black,usb flash drives,maxell,665107,20.25,maxell mygen flash auto backup 4 gb photo my4p black,,397
walmart_1607,maxell couleur series ear buds purple,mp3 accessories,maxell,190238,16.18,maxell couleur series ear buds purple,,204
walmart_1591,dymo labelmanager 260p,stationery & office machinery,dymo,1754490,59.97,dymo labelmanager 260p,,360
walmart_258,motorola ear-piece with boom microphone,phones,motorola,56320,14.88,motorola ear-piece with boom microphone,,410
walmart_25,hp ce278a black laserjet print cartridge,printers,hp,hp ce278a,69.84,hp ce278a black laserjet print cartridge,,746
amazon_11687,printer roller cleaner removes excess toner paper particles 8-1 2 x11 10 box rrtrr1237,dlt cleaning cartridges,read right,,7.06,printer roller cleaner removes excess toner paper particles 8-1 2 x11 10 box rrtrr1237,,206
walmart_472,targus truss case for ipad black blue,mp3 accessories,targus,thz06103us,69.88,targus truss case for ipad black blue,,709
amazon_11542,satellite speaker mounts-1pair,car audio video,siig,ce-mt0b12-s1,20.64,satellite speaker mounts-1pair,,263
amazon_13767,night owl security zeus-810 16-channel 8-camera h. 264 dvr surveillance kit with d1 recording and hdmi output,complete surveillance systems,night owl optics,zeus-810,676.63,night owl security zeus-810 16-channel 8-camera h. 264 dvr surveillance kit with d1 recording and hdmi output,,71
amazon_14545,cables unlimited tm 1 - port db25 parallel pci i o card ioc1000,computers accessories,cables unlimited,ioc1000,20.29,cables unlimited tm 1 - port db25 parallel pci i o card ioc1000,,508
walmart_2052,georgetown hoyas iphone 4 case black shell,electronics - general,tribeca,fva3162,29.99,georgetown hoyas iphone 4 case black shell,,323
amazon_14760,kingston valueram 1 gb 400mhz pc3200 ddr dimm desktop memory kvr400x64c3a 1g,memory,kingston,kvr400x64c3a/1g,37.5,kingston valueram 1 gb 400mhz pc3200 ddr dimm desktop memory kvr400x64c3a 1g,,797
amazon_10813,mohawk 36101 - color copy gloss paper 96 brightness 32lb 8-1 2 x 11 white 500 sheets ream,projection screens,mohawk,,,mohawk 36101 - color copy gloss paper 96 brightness 32lb 8-1 2 x 11 white 500 sheets ream,,69
walmart_2159,peerless plasma screen pedestal with rotation and tilt pedestal only,tv accessories,peerless,col510p,298.99,peerless plasma screen pedestal with rotation and tilt pedestal only,,219
walmart_688,kodak easyshare m530 red 12mp digital camera w 3x optical zoom 2.7 lcd w 50 bonus prints,digital cameras,kodak,m530 red,99.54,kodak easyshare m530 red 12mp digital camera w 3x optical zoom 2.7 lcd w 50 bonus prints,,533
amazon_16535,new-mayline btbf20lcr - brighton series suspended box file pedestal 15w x 19d x 20h cherry - mlnbtbf20lcr,laminating supplies,mayline,,289.0,new-mayline btbf20lcr - brighton series suspended box file pedestal 15w x 19d x 20h cherry - mlnbtbf20lcr,,136
walmart_604,genius easypen i405 graphics tablet - 4 - 2540 lpi - pen - usb,computers,genius,31100058100,47.82,genius easypen i405 graphics tablet - 4 - 2540 lpi - pen - usb,,93
amazon_20844,new-uniden d1680 dect 6.0 cordless phone system with answering system call waiting caller id single-handset system - unnd1680,cordless telephones,uniden,,37.87,new-uniden d1680 dect 6.0 cordless phone system with answering system call waiting caller id single-handset system - unnd1680,,547
walmart_324,corsair xms2 2gb 2 x 1gb pc2-6400 800mhz 240-pin ddr2 cl5 dual channel desktop memory kit - twin2x4096-6400c5c,memory,corsair,twin2x4096-6400c5c,72.82,corsair xms2 2gb 2 x 1gb pc2-6400 800mhz 240-pin ddr2 cl5 dual channel desktop memory kit - twin2x4096-6400c5c,,123
amazon_13167,energizer er-p240 nickel-metal hydride cordless phone battery,batteries,energizer,er-p240,7.99,energizer er-p240 nickel-metal hydride cordless phone battery,,447
amazon_9553,simplism protector film for ipad anti-glare,laptop netbook computer accessories,simplism,tr-pfsipad-ag/en,11.47,simplism protector film for ipad anti-glare,,694
amazon_7233,x651h11a high-yield toner 25000 page-yield black,inkjet printer ink,lexmark,,413.69,x651h11a high-yield toner 25000 page-yield black,,335
walmart_2118,antec tricool 92mm double ball bearing case fan,electronics - general,antec,tricool 92mm dbb,8.25,antec tricool 92mm double ball bearing case fan,,176
walmart_2054,samsung ht-d5300 3d wi-fi ready home theater system,home theater,samsung,ht-d5300,298.0,samsung ht-d5300 3d wi-fi ready home theater system,,172
amazon_14800,jvc haf150r gumy headphone red,headphones,jvc,haf150r,7.38,jvc haf150r gumy headphone red,,750
amazon_14944,hp scanjet 5590 digital flatbed scanner - flatbed scanner - duplex - legal - 2400 dpi x 2400 dpi - adf 50 sheets - hi-speed usb,scanners,hp,5590 digital flatbed scanner,285.0,hp scanjet 5590 digital flatbed scanner - flatbed scanner - duplex - legal - 2400 dpi x 2400 dpi - adf 50 sheets - hi-speed usb,,273
walmart_1832,arkon sgt-7ss sun shade for samsung galaxy tab,car stereos,arkon,sgt-7ss,16.88,arkon sgt-7ss sun shade for samsung galaxy tab,,486
amazon_6961,human toolz 3-in-1 netbook pad galaxy black champagne,mice,humantoolz,3n1mgc,5.99,human toolz 3-in-1 netbook pad galaxy black champagne,,646
amazon_8180,pc treasures 11.6-inch pocketpro netbook case - red,bags cases,pc treasures,07068,10.55,pc treasures 11.6-inch pocketpro netbook case - red,,632
walmart_2513,mach speed cartunes max range fm transmitter mp3 player,mp3,mach speed,cartunesmax,29.99,mach speed cartunes max range fm transmitter mp3 player,,126
walmart_2371,ifrogz summit case for ipad 2 black,mp3 accessories,ifrogz,ipad2sumblk,59.99,ifrogz summit case for ipad 2 black,,670
walmart_1210,verbatim 10-pack 50gb 6x blu-ray double layer recordable disc,mp3 accessories,verbatim,97335,94.88,verbatim 10-pack 50gb 6x blu-ray double layer recordable disc,,570
walmart_1861,innovera d2130b black compatible high-yield toner print cartridge,printers,innovera,d2130b,58.9,innovera d2130b black compatible high-yield toner print cartridge,,633
walmart_231,edge 16gb sdhc hd video card class 6,usb drives,edge tech,pe222604,38.84,edge 16gb sdhc hd video card class 6,,786
walmart_1473,xantech cpl10 rf ir coupler,stereos/audio,xantech,cpl10,11.88,xantech cpl10 rf ir coupler,,349
walmart_765,startech 2 port pci express superspeed usb 3.0 card adapter,electronics - general,startech,pexusb3s2,39.98,startech 2 port pci express superspeed usb 3.0 card adapter,,412
amazon_4586,netgear universal wi-fi range extender wn3000rp,routers,netgear,wn3000rp,69.66,netgear universal wi-fi range extender wn3000rp,,332
walmart_2255,vantec nexstar3 superspeed 2.5 sata to usb 3.0 external hard drive enclosure,electronics - general,vantec,nst-280s3-bk,26.62,vantec nexstar3 superspeed 2.5 sata to usb 3.0 external hard drive enclosure,,758
amazon_6451,crosley cr249-ta radio keepsake usb turntable-tan,turntables,crosley,cr249 ta,111.86,crosley cr249-ta radio keepsake usb turntable-tan,,348
amazon_15351,thermaltake tt esports challenger ultimate gaming keyboard fan cooler 64kb on-board memory kb-chu003us black with black light switch,controllers,thermaltake,kb-chu003us,86.0,thermaltake tt esports challenger ultimate gaming keyboard fan cooler 64kb on-board memory kb-chu003us black with black light switch,,684
walmart_2508,sanus powerbridge in wall power and cable management,electronics - general,sanus,,84.99,sanus powerbridge in wall power and cable management,,210
walmart_684,weyerhaeuser company multiuse premium paper 98 brightness 24lb 8-1 2 x 14 white 500 sheets ream,stationery & office machinery,,85781,12.47,weyerhaeuser company multiuse premium paper 98 brightness 24lb 8-1 2 x 14 white 500 sheets ream,,656
walmart_1024,motorola xoom vehicle power adapter,laptop computers,motorola,89453n,26.99,motorola xoom vehicle power adapter,,86
walmart_1549,comprehensive 1 4 standard phone plug to 3-pin xlr jack set of 10,tv accessories,comprehensive,spp-xlrj,79.9,comprehensive 1 4 standard phone plug to 3-pin xlr jack set of 10,,147
amazon_6572,canon 2454b002 imageformula dr-2010c compact color scanner,scanners,canon,2454b002,400.0,canon 2454b002 imageformula dr-2010c compact color scanner,,384
amazon_19119,premium porcelain dry erase board,computers accessories,3m,,293.77,premium porcelain dry erase board,,491
walmart_90,dane-elec 8gb high-speed compact flash memory card,usb drives,dane-elec,dacf3008gc,44.88,dane-elec 8gb high-speed compact flash memory card,,151
amazon_17864,ape case ac252 tri-fold travel wallet digital camera case,computers accessories,ape case,,,ape case ac252 tri-fold travel wallet digital camera case,,359
walmart_2160,nikon d3000 black 10.2 mp dslr camera kit with af-s dx nikkor 18-55mm f 3.5-5 .6 g vr lens w 50 bonus prints,digital cameras,nikon,d3000 kit,443.99,nikon d3000 black 10.2 mp dslr camera kit with af-s dx nikkor 18-55mm f 3.5-5 .6 g vr lens w 50 bonus prints,,208
walmart_2239,xerox 101r00421 transfer unit,printers,xerox,101r00421,349.0,xerox 101r00421 transfer unit,,502
amazon_4817,kensington k72353us wireless presenter pro with green laser pointer,laser pointers,kensington,k72353us,59.88,kensington k72353us wireless presenter pro with green laser pointer,,634
amazon_10128,audio source bi5 new construction bracket in-wall 5.25 inches mount,speaker parts components,audiosource,bi5,17.29,audio source bi5 new construction bracket in-wall 5.25 inches mount,,603
walmart_1197,kensington k72335us ci10 fit wireless notebook laser mouse,mice,kensington,k72335us,24.84,kensington k72335us ci10 fit wireless notebook laser mouse,,440
walmart_1960,nikon speedlight sb700 electronic flash for d7000,photography - general,nikon,sb700,329.0,nikon speedlight sb700 electronic flash for d7000,,843
walmart_1437,plantronics usb-to-headset adapter,electronics - general,plantronics,da-40,27.98,plantronics usb-to-headset adapter,,546
amazon_10517,cleaning cards for canon cr-series check scanners box of 15,scanners,canon,1904v566,21.95,cleaning cards for canon cr-series check scanners box of 15,,468
walmart_920,xantech sllc1 speaker level to line converter,stereos/audio,xantech,sllc1,40.88,xantech sllc1 speaker level to line converter,,197
amazon_3694,4 port dvi-usb kvm switch with four usb dvi cables,kvm switches,belkin,f1dd104l,163.99,4 port dvi-usb kvm switch with four usb dvi cables,,423
walmart_816,atrend-bbox a361-10cp b box series single speaker,car stereos,atrend,a361-10cp,56.88,atrend-bbox a361-10cp b box series single speaker,,284
amazon_2668,buffalo technology network usb 2.0 print server lpv3-u2,print servers,buffalo technology,lpv3-u2,47.05,buffalo technology network usb 2.0 print server lpv3-u2,,88
amazon_17371,3-hole punched plastic edge strip magazine holders,printer accessories,rubbermaid,,,3-hole punched plastic edge strip magazine holders,,733
walmart_66,q-see professional indoor dome camera qsd360,garden - general,q-see,qsd360,99.82,q-see professional indoor dome camera qsd360,,319
walmart_530,tops american pride writing pad jr. legal rule 5x8 white 12 50-sheet pads pack,stationery & office machinery,tops business forms,75101,18.88,tops american pride writing pad jr. legal rule 5x8 white 12 50-sheet pads pack,,275
amazon_6362,accell proultra supreme b116c-013b-40 high speed hdmi cable with ethernet 4m,hdmi cables,accell,b116c-013b-40,21.68,accell proultra supreme b116c-013b-40 high speed hdmi cable with ethernet 4m,,246
walmart_1280,rolodex wood tone desk pad mahogany 24 x 19,stationery & office machinery,rolodex,23390,37.94,rolodex wood tone desk pad mahogany 24 x 19,,168
amazon_10845,just mobile lazy couch for ipad macbook,cases sleeves,just mobile,lc-200,12.87,just mobile lazy couch for ipad macbook,,505
walmart_1952,pc treasures clickit classic mouse black,mice,pc treasures,07667,16.8,pc treasures clickit classic mouse black,,534
amazon_18372,los angeles lakers ipod touch 4g hard case,computers accessories,tribeca,,29.99,los angeles lakers ipod touch 4g hard case,,439
walmart_2231,jwin caf nites in-ear earphones pink,electronics - general,iluv,iep222pnk,9.88,jwin caf nites in-ear earphones pink,,231
walmart_1829,viewsonic pocket camcorder projector,camcorders,viewsonic,3dv5,129.98,viewsonic pocket camcorder projector,,100
amazon_5577,samsung t249 prepaid phone blue t-mobile,no-contract phones,samsung,t239,59.99,samsung t249 prepaid phone blue t-mobile,,8
amazon_15003,griffin screen care kit for ipad matte,laptop netbook computer accessories,griffin technology,gb01595,9.58,griffin screen care kit for ipad matte,,133
walmart_1999,siig wireless ultra-slim multimedia mini keyboard,electronics - general,siig,jk-wr0612-s1,30.88,siig wireless ultra-slim multimedia mini keyboard,,736
amazon_7338,ultraclear screen protector for bold9000 portable audio cellular accessories,batteries,polaroid,pscucbb9000,11.87,ultraclear screen protector for bold9000 portable audio cellular accessories,,343
walmart_309,lenovo performance back pack,electronics - general,lenovo,41u5254,31.51,lenovo performance back pack,,711
amazon_4494,q-see qsdb8209c 2.4-inch digital wireless portable monitor with wireless night vision and audio camera,surveillance cameras,q-see,qsdb8209c,82.52,q-see qsdb8209c 2.4-inch digital wireless portable monitor with wireless night vision and audio camera,,216
walmart_541,igo bn00281-0002 dual usb wall auto charger,mp3 accessories,igo,bn00281-0002,36.16,igo bn00281-0002 dual usb wall auto charger,,312
walmart_2477,jvc inner-ear sports clip earbuds violet,electronics - general,jvc,haebx5v,19.95,jvc inner-ear sports clip earbuds violet,,541
walmart_810,startech.com icusb1284 6 ft usb to parallel printer adapter,printers,startech,icusb1284,15.88,startech.com icusb1284 6 ft usb to parallel printer adapter,,442
amazon_7610,samsung 33-0525-05 samsung fasciante i500 oem multimedia dock,accessories supplies,samsung,,47.1,samsung 33-0525-05 samsung fasciante i500 oem multimedia dock,,446
amazon_20006,zyxel 16-port unmanaged fast ethernet switch es1100-16,switches,zyxel,es1100-16,57.05,zyxel 16-port unmanaged fast ethernet switch es1100-16,,796
amazon_19353,viewsonic 3dv5 pocket 3d hd camcorder with 5m ff lens,camcorders,viewsonic,3dv5,99.0,viewsonic 3dv5 pocket 3d hd camcorder with 5m ff lens,,100
amazon_20740,hp gw405at usb 2-button laser mouse,mice,hp,gw405at,18.09,hp gw405at usb 2-button laser mouse,,663
walmart_2017,crown ecoplus mat 4 x 6 charcoal,home care,crown,ecr046ch,144.97,crown ecoplus mat 4 x 6 charcoal,,485
walmart_54,canon imageformula dr-2010c compact color scanner,electronics - general,canon,dr-2010c,479.98,canon imageformula dr-2010c compact color scanner,,384
walmart_1256,netgear wireless-n 150 access point wn604,networking,netgear,wn604-100nas,55.88,netgear wireless-n 150 access point wn604,,499
walmart_91,da-lite deluxe anti-sway brace for fast fold deluxe screens,electronics - general,da-lite,93605,132.99,da-lite deluxe anti-sway brace for fast fold deluxe screens,,539
amazon_2284,nikon sb-700 af speedlight flash for nikon digital slr cameras,flashes,nikon,sb700,,nikon sb-700 af speedlight flash for nikon digital slr cameras,,843
amazon_2788,logitech wireless mouse m305 silver filament 910-002463,mice,logitech,910-002463,20.95,logitech wireless mouse m305 silver filament 910-002463,,567
walmart_475,lowrance elite-5 dsi fishfinder base,fish finder,lowrance,000-10236-001,740.84,lowrance elite-5 dsi fishfinder base,,346
amazon_8870,kinamax vd-vs2p kinamax 2 port vga video splitter with up to 2048x1536 high resolution and 350mhz,computers accessories,kinamax,vd-vs2p,24.99,kinamax vd-vs2p kinamax 2 port vga video splitter with up to 2048x1536 high resolution and 350mhz,,637
walmart_1370,zyxel wap3205 wireless n access point,networking,zyxel,wap3205,49.88,zyxel wap3205 wireless n access point,,653
walmart_895,diaper dude black coated grey digi laptop sleeve 13,electronics - general,diaper dude,207492,32.0,diaper dude black coated grey digi laptop sleeve 13,,620
amazon_16058,smead 64259 - 2 capacity box bottom hanging file folders letter green 25 box,,smead,,29.18,smead 64259 - 2 capacity box bottom hanging file folders letter green 25 box,,647
walmart_2331,visual land v-motion pro 4gb mp3 player,mp3,visual land,me9644gbblk,39.88,visual land v-motion pro 4gb mp3 player,,156
walmart_1903,microsoft laptop roller bag destination,computers,microsoft,39203,102.88,microsoft laptop roller bag destination,,29
amazon_10617,netgear wireless router for video and gaming wndr37av,routers,netgear,wndr37av-100nas,119.99,netgear wireless router for video and gaming wndr37av,,274
amazon_16231,new-pendaflex 01156 - portafile expanding organizer with 19 pockets letter black - ess01156,laminating supplies,pendaflex,,,new-pendaflex 01156 - portafile expanding organizer with 19 pockets letter black - ess01156,,213
amazon_1152,asus radeon hd 6870 1gb 256-bit gddr5 pci express dual dvi hdmi video card with eyefinity eah6870 dc 2di2s 1gd5,computers accessories,asus,eah6870 dc/2di2s/1gd5,201.16,asus radeon hd 6870 1gb 256-bit gddr5 pci express dual dvi hdmi video card with eyefinity eah6870 dc 2di2s 1gd5,,794
amazon_17483,new-ampad 35113 - envirotec recycled file folders 1 3 cut top tab letter brown 100 box - amp35113,laminating supplies,ampad,,30.0,new-ampad 35113 - envirotec recycled file folders 1 3 cut top tab letter brown 100 box - amp35113,,22
walmart_1102,iogear miniview micro kvm switch,networking,iogear,gcs62,25.88,iogear miniview micro kvm switch,,51
walmart_1499,officemate plastic coated paper clips assorted colors 800pk,stationery & office machinery,officemate,97228,8.88,officemate plastic coated paper clips assorted colors 800pk,,138
walmart_1522,hp q1413a universal heavyweight coated paper,stationery & office machinery,hp,q1413a,58.78,hp q1413a universal heavyweight coated paper,,609
amazon_16783,3m 7274t - o-cel-o sponge w 3m stayfresh technology 4-7 10 x 3 x 3 5 4 pack,,3m,,10.85,3m 7274t - o-cel-o sponge w 3m stayfresh technology 4-7 10 x 3 x 3 5 4 pack,,177
amazon_7853,iogear 2-port miniview micro ps 2 kvm switch with 2 cables gcs62,kvm switches,iogear,gcs62,18.99,iogear 2-port miniview micro ps 2 kvm switch with 2 cables gcs62,,51
walmart_148,xerox 108r00579 transfer roller,printers,xerox,108r00579,199.88,xerox 108r00579 transfer roller,,628
amazon_559,cooler master vortex plus cpu cooler rr-vtps-28pk-r1,computers accessories,cooler master,rr-vtps-28pk-r1,25.15,cooler master vortex plus cpu cooler rr-vtps-28pk-r1,,54
amazon_8304,belkin f3u138-06 pro series usb 5-pin mini-b cable 6-feet,usb cables,belkin,f3u138-06,5.05,belkin f3u138-06 pro series usb 5-pin mini-b cable 6-feet,,282
walmart_864,fellowes office suites monitor riser 8031101,electronics - general,fellowes,8031101,38.88,fellowes office suites monitor riser 8031101,,839
amazon_5101,fellowes hi def mouse cordless-5btn silver blue usb 98904,mice,fellowes,98904,44.84,fellowes hi def mouse cordless-5btn silver blue usb 98904,,510
amazon_7347,trendnet 450 mbps wireless n access point tew-690ap black,wireless access points,trendnet,tew-690ap,119.99,trendnet 450 mbps wireless n access point tew-690ap black,,574
amazon_12333,ata molded utility case 11.7 x 16.7 x 5.9,media storage organization,gator,,139.99,ata molded utility case 11.7 x 16.7 x 5.9,,677
walmart_1919,creative labs d100 speakers green,portable audio,creative labs,mf8090aa004,79.99,creative labs d100 speakers green,,777
amazon_9990,case logic cde-72 72 capacity heavy duty cd wallet blue,disc storage wallets,case logic,cde-72blue,14.71,case logic cde-72 72 capacity heavy duty cd wallet blue,,361
walmart_65,epson t020201 color ink cartridge,printers,epson,t020201,27.0,epson t020201 color ink cartridge,,494
amazon_12463,diaper dude black coated grey laptop sleeve 13-inch digi - lp13cc400,bags cases,diaper dude,digi - lp13cc400,32.0,diaper dude black coated grey laptop sleeve 13-inch digi - lp13cc400,,620
walmart_1632,case logic high zoom camera case,mp3 accessories,case logic,152256,17.59,case logic high zoom camera case,,65
walmart_2149,kodak easyshare m552 dark pink 14mp digital camera w 5x optical zoom 2.7 lcd display w 50 bonus prints,digital cameras,kodak,m552pink,94.54,kodak easyshare m552 dark pink 14mp digital camera w 5x optical zoom 2.7 lcd display w 50 bonus prints,,548
amazon_20108,mionix naos 5000 laser gaming mouse,gaming mice,mionix,26426,79.99,mionix naos 5000 laser gaming mouse,,601
walmart_1868,q-see qsdb8209c 2.4 inches digital wireless monitoring system night vision and audio camera,garden - general,q-see,qsdb8209c,129.82,q-see qsdb8209c 2.4 inches digital wireless monitoring system night vision and audio camera,,216
walmart_2497,samsung ml1610d2 toner drum black,printers,samsung,ml1610d2,93.99,samsung ml1610d2 toner drum black,,664
walmart_707,lg 42 ultra - slim 42lv5500,electronics : flat panel tv,lg,42lv5500,879.0,lg 42 ultra - slim 42lv5500,,515
amazon_3144,garmin fishfinder 140 with 4.7-inch display and dual-beam transducer,accessories supplies,garmin,010-00460-00,92.96,garmin fishfinder 140 with 4.7-inch display and dual-beam transducer,,436
amazon_5207,wintec filemate 4 gb compactflash card,memory cards,wintec,3fmcf4gb-r,14.99,wintec filemate 4 gb compactflash card,,59
amazon_9550,skooba design skin 1617 for laptops 725-303,,roadwired,725-303,35.59,skooba design skin 1617 for laptops 725-303,,478
amazon_12895,jvc has600b light weight headphones black,headphones,jvc,has600b,28.58,jvc has600b light weight headphones black,,316
amazon_16307,new-108r00602 maintenance kit case pack 1 - 513983,computer accessories,xerox,,327.94,new-108r00602 maintenance kit case pack 1 - 513983,,277
walmart_737,lexmark t650a11a black toner print cartridge,printers,lexmark,t650a11a,202.87,lexmark t650a11a black toner print cartridge,,305
amazon_16837,new-mead 06622 - spiral bound notebook college rule 8-1 2 x 11 white 100 sheets pad - mea06622,storage presentation materials,mead,,12.24,new-mead 06622 - spiral bound notebook college rule 8-1 2 x 11 white 100 sheets pad - mea06622,,578
walmart_2080,alera valencia series reversible return bridge shell,furniture,alera,va354824my,109.0,alera valencia series reversible return bridge shell,,669
walmart_20,mead spiral bound notebook college rule,stationery & office machinery,mead,6622,3.88,mead spiral bound notebook college rule,,578
walmart_178,jvc flats lightweight folding headphones silver,electronics - general,jvc,has160s,36.88,jvc flats lightweight folding headphones silver,,351
walmart_2353,sony dpw30r2h 1.4 gb camcorder 8cm dvd rw,mp3 accessories,sony,dpw30r2h,8.88,sony dpw30r2h 1.4 gb camcorder 8cm dvd rw,,449
amazon_16352,xantech 282d designer emitter single,amplifier installation,xantech,,,xantech 282d designer emitter single,,759
amazon_4424,corsair force series 115 gb sata 3.0 gb-s 2.5-inch high performance sata ii solid state drive f115gb2-brkt-a,computer components,corsair,cssd-f115gb2-brkt-a,178.12,corsair force series 115 gb sata 3.0 gb-s 2.5-inch high performance sata ii solid state drive f115gb2-brkt-a,,202
amazon_10365,apc le1200 line-r 1200va automatic voltage regulator,uninterrupted power supply ups,apc,le1200,47.99,apc le1200 line-r 1200va automatic voltage regulator,,673
amazon_20794,sony vmc-mhc1 1.5 meter hd output adapter cable for cyber-shot cameras,cases bags,sony,vmc-mhc1,2.99,sony vmc-mhc1 1.5 meter hd output adapter cable for cyber-shot cameras,,718
walmart_1827,casio exilim ex-zs10 14.1 mp digital camera black w 5x optical zoom 2.7 lcd display,digital cameras,casio,ex-zs10bk,120.0,casio exilim ex-zs10 14.1 mp digital camera black w 5x optical zoom 2.7 lcd display,,431
walmart_95,hp ce505xd black laserjet print cartridges 2pk,printers,hp,hp ce505xd,258.84,hp ce505xd black laserjet print cartridges 2pk,,676
walmart_1992,wintec filemate 4gb sdhc secure digital flash memory card,usb drives,wintec,3fmsd4gb-r,7.99,wintec filemate 4gb sdhc secure digital flash memory card,,473
walmart_1246,i-tec ipad anti-glare screen protector,mp3 accessories,i-tec electronics,t6020,17.88,i-tec ipad anti-glare screen protector,,517
walmart_201,seagate freeagent goflex 500gb usb 2.0 ultra-portable hard drive black,hard drives,seagate,9zf2a2-570,71.07,seagate freeagent goflex 500gb usb 2.0 ultra-portable hard drive black,,114
amazon_11083,garmin etrex summit hc handheld gps receiver,handheld gps,garmin,010-00633-00,166.88,garmin etrex summit hc handheld gps receiver,,116
amazon_10706,marware eco-flip for ipad 2 black 602956008545,cases sleeves,marware,602956008545,23.41,marware eco-flip for ipad 2 black 602956008545,,564
amazon_6548,canon powershot sx130is 12.1 mp digital camera with 12x wide angle optical image stabilized zoom with 3.0-inch lcd,point shoot digital cameras,canon,sx130is,193.86,canon powershot sx130is 12.1 mp digital camera with 12x wide angle optical image stabilized zoom with 3.0-inch lcd,,734
walmart_218,griffin technology outfit gloss ipod touch 4g black,mp3 accessories,griffin technology,gb01967,24.99,griffin technology outfit gloss ipod touch 4g black,,380
amazon_17810,new-avery 5029 - self-adhesive filing labels 1 3 cut 2 3 x 3-7 16 clear 450 pack - ave5029,other office equipment,avery,,35.0,new-avery 5029 - self-adhesive filing labels 1 3 cut 2 3 x 3-7 16 clear 450 pack - ave5029,,82
walmart_2356,sharp electronics electronic dictionary pw-e550,computers,sharp,pwe550,72.58,sharp electronics electronic dictionary pw-e550,,754
amazon_10127,audio source bi8 new construction bracket in-wall 8 inches mount,speaker parts components,audiosource,bi8,17.29,audio source bi8 new construction bracket in-wall 8 inches mount,,573
walmart_1345,innovera softskin gel wrist rest black,electronics - general,innovera,51452,11.25,innovera softskin gel wrist rest black,,134
walmart_130,kensington virtuoso ipad stylus and pen,mp3 accessories,kensington,k39304us,17.54,kensington virtuoso ipad stylus and pen,,75
walmart_424,cooler master storm sniper edition black,electronics - general,coolermaster,sgc6000kxn1g,146.25,cooler master storm sniper edition black,,256
walmart_1119,startech 100mbps full low profile ethernet multi mode sc fiber pci network card pci100mmsc,networking,startech,pci100mmsc,97.52,startech 100mbps full low profile ethernet multi mode sc fiber pci network card pci100mmsc,,638
walmart_2190,benq ms612st 3d-ready projector,electronics - general,benq,ms612st,699.0,benq ms612st 3d-ready projector,,294
amazon_7824,nextware jellybean case for ipad - black,cases sleeves,nextware,jelpad-bk,18.32,nextware jellybean case for ipad - black,,704
amazon_3469,startech.com expresscard to cardbus laptop adapter cb2ec,memory card adapters,startech,cb2ec,30.0,startech.com expresscard to cardbus laptop adapter cb2ec,,745
walmart_2244,clover loc200 lock box with fan for vcr dvr,computers,clover electronics,loc200,94.24,clover loc200 lock box with fan for vcr dvr,,154
walmart_1728,scosche convertible 6 speaker adapter,car stereos,scosche,sa68,11.88,scosche convertible 6 speaker adapter,,97
amazon_5172,zyxel wap3205 wireless n access point ethernet client and universal repeater,wireless access points,zyxel,wap3205,39.99,zyxel wap3205 wireless n access point ethernet client and universal repeater,,653
amazon_15653,plantronics gamecom 367 closed-ear gaming headset,accessories supplies,plantronics,gamecom367,24.84,plantronics gamecom 367 closed-ear gaming headset,,155
walmart_1236,royal px70mx paper shredder,stationery & office machinery,royal consumer,29160j,69.99,royal px70mx paper shredder,,425
amazon_19283,da-lite da-plex thru-the-wall rear projection screen - 78 x 139 hdtv format,projection screens,da-lite,23077,9258.99,da-lite da-plex thru-the-wall rear projection screen - 78 x 139 hdtv format,,32
walmart_2438,lacie fastkey 120gb usb 3.0 flash drive,usb drives,lacie,lac130980,449.0,lacie fastkey 120gb usb 3.0 flash drive,,469
amazon_6194,brother p-touch pt-18r rechargeable labeling system,label makers,brother,pt-18r,88.99,brother p-touch pt-18r rechargeable labeling system,,842
walmart_906,startech.com cb2ec expresscard to pcmcia adapter card,networking,startech,cb2ec,52.82,startech.com cb2ec expresscard to pcmcia adapter card,,745
amazon_17274,new-smead 37160 - recycled end tab fastener folders straight cut 11 point legal manila 50 box - smd37160,laminating supplies,smead,,71.0,new-smead 37160 - recycled end tab fastener folders straight cut 11 point legal manila 50 box - smd37160,,507
walmart_2029,toshiba 55 class lcd 1080p 120hz hdtv 55g310u,television,toshiba,55g310u,899.0,toshiba 55 class lcd 1080p 120hz hdtv 55g310u,,799
walmart_561,da-lite da-plex self trimming rear projection screen - 96 x 120 av format,electronics - general,da-lite,27903,7799.99,da-lite da-plex self trimming rear projection screen - 96 x 120 av format,,373
amazon_16226,new-pendaflex 16640 - conversion folders straight cut top tab letter manila 100 box - ess16640,laminating supplies,pendaflex,,68.0,new-pendaflex 16640 - conversion folders straight cut top tab letter manila 100 box - ess16640,,496
amazon_14803,just mobile slide stand for ipad silver,audio car mounts,just mobile,st-828,27.6,just mobile slide stand for ipad silver,,402
amazon_5560,chicago white sox pink iphone 4 hard case,computers accessories,tribeca,,23.99,chicago white sox pink iphone 4 hard case,,434
amazon_3758,panasonic bb-hcm580a 21x optical zoom pan tilt security network camera silver,surveillance cameras,panasonic,bb-hcm580a,639.99,panasonic bb-hcm580a 21x optical zoom pan tilt security network camera silver,,693
amazon_4597,mukii transimp tip-pu301cb usb 3.0 2 port express card adapter,memory card adapters,mukii,tip-pu301cb,29.99,mukii transimp tip-pu301cb usb 3.0 2 port express card adapter,,333
amazon_18710,logitech portable lapdesk n315,cooling pads,logitech,939-000181,23.95,logitech portable lapdesk n315,,844
amazon_14202,bower ss2477g digital camera wrist strap 1.50-inch - grey,binocular accessories,bower,ss2477g,5.99,bower ss2477g digital camera wrist strap 1.50-inch - grey,,512
walmart_1007,xerox 108r00676 extended-capacity maintenance kit for phaser 8550 printer,printers,xerox,108r00676,151.54,xerox 108r00676 extended-capacity maintenance kit for phaser 8550 printer,,504
amazon_235,new-c9202kh toner 14000 page yield black case pack 1 - 516736,computer accessories,lexmark,,663.42,new-c9202kh toner 14000 page yield black case pack 1 - 516736,,616
walmart_784,manhattan 150705 superspeed usb to sata adapter,electronics - general,,150705,47.84,manhattan 150705 superspeed usb to sata adapter,,110
walmart_1714,s j paper mla end tab classification folder,stationery & office machinery,,s59720,64.94,s j paper mla end tab classification folder,,337
walmart_2510,sabrent 5-port usb 2.0 pci card adapter,electronics - general,sabrent,sbt-ali5y,9.88,sabrent 5-port usb 2.0 pci card adapter,,144
walmart_1720,smead a-z indexed expanding files 21 pockets kraft letter brown,stationery & office machinery,,70121,12.47,smead a-z indexed expanding files 21 pockets kraft letter brown,,460
walmart_1606,tripp lite smartonline su1500rtxl2ua 1500va tower rack mountable ups,electronics - general,tripp lite,su1500rtxl2ua,599.0,tripp lite smartonline su1500rtxl2ua 1500va tower rack mountable ups,,699
walmart_101,case logic slr camera backpack,mp3 accessories,case logic,dcb-309black,79.99,case logic slr camera backpack,,607
amazon_12852,new-standard dslr holster - cl4398,cases bags,ape case,,37.63,new-standard dslr holster - cl4398,,324
amazon_19299,inland pro iphone and ipod 3-in-one charging kit,chargers,inland,08521,9.84,inland pro iphone and ipod 3-in-one charging kit,,181
amazon_18200,da-plex base rear projection screen - 40 1 4 x 53 3 4 video format,projection screens,da-lite,,1525.99,da-plex base rear projection screen - 40 1 4 x 53 3 4 video format,,705
walmart_1121,polaroid i1237 red 12.0 mp digital camera w 3x optical zoom 2.7 lcd display,digital cameras,polaroid,cim-1237r,58.88,polaroid i1237 red 12.0 mp digital camera w 3x optical zoom 2.7 lcd display,,435
amazon_8897,joby gp1-eyen gorillapod flexible tripod yellow,,joby,gp1-0yen,14.0,joby gp1-eyen gorillapod flexible tripod yellow,,586
amazon_3254,xantech 283dmw designer blink emitter single mini wire,office electronics,xantech,283dmw,13.09,xantech 283dmw designer blink emitter single mini wire,,421
amazon_18330,new-quality park 64126 - antistatic fiberboard disk mailer 6 x 8 5 8 white recycled 25 box - qua64126,storage presentation materials,quality park,,51.15,new-quality park 64126 - antistatic fiberboard disk mailer 6 x 8 5 8 white recycled 25 box - qua64126,,241
walmart_330,scosche increased dynamic range chameleon earphones idr355md,mp3 accessories,scosche,idr355md,24.34,scosche increased dynamic range chameleon earphones idr355md,,783
amazon_2527,cooler master storm sf 19 17 laptop cooler with usb 3.0 sga-6000-kkyf1,computers accessories,cooler master,sga-6000-kkyf1,79.99,cooler master storm sf 19 17 laptop cooler with usb 3.0 sga-6000-kkyf1,,276
amazon_8297,belkin f8v235-12 12-foot y audio cable,audio cables,belkin,f8v235-12,4.86,belkin f8v235-12 12-foot y audio cable,,692
walmart_1324,kensington profit wired full size mouse,mice,kensington,k72343us,19.88,kensington profit wired full size mouse,,430
amazon_4378,d-link dcs-1100 mydlink-enabled 10 100 fixed ip network camera with built-in microphone,surveillance cameras,d-link,dcs-1100,99.82,d-link dcs-1100 mydlink-enabled 10 100 fixed ip network camera with built-in microphone,,775
amazon_4884,inner-ear sports clip earbuds - violet,printer accessories,jvc,,24.56,inner-ear sports clip earbuds - violet,,541
walmart_2328,xantech 282d designer emitter single,stereos/audio,xantech,282d,15.88,xantech 282d designer emitter single,,759
amazon_1128,new garmin 010-00777-00 foretrex 401 portable gps system gps,printers,garmin,,223.2,new garmin 010-00777-00 foretrex 401 portable gps system gps,,595
amazon_3593,sandisk microsdhctm 8gb memory card,memory cards,sandisk,sdsdq-8192,4.44,sandisk microsdhctm 8gb memory card,,121
amazon_13921,cables unlimited usb1870 usb 2.0 7-port desktop hub with power,hubs,cables unlimited,usb-1870,24.99,cables unlimited usb1870 usb 2.0 7-port desktop hub with power,,262
walmart_1252,samsung 60-2707-05 samsung galaxy tab multimedia dock,electronics - general,samsung,60-2707-05,37.88,samsung 60-2707-05 samsung galaxy tab multimedia dock,,583
amazon_14294,apricorn aegis padlock 250 gb usb 2.0 256-bit encrypted portable external hard drive a25-pl256-250 grey,usb flash drives,apricorn,a25-pl256-250,99.94,apricorn aegis padlock 250 gb usb 2.0 256-bit encrypted portable external hard drive a25-pl256-250 grey,,401
walmart_931,crosley radio keepsake usb turntable tan,stereos/audio,arkon,cr249-ta,118.0,crosley radio keepsake usb turntable tan,,348
walmart_2260,panasonic kx-tga6645b dect 6.0 plus expandable digital cordless answering system with 5 handsets,electronics - general,panasonic,kx-tg6645b,150.0,panasonic kx-tga6645b dect 6.0 plus expandable digital cordless answering system with 5 handsets,,762
amazon_17578,new-universal 73700 - manila file jackets with reinforced tabs two inch expansion letter - unv73700,laminating supplies,universal,,49.0,new-universal 73700 - manila file jackets with reinforced tabs two inch expansion letter - unv73700,,342
walmart_429,western digital 2tb my book studio edition ii external hard drive,computers,western digital,wdh2q20000n,199.0,western digital 2tb my book studio edition ii external hard drive,,619
amazon_10661,midland lxt385vp3 24-mile 22-channel frs gmrs two-way radio camouflage pair,gmrs-frs two-way radios,midland,lxt385vp3,32.52,midland lxt385vp3 24-mile 22-channel frs gmrs two-way radio camouflage pair,,825
amazon_10608,buddy products 52014 - dr. pocket steel add-on single pocket wall file letter black,printers,buddy,,,buddy products 52014 - dr. pocket steel add-on single pocket wall file letter black,,245
walmart_1380,samsung c3050 gsm cell phone gray unlocked,electronics - general,samsung,c3050,74.99,samsung c3050 gsm cell phone gray unlocked,,826
amazon_14553,paper mate 1739312 - megalead mechanical pencil starter set 0.7 mm 2 erasure refills blue barrel,printer accessories,paper mate,,23.96,paper mate 1739312 - megalead mechanical pencil starter set 0.7 mm 2 erasure refills blue barrel,,139
amazon_8494,cyber acoustics stereo headset microphone with volume mute ac-401,headsets microphones,cyber acoustics,ac401,14.61,cyber acoustics stereo headset microphone with volume mute ac-401,,789
walmart_2315,seiko slp-mrl multipurpose label,stationery & office machinery,seiko,slp-mrl,14.88,seiko slp-mrl multipurpose label,,180
walmart_996,maxell timbers wood earbuds oak,electronics - general,maxell,190243 teb-o,29.88,maxell timbers wood earbuds oak,,650
walmart_1498,visiontek radeon hd6770 1gb gddr5 graphics card,electronics - general,visiontek,900368,145.0,visiontek radeon hd6770 1gb gddr5 graphics card,,119
walmart_1311,kingston 1gb ddr pc-3200 400mhz ddr 184 pin desktop memory module,memory,kingston,kvr400x64c3a1g,50.92,kingston 1gb ddr pc-3200 400mhz ddr 184 pin desktop memory module,,797
walmart_114,xantech 100w decora-style impedance matching volume control,stereos/audio,xantech,xvcd100,56.88,xantech 100w decora-style impedance matching volume control,,105
walmart_639,audiosource bi5 5 in-wall construction bracket mount,furniture,audiosource,bi5,25.88,audiosource bi5 5 in-wall construction bracket mount,,603
walmart_1946,verbatim 1tb mediashare home network storage server,hard drives,verbatim,97159,109.98,verbatim 1tb mediashare home network storage server,,812
walmart_2266,lyoto machida mouse pad,mice,wincraft,86210010,16.99,lyoto machida mouse pad,,30
walmart_1460,sonnet carapace silicone keyboard cover,electronics - general,sonnet technologies inc,kp-mb,16.88,sonnet carapace silicone keyboard cover,,836
amazon_4519,canon powershot elph 100 hs 12 mp cmos digital camera with 4x optical zoom blue,point shoot digital cameras,canon,elph 100 hs - bl,179.0,canon powershot elph 100 hs 12 mp cmos digital camera with 4x optical zoom blue,,772
amazon_17494,new-1382920 toner 3000 page yield black case pack 1 - 516495,computer accessories,lexmark,,574.19,new-1382920 toner 3000 page yield black case pack 1 - 516495,,182
amazon_11048,griffin na02046 dflex protection system for ipod touch 4 front only,cases,griffin technology,na02046,8.99,griffin na02046 dflex protection system for ipod touch 4 front only,,484
amazon_5462,crown wcrplpdw - clean step dirt grabber mat 60-sheet refill pad 30w x 24h 4 carton white,printer accessories,crown,,,crown wcrplpdw - clean step dirt grabber mat 60-sheet refill pad 30w x 24h 4 carton white,,756
amazon_2759,marware c.e.o. hybrid for ipad 2 black 602956007722,cases sleeves,marware,602956007722,26.2,marware c.e.o. hybrid for ipad 2 black 602956007722,,721
amazon_1249,zoom zdtv wireless keyboard 9006 - keyboard - wireless - 2.4 ghz - 78 keys - touchpad - usb wireless receiver - qwerty,keyboards,zoom telephonics,9006,36.99,zoom zdtv wireless keyboard 9006 - keyboard - wireless - 2.4 ghz - 78 keys - touchpad - usb wireless receiver - qwerty,,698
walmart_2248,arrowmounts cantilever retractable wall mount for flat panel tvs up to 27,tv accessories,arrowmounts,am-p16b,39.99,arrowmounts cantilever retractable wall mount for flat panel tvs up to 27,,536
amazon_18387,new-expo 8474 - dry erase eraserxl with replaceable pad felt 10w x 2d - san8474,radios,expo,,23.0,new-expo 8474 - dry erase eraserxl with replaceable pad felt 10w x 2d - san8474,,630
amazon_20693,netopia 3346n-ent adsl adsl2 modem 4 port switch,routers,netopia,3346n-ent,107.99,netopia 3346n-ent adsl adsl2 modem 4 port switch,,398
walmart_2074,basyx return shell 48-1 4 x24 x29 medium cherry,furniture,basyx,,252.0,basyx return shell 48-1 4 x24 x29 medium cherry,,544
walmart_693,canon mp41dhii printing calculator,stationery & office machinery,canon,mp41dhii,70.88,canon mp41dhii printing calculator,,60
amazon_18138,new-51644c hp 44 ink 1600 page-yield cyan case pack 1 - 512953,computer accessories,hp,,97.84,new-51644c hp 44 ink 1600 page-yield cyan case pack 1 - 512953,,714
amazon_7346,trendnet 14dbi high power wireless outdoor poe access point tew-455apbo white,wireless access points,trendnet,tew-455apbo,250.84,trendnet 14dbi high power wireless outdoor poe access point tew-455apbo white,,477
walmart_1641,griffin powerblock dual universal black,mp3 accessories,griffin,na23061,27.88,griffin powerblock dual universal black,,260
amazon_6885,samsung ec-wb700 digital camera with 14 mp and 18x optical zoom black,point shoot digital cameras,samsung,ec-wb700zbpbus,,samsung ec-wb700 digital camera with 14 mp and 18x optical zoom black,,255
amazon_16298,new-advantus 75406 - premier heavy-duty retractable id card reel 24 extension black chrome 12 box - avt75406,label makers,advantus,,77.0,new-advantus 75406 - premier heavy-duty retractable id card reel 24 extension black chrome 12 box - avt75406,,41
amazon_5635,rca ah760r cd auto cassette adapter,universal fm cassette adapters,rca,ah760r,6.79,rca ah760r cd auto cassette adapter,,645
amazon_2138,seal shield ssk107 medical grade keyboard,computers accessories,seal shield,ssk107,30.88,seal shield ssk107 medical grade keyboard,,190
amazon_19257,new-midland xtc200 hd 720p extreme action camera - mdlxtc200,binoculars,midland,,182.6,new-midland xtc200 hd 720p extreme action camera - mdlxtc200,,559
walmart_875,bravo view 12.1 ovr-121wfm overhead monitor,car stereos,bravo,ovr-121wfm,148.0,bravo view 12.1 ovr-121wfm overhead monitor,,43
walmart_172,asus us radeon 1gb gddr5 hd6870 pci express graphics card,electronics - general,asus,eah6870d2di2s1g,199.82,asus us radeon 1gb gddr5 hd6870 pci express graphics card,,794
walmart_1708,pendaflex straight cut conversion folders letter manila box of 100,stationery & office machinery,,16640,33.94,pendaflex straight cut conversion folders letter manila box of 100,,496
walmart_1905,ocz technology 110gb revodrive pci express solid state drive,hard drives,ocz technologies,oczssdpx1rvd110,429.99,ocz technology 110gb revodrive pci express solid state drive,,598
amazon_20419,techcool travel cooler,,micro innovations,5290100,8.05,techcool travel cooler,,306
walmart_1137,cooler master hyper tx 3 with intel amd support,electronics - general,coolermaster,rr-910-htx3-g1,19.99,cooler master hyper tx 3 with intel amd support,,531
amazon_14894,ibm 28p2010 toner cartridge for ibm infoprint 1130 4530 1140 4540 high-yield black,laser printer toner,ibm,28p2010,209.99,ibm 28p2010 toner cartridge for ibm infoprint 1130 4530 1140 4540 high-yield black,,487
amazon_3273,western digital my book studio ii - 2 tb 2 x 1 tb usb 2.0 firewire 800 400 esata desktop external hard drive,external hard drives,western digital,wdh2q20000n,179.99,western digital my book studio ii - 2 tb 2 x 1 tb usb 2.0 firewire 800 400 esata desktop external hard drive,,619
amazon_9095,genuine hp 56 c6656an black inkjet print cartridge,inkjet printer ink,hp,c6656an,24.19,genuine hp 56 c6656an black inkjet print cartridge,,225
walmart_1423,pny 4gb mini flash drive,usb drives,pny,p-fd4gb / mini-efm1,12.88,pny 4gb mini flash drive,,244
walmart_2158,hp black notebook sleeve,electronics - general,hp,hp nu561aa,15.0,hp black notebook sleeve,,644
amazon_11625,sabrent sbt-ali5y 5 port hi-speed usb 2.0 pci hi speed card adapter,computers accessories,sabrent,sbt-ali5y,9.39,sabrent sbt-ali5y 5 port hi-speed usb 2.0 pci hi speed card adapter,,144
amazon_18152,da-lite 27903 da-plex self trimming rear projection screen - 96 x 120 av format,projection screens,da-lite,,,da-lite 27903 da-plex self trimming rear projection screen - 96 x 120 av format,,373
amazon_11129,epson t020201 color ink cartridge,inkjet printer ink,epson,t020201,18.7,epson t020201 color ink cartridge,,494
walmart_575,garmin foretrex 401 portable gps system,fish finder,garmin,010-00777-00,174.88,garmin foretrex 401 portable gps system,,595
amazon_11428,startech.com 6 feet usb to db25 parallel printer adapter cable - m f icusb1284d25,connectors adapters,startech,icusb1284d25,14.25,startech.com 6 feet usb to db25 parallel printer adapter cable - m f icusb1284d25,,442
amazon_1303,visioneer roadwarrior mobile 600 dpi usb scanner rw120-wu,scanners,visioneer,rw120-wu,,visioneer roadwarrior mobile 600 dpi usb scanner rw120-wu,,290
amazon_17388,cardinal 14201 - zippered binder pockets 8-1 2 x 11 clear 3 pockets pack,storage presentation materials,cardinal,,,cardinal 14201 - zippered binder pockets 8-1 2 x 11 clear 3 pockets pack,,327
amazon_21076,targus rg0315c pulse backpack for notebooks up to 15.4-inch screens black,bags cases,targus,rg0315c,32.82,targus rg0315c pulse backpack for notebooks up to 15.4-inch screens black,,376
walmart_1418,lexmark t650h11a black high-yield toner print cartridge,printers,lexmark,t650h11a,565.2,lexmark t650h11a black high-yield toner print cartridge,,463
walmart_1671,sony hd output adapter cable,photography - general,sony,vmc-mhc1,32.0,sony hd output adapter cable,,718
amazon_3615,sabrent sbt-pca4 4-port usb 2.0 firewire 1394 32-bit pcmcia cardbus combo adapter,cables interconnects,sabrent,sbt-pca4,18.99,sabrent sbt-pca4 4-port usb 2.0 firewire 1394 32-bit pcmcia cardbus combo adapter,,164
walmart_652,startech 6 rj-45 to db9 cisco console management router cable,electronics - general,startech,db9concabl6,19.0,startech 6 rj-45 to db9 cisco console management router cable,,424
walmart_745,zotac geforce gt 220 synergy edition pci express 1gb ddr2 graphics card,electronics - general,zotac,zt-20203-10l,68.33,zotac geforce gt 220 synergy edition pci express 1gb ddr2 graphics card,,729
amazon_20212,startech.com 1-port pci express dual profile parallel adapter card - spp epp ecp pex1p,memory card adapters,startech,pex1p,26.99,startech.com 1-port pci express dual profile parallel adapter card - spp epp ecp pex1p,,458
walmart_2257,master caster big foot no-slip rubber wedge gray 2pk,home care,master caster,00972,8.79,master caster big foot no-slip rubber wedge gray 2pk,,377
amazon_6494,vivitar 50-in-1 card reader viv-rw-50,memory card readers,vivitar,viv-rw-50,6.45,vivitar 50-in-1 card reader viv-rw-50,,735
amazon_8070,vantec nexstar mx nst-400mx-sr dual 3.5-inch sata to usb 2.0 and esata with jbod raid 0 1 external hard drive enclosure black,hard drive enclosures,vantec,nst-400mx-sr,91.99,vantec nexstar mx nst-400mx-sr dual 3.5-inch sata to usb 2.0 and esata with jbod raid 0 1 external hard drive enclosure black,,89
walmart_1022,siig 2.5 sata superspeed usb 3.0 hard drive enclosure,electronics - general,siig,ju-sa0912-s1,20.39,siig 2.5 sata superspeed usb 3.0 hard drive enclosure,,304
walmart_7,visioneer rw120-wu roadwarrior sheetfed scanner,electronics - general,visioneer,rw120-wu,199.98,visioneer rw120-wu roadwarrior sheetfed scanner,,290
walmart_502,startech pci express to pci riser card,electronics - general,startech,pex1pci1r,47.92,startech pci express to pci riser card,,44
amazon_13540,scosche foldio p2 black leather texture folio case for ipad 2 ipd2flbk,laptop netbook computer accessories,scosche,ipd2flbk,,scosche foldio p2 black leather texture folio case for ipad 2 ipd2flbk,,612
walmart_681,optoma bl-fp200c replacement projector lamp for hd70 home theater projector,monitors,optoma,bl-fp200c,264.84,optoma bl-fp200c replacement projector lamp for hd70 home theater projector,,808
amazon_13173,ematic emw5001 full-motion wall mount kit for 37-inch to 50-inch tv with 6-feet and 15-feet hdmi cable cleaning solution and cleaning cloth,tv mounts,ematic,emw5001,79.99,ematic emw5001 full-motion wall mount kit for 37-inch to 50-inch tv with 6-feet and 15-feet hdmi cable cleaning solution and cleaning cloth,,228
walmart_294,siig usb 2.0 bay media card reader,usb drives,siig,ju-mr0012-s1,16.82,siig usb 2.0 bay media card reader,,28
walmart_1424,nzxt phantom crafted series atx full tower steel chassis black,electronics - general,nzxt,nzxt phantom,139.82,nzxt phantom crafted series atx full tower steel chassis black,,654
amazon_4691,new-si640 laser mouse w nano recvr - k72334us,connectors adapters,kensington,,46.33,new-si640 laser mouse w nano recvr - k72334us,,111
amazon_17218,pinnacle studio ultimate collection v. 15,computers accessories,avid,82103002401,99.99,pinnacle studio ultimate collection v. 15,,57
walmart_2324,motorola netopia 3346n-ent broadband router,networking,motorola,3346n-ent,103.84,motorola netopia 3346n-ent broadband router,,398
amazon_638,canon imageclass mf4570dn laser multifunction printer 4509b020aa,laser all-in-one printers,canon,mf4570dn,186.95,canon imageclass mf4570dn laser multifunction printer 4509b020aa,,540
walmart_1030,canon x25 toner cartridge 8489a001aa,printers,canon,8489a001aa,79.53,canon x25 toner cartridge 8489a001aa,,405
walmart_2519,buffalo network usb print server lpv3-u2 - print server - hi-speed usb - en fast en - 10base-t 100base-tx,computers,buffalo technology,lpv3-u2,53.84,buffalo network usb print server lpv3-u2 - print server - hi-speed usb - en fast en - 10base-t 100base-tx,,88
walmart_2096,inland titan pro rolling notebook case,computers,inland,ipi02453,47.88,inland titan pro rolling notebook case,,824
walmart_136,casio xj-a235u green slim dlp projector,electronics - general,casio,xja235u,1199.99,casio xj-a235u green slim dlp projector,,293
walmart_351,acer iconia tab with wi-fi 10.1 touchscreen tablet pc featuring android 3.0 honeycomb operating system aluminum metallic - 32gb,laptop computers,acer,a500-10s32u,498.0,acer iconia tab with wi-fi 10.1 touchscreen tablet pc featuring android 3.0 honeycomb operating system aluminum metallic - 32gb,,680
walmart_1396,dj-tech t545a 15 600w 2-way active loudspeaker,stereos/audio,dj tech,t545a,358.0,dj-tech t545a 15 600w 2-way active loudspeaker,,10
amazon_9730,plustek book reader v100,scanners,plustek,b66-bbe21-a,476.7,plustek book reader v100,,211
amazon_9635,samsung galaxy tab desktop dock ecr-d980begsta,docking stations,samsung,ecr-d980begsta,27.9,samsung galaxy tab desktop dock ecr-d980begsta,,583
amazon_13845,fellowes 8030401 laptop goriser,laptop netbook computer accessories,fellowes,8030401,14.95,fellowes 8030401 laptop goriser,,143
amazon_17879,rubbermaid 96600ros - six-tier jumbo incline sorter plastic 9 3 8 x 10 1 2 x 7 3 8 clear,laminating supplies,rubbermaid,,41.69,rubbermaid 96600ros - six-tier jumbo incline sorter plastic 9 3 8 x 10 1 2 x 7 3 8 clear,,690
walmart_595,hoffco 06-ce-mak1 mobile accessory kit,mp3 accessories,amp energy,06-ce-mak1,38.88,hoffco 06-ce-mak1 mobile accessory kit,,214
walmart_558,magnavox mdv3000 f7 dvd player w hdmi,dvd players,magnavox,mdv3000/f7,37.54,magnavox mdv3000 f7 dvd player w hdmi,,658
walmart_961,amped wireless high power outdoor 8 dbi omni-directional wi-fi antenna kit,networking,amped wireless,a8ex,94.88,amped wireless high power outdoor 8 dbi omni-directional wi-fi antenna kit,,308
amazon_172,sony mdr-ex35lp vb ex style headphones with deep bass sound violet blue,headphones,sony,mdr-ex35lp / vb,12.99,sony mdr-ex35lp vb ex style headphones with deep bass sound violet blue,,16
amazon_19484,ant 9dbi in outdoor omni-direc,connectors adapters,netgear,,,ant 9dbi in outdoor omni-direc,,235
walmart_2265,siig mini displayport to hdmi adapter,electronics - general,siig,cb-dp0b11-s1,19.88,siig mini displayport to hdmi adapter,,403
walmart_908,hp c6567b coated paper 1 roll 42-inches x 150 ft,stationery & office machinery,hp,c6567b,69.88,hp c6567b coated paper 1 roll 42-inches x 150 ft,,108
walmart_1980,sony mdras30g sport headphones - behind the neck,mp3 accessories,sony,mdras30g,19.88,sony mdras30g sport headphones - behind the neck,,514
walmart_939,sabrent usb 2.0 firewire pcmcia cardbus,networking,sabrent,sbt-pca4,14.88,sabrent usb 2.0 firewire pcmcia cardbus,,164
walmart_2121,cooler master atx centurion 534 tower black,electronics - general,coolermaster,centurion534bk,56.25,cooler master atx centurion 534 tower black,,279
walmart_134,panasonic sdr-s70s silver sd camcorder w 70x optical zoom 2.7 lcd display,camcorders,panasonic,panasonic sdr-s70-s,236.32,panasonic sdr-s70s silver sd camcorder w 70x optical zoom 2.7 lcd display,,483
amazon_14901,humminbird 778c hd fishfinder,fishfinders,humminbird,407930-1,,humminbird 778c hd fishfinder,,307
walmart_1983,incipio smart feather for apple ipad 2 lime,electronics - general,incipio,ipad-228,33.25,incipio smart feather for apple ipad 2 lime,,560
amazon_1244,zyxel gs108b 8 port gigabit ethernet switch with metal housing green energy saving technology,kvm switches,zyxel,gs108b,33.68,zyxel gs108b 8 port gigabit ethernet switch with metal housing green energy saving technology,,171
amazon_8429,accell proultra supreme b116c-007b-40 high speed hdmi cable with ethernet 2m,hdmi cables,accell,b116c-007b-40,20.66,accell proultra supreme b116c-007b-40 high speed hdmi cable with ethernet 2m,,74
walmart_303,inland pro iphone and ipod 3-in-1 charging kit,mp3 accessories,inland,08521,9.84,inland pro iphone and ipod 3-in-1 charging kit,,181
amazon_6413,eaton 3s ups 750va 5-15p 10 5-15r 5-up,audio video accessories,eaton,,84.06,eaton 3s ups 750va 5-15p 10 5-15r 5-up,,42
walmart_2147,belkin 3 cat-5e snagless patch cable blue,electronics - general,belkin,a3l791-03-blu-s,4.35,belkin 3 cat-5e snagless patch cable blue,,25
amazon_13934,brand new clarion vx401 6.2 2 din touchscreen cd dvd am fm mp3 wma receiver w usb and bluetooth,vehicle gps,clarion,,329.99,brand new clarion vx401 6.2 2 din touchscreen cd dvd am fm mp3 wma receiver w usb and bluetooth,,233
amazon_19520,new-pioneer cdx-p680 6-disc cd changer - piocdxp680,,pioneer,,134.95,new-pioneer cdx-p680 6-disc cd changer - piocdxp680,,78
amazon_1354,uniden 1360bk desktop corded telephone black one phone,corded telephones,uniden,1360bk,19.9,uniden 1360bk desktop corded telephone black one phone,,528
walmart_1716,post-it flags dispenser flags assorted-size assorted colors 340pk,stationery & office machinery,,ds420va,24.94,post-it flags dispenser flags assorted-size assorted colors 340pk,,610
amazon_4759,lexar media 8 gb flash memory card lmspd8gbbsbna,blank media,lexar,lmspd8gbbsbna,22.51,lexar media 8 gb flash memory card lmspd8gbbsbna,,565
amazon_21096,powerlink amplus wireless range extender,two-way radios accessories,premiertek,,43.99,powerlink amplus wireless range extender,,817
walmart_1454,lexmark x644a11a black toner print cartridge,stationery & office machinery,lexmark,x644a11a,326.24,lexmark x644a11a black toner print cartridge,,249
amazon_18464,gpx sp300b iphone travel speaker,computers accessories,gpx,,,gpx sp300b iphone travel speaker,,90
walmart_1412,post-it notes dispenser w weighted base plastic 11 7 8 x 2 1 2 x 7 3 4 gray,stationery & office machinery,post-it,c50,22.94,post-it notes dispenser w weighted base plastic 11 7 8 x 2 1 2 x 7 3 4 gray,,580
amazon_21434,new-18c2249 36xl 37xl high-yield ink 500 page-yiel case pack 1 - 513676,computer accessories,lexmark,,146.97,new-18c2249 36xl 37xl high-yield ink 500 page-yiel case pack 1 - 513676,,527
amazon_11953,case logic lapst-110 10-inch tablet sleeve black,cases sleeves,case logic,lapst-110,15.75,case logic lapst-110 10-inch tablet sleeve black,,358
walmart_539,siig ce-mt0b12-s1 satellite speaker mounts in pair,furniture,siig,ce-mt0b12-s1,20.88,siig ce-mt0b12-s1 satellite speaker mounts in pair,,263
walmart_630,lexar 32gb twistturn jumpdrive,usb drives,lexar media,ljdtt32gasbna,61.8,lexar 32gb twistturn jumpdrive,,174
amazon_7371,audiosource bi5 5.25 in-wall construction bracket mount,home audio theater,sharp,,32.0,audiosource bi5 5.25 in-wall construction bracket mount,,603
amazon_9789,fellowes laptop goriser,,fellowes,,19.95,fellowes laptop goriser,,143
amazon_7622,roocase multi-angle red leather folio case cover for lg g-slate 8.9-inch 4g android tablet wi-fi 4g,cases sleeves,roocase,,29.93,roocase multi-angle red leather folio case cover for lg g-slate 8.9-inch 4g android tablet wi-fi 4g,,298
walmart_2061,brenthaven prolite iii shoulder case black,electronics - general,brenthaven,114717,79.99,brenthaven prolite iii shoulder case black,,451
walmart_2345,fellowes gel wrist rest graphite,electronics - general,fellowes,91737,12.84,fellowes gel wrist rest graphite,,409
walmart_542,epson t078320 claria hi-definition magenta ink cartridge for epson stylus photo printers,printers,epson,t078320,16.84,epson t078320 claria hi-definition magenta ink cartridge for epson stylus photo printers,,299
amazon_3248,xantech cpl10 rf ir coupler,storage presentation materials,xantech,,25.5,xantech cpl10 rf ir coupler,,349
amazon_20731,imation 8gb swivel flash drive,usb flash drives,imation,26654,17.58,imation 8gb swivel flash drive,,122
walmart_370,eye-fi connect x2 4gb wireless sd memory card,usb drives,eye-fi,eyefi4cn,39.88,eye-fi connect x2 4gb wireless sd memory card,,511
walmart_1400,hp 82 cyan inkjet cartridge ch566a,printers,hp,hp ch566a,29.88,hp 82 cyan inkjet cartridge ch566a,,642
walmart_1699,pendaflex cutless watershed file folders 1 3 cut top tab letter manila 100 per box,stationery & office machinery,,48434,22.69,pendaflex cutless watershed file folders 1 3 cut top tab letter manila 100 per box,,157
amazon_13148,evga geforce 210 512 mb ddr3 pci-express 2.0 graphics card video card 512-p3-1310-lr,graphics cards,evga,512-p3-1310-lr,34.88,evga geforce 210 512 mb ddr3 pci-express 2.0 graphics card video card 512-p3-1310-lr,,217
amazon_2959,los angeles dodgers pink iphone 4 hard case,computers accessories,tribeca,,29.99,los angeles dodgers pink iphone 4 hard case,,807
amazon_5046,griffin gb01967 outfit gloss for ipod touch 4g black,cases,griffin technology,gb01967,3.9699999999999998,griffin gb01967 outfit gloss for ipod touch 4g black,,380
walmart_297,plantronics gamecom 367 closed-ear gaming headset,electronics - general,plantronics,gamecom 367,24.84,plantronics gamecom 367 closed-ear gaming headset,,155
walmart_1877,ivina bulletscan f600 flatbed scanner,electronics - general,ivina,f6002160,798.0,ivina bulletscan f600 flatbed scanner,,215
amazon_1747,pioneer cdx-p680 6-disc cd changer,stereos,pioneer,cdx-p680,,pioneer cdx-p680 6-disc cd changer,,78
walmart_346,belkin pro series 6 usb 2.0 5-pin min-b cable,electronics - general,belkin,f3u138-06,6.07,belkin pro series 6 usb 2.0 5-pin min-b cable,,282
amazon_20111,middle atlantic designer inspired ultra quiet fan panel uqfp-4dra - rack fan kit - black,home audio theater,middle atlantic,uqfp-4dra,372.42,middle atlantic designer inspired ultra quiet fan panel uqfp-4dra - rack fan kit - black,,396
amazon_1375,trendnet usb to serial converter tu-s9 blue,usb cables,trendnet,tu-s9,11.11,trendnet usb to serial converter tu-s9 blue,,91
walmart_2213,clarion 3.5 mm stereo mini-jack to rca extension cable 40,car stereos,clarion,ccaaux,29.99,clarion 3.5 mm stereo mini-jack to rca extension cable 40,,585
amazon_14317,amped wireless high power outdoor 8dbi omni-directional wifi antenna kit a8ex,routers,amped wireless,a8ex,79.99,amped wireless high power outdoor 8dbi omni-directional wifi antenna kit a8ex,,308
walmart_1148,crown needle rib wipe scrape polypropylene mat 36 x 120 gray,home care,crown,nr0310gy,102.97,crown needle rib wipe scrape polypropylene mat 36 x 120 gray,,336
walmart_1934,seagate blackarmor nas 440 is a 4tb network attached storage server,networking,seagate,,599.0,seagate blackarmor nas 440 is a 4tb network attached storage server,,757
walmart_1200,verbatim 95003 3x dvd-ram double-sided media,mp3 accessories,verbatim,95003,13.88,verbatim 95003 3x dvd-ram double-sided media,,400
walmart_1637,x-acto school pro desktop electric pencil sharpener blue gray,stationery & office machinery,x-acto,1670,44.88,x-acto school pro desktop electric pencil sharpener blue gray,,787
walmart_1475,netgear wn511 rangemax next wireless-n pc-card notebook adapter,networking,netgear,wn511b100nas,58.88,netgear wn511 rangemax next wireless-n pc-card notebook adapter,,149
walmart_2405,hp laserjet 53x black print cartridge,printers,hp,q7553x,164.84,hp laserjet 53x black print cartridge,,371
amazon_8175,pioneer ts-w2502d2 10 champion series pro subwoofer,office electronics,pioneer,,84.95,pioneer ts-w2502d2 10 champion series pro subwoofer,,230
walmart_2132,trendnet tu2-etg usb to gigabit ethernet adapter - usb - 1 x rj-45 - 10 100 1000 base-t,networking,trendnet,tu2-etg,34.66,trendnet tu2-etg usb to gigabit ethernet adapter - usb - 1 x rj-45 - 10 100 1000 base-t,,568
amazon_20811,leg saver back brace for standard fast-fold screens,projection screens,da-lite,,,leg saver back brace for standard fast-fold screens,,737
walmart_1155,ihome app-friendly rechargeable speaker system for ipad iphone ipod,electronics - general,ihome,id9s,99.99,ihome app-friendly rechargeable speaker system for ipad iphone ipod,,189
amazon_3482,sony vclhge08b wide-end conversion lens for 37mm 30mm camcorders,professional video accessories,sony,vclhge08b,60.0,sony vclhge08b wide-end conversion lens for 37mm 30mm camcorders,,474
amazon_4923,igo ps00291-0001 keyjuice charger for micro mini usb,chargers,igo,ps00291-0001,9.12,igo ps00291-0001 keyjuice charger for micro mini usb,,53
walmart_447,ematic articulating wall mount kit for 15 tv includes 6ft hdmi cable cleaning solution cleaning cloth emw3202,tv accessories,ematic,emw3202,29.99,ematic articulating wall mount kit for 15 tv includes 6ft hdmi cable cleaning solution cleaning cloth emw3202,,64
walmart_1975,pc treasures pocketpro 11.6 netbook case red,laptop computers,pc treasures,07068,15.88,pc treasures pocketpro 11.6 netbook case red,,632
walmart_2151,polaroid ultraclear screen protector bold 9000,mp3 accessories,polaroid,pscucbb9000,14.99,polaroid ultraclear screen protector bold 9000,,343
amazon_8739,marware eco-vue for ipad,cases sleeves,marware,602956006572,11.99,marware eco-vue for ipad,,178
walmart_281,nextware jellybean case for ipad black,mp3 accessories,nextware,jelpad-bk,29.95,nextware jellybean case for ipad black,,704
amazon_8350,audiovox sirius scdk1 outdoor antenna catv distribution kit,accessories,audiovox,scdk1,33.96,audiovox sirius scdk1 outdoor antenna catv distribution kit,,392
amazon_17665,new-boise 054901p - aspen 30 recycled office paper 3-hole 92 bright 20lb ltr white 5000 ctn - cas054901p,storage presentation materials,boise,,97.19,new-boise 054901p - aspen 30 recycled office paper 3-hole 92 bright 20lb ltr white 5000 ctn - cas054901p,,356
amazon_9223,xantech xvcd100 decora style impedance matching volume control,audio video accessories,xantech,xvcd100,46.38,xantech xvcd100 decora style impedance matching volume control,,105
walmart_2050,cp technologies clearlinks 6.6 premium gold hdmi cable,electronics - general,cp tech,cl-hdmi-pg-6 .6 ft,11.4,cp technologies clearlinks 6.6 premium gold hdmi cable,,594
walmart_2092,night owl zeus-810 16-channel h. 264 dvr kit with 1tb hard drive,electronics - general,night owl,,773.82,night owl zeus-810 16-channel h. 264 dvr kit with 1tb hard drive,,71
amazon_4379,dj tech ivisa50light 50w abs battery portable pa system ipod player 1 mk100 mic,speakers,dj tech,ivisa 50 light,249.0,dj tech ivisa50light 50w abs battery portable pa system ipod player 1 mk100 mic,,822
amazon_2963,iogear 2-port usb 2.0 printer auto sharing switch gub211 black,switches,iogear,gub211,20.37,iogear 2-port usb 2.0 printer auto sharing switch gub211 black,,741
walmart_2030,energizer er-p240 cordless phone battery,computers,energizer,,11.88,energizer er-p240 cordless phone battery,,447
amazon_19800,new-lathem time vis6008 - vis6008 ribbon purple - lthvis6008,impact dot matrix printer ribbons,lanthem,,16.2,new-lathem time vis6008 - vis6008 ribbon purple - lthvis6008,,686
amazon_2861,lacie fastkey 120 gb usb 3.0 solid state drive 130980,computers accessories,lacie,130980,418.59,lacie fastkey 120 gb usb 3.0 solid state drive 130980,,469
amazon_8469,displayport to dvi video adapter converter,,startech,dp2dvi,18.69,displayport to dvi video adapter converter,,365
walmart_1301,vivitar 50-in-1 card reader writer,usb drives,vivitar,viv-rw-50,11.98,vivitar 50-in-1 card reader writer,,735
walmart_692,encore mavis beacon keyboarding kidz,software,encore,20151,19.98,encore mavis beacon keyboarding kidz,,353
amazon_12012,amzer neoprene sleeve 10-inch reversible carry case cover - ebony black sea green amz90805,bags cases,amzer,amz90805,16.88,amzer neoprene sleeve 10-inch reversible carry case cover - ebony black sea green amz90805,,350
walmart_99,canon powershot a3300 is black 16.0 mp digital camera with 5x optical zoom 3.0 lcd 720p video w 50 bonus prints,digital cameras,canon,5035b001aa,156.54,canon powershot a3300 is black 16.0 mp digital camera with 5x optical zoom 3.0 lcd 720p video w 50 bonus prints,,6
amazon_17570,new-wilson jones 36834nbl - basic vinyl round ring binder 1-1 2 capacity dark blue - wlj36834nbl,adapter rings,wilson jones,,14.64,new-wilson jones 36834nbl - basic vinyl round ring binder 1-1 2 capacity dark blue - wlj36834nbl,,732
amazon_18937,d-link dap-1350 wireless n pocket router,routers,d-link,dap-1350,76.38,d-link dap-1350 wireless n pocket router,,791
walmart_1717,tops daily attendance card 8-1 2 x 11 50 forms,stationery & office machinery,,3284,8.86,tops daily attendance card 8-1 2 x 11 50 forms,,142
amazon_19006,new lorex lw1002w 2 wireless camera system obs systems home security,printer ink toner,lorex,,141.99,new lorex lw1002w 2 wireless camera system obs systems home security,,146
walmart_151,neatreceipts portable mobile sheetfed scanner,computers,neatreceipts,00346neat,199.98,neatreceipts portable mobile sheetfed scanner,,311
walmart_1792,cyber acoustics computer stereo silver headset microphone,electronics - general,cyber acoustics,ac401,14.84,cyber acoustics computer stereo silver headset microphone,,789
amazon_19149,new-silver flats lightweight folding headphones - dq3190,headphones,jvc,,24.56,new-silver flats lightweight folding headphones - dq3190,,351
amazon_20070,case logic dcb-304 high fixed zoom camera case black,cases bags,case logic,dcb-304,12.4,case logic dcb-304 high fixed zoom camera case black,,65
walmart_1070,chicago cubs pink iphone 4 hard case,electronics - general,tribeca,fva4424,29.99,chicago cubs pink iphone 4 hard case,,629
amazon_14177,brother tn360 high yield black toner cartridge,laser printer toner,brother,tn360,45.54,brother tn360 high yield black toner cartridge,,162
walmart_1802,hp 58 photo inkjet print cartridge c6658an,printers,hp,c6658an,28.88,hp 58 photo inkjet print cartridge c6658an,,818
amazon_20132,kodak 70554 paper sleeves 500 pack,disc storage wallets,kodak,70554,16.99,kodak 70554 paper sleeves 500 pack,,696
walmart_1766,mace 95db window alarm,garden - general,mace security,80202,5.24,mace 95db window alarm,,765
amazon_16126,panasonic rp-ht21 lightweight headphones with xbs port,headphones,panasonic,rp-ht21,4.95,panasonic rp-ht21 lightweight headphones with xbs port,,838
walmart_529,rubbermaid 6-tier jumbo incline sorter plastic clear,stationery & office machinery,rubbermaid,96600ros,19.94,rubbermaid 6-tier jumbo incline sorter plastic clear,,690
walmart_1287,quartet tack write monthly calendar board black,stationery & office machinery,quartet,ct1711,31.5,quartet tack write monthly calendar board black,,784
amazon_8192,nzxt crafted series atx full tower steel chassis - phantom black,computer cases,nzxt,phantom black,119.99,nzxt crafted series atx full tower steel chassis - phantom black,,654
walmart_925,oki 43502001 type 9 black toner cartridge,printers,oki,4.3502001 e7,98.0,oki 43502001 type 9 black toner cartridge,,682
amazon_7783,optoma bl-fp230c replacement projector lamp bulb with housing - high quality replacement lamp,lamps,shopforbattery,,182.99,optoma bl-fp230c replacement projector lamp bulb with housing - high quality replacement lamp,,7
walmart_544,pny 2gb sd memory card,usb drives,pny,p-sd2gb-fs,6.98,pny 2gb sd memory card,,80
walmart_1529,dell switch by design studio lids fire red 17r,electronics - general,dell,8cmcy,24.0,dell switch by design studio lids fire red 17r,,552
walmart_1791,crown tire-track scraper needlepunch polypropylene vinyl mat 48 x 72 gray,rugs,crown,te0046gy,124.97,crown tire-track scraper needlepunch polypropylene vinyl mat 48 x 72 gray,,315
walmart_1944,lexmark pinnacle pro901 wireless-n all-in-one printer scanner copier fax,printers,lexmark,lexmark pro901,199.99,lexmark pinnacle pro901 wireless-n all-in-one printer scanner copier fax,,257
walmart_1609,creative labs sound blaster x-fi go pro sound board,electronics - general,creative labs,sb1290,39.99,creative labs sound blaster x-fi go pro sound board,,622
walmart_917,oxford 5-1 4 capacity box file storage box letter binder board black orange,stationery & office machinery,oxford,40578,35.94,oxford 5-1 4 capacity box file storage box letter binder board black orange,,297
amazon_8544,connectland 1.20-meter stainless steel notebook security lock with key,cleaning repair,syba,cl-nbk65016,6.5,connectland 1.20-meter stainless steel notebook security lock with key,,98
amazon_6690,maxwhite vmax2 plus2 series ezelectric motorized screen - 92 diagonal,projection screens,elite,,379.0,maxwhite vmax2 plus2 series ezelectric motorized screen - 92 diagonal,,715
amazon_1696,verbatim 95079 4.7 gb up to 16x datalifepluswhite inkjet printablehub printable recordable disc dvd-r 50-disc spindle,cd-r discs,verbatim,95079,16.14,verbatim 95079 4.7 gb up to 16x datalifepluswhite inkjet printablehub printable recordable disc dvd-r 50-disc spindle,,355
walmart_2253,visontek wireless candyboard mini keyboard with touchpad,electronics - general,visiontek,900319,59.82,visontek wireless candyboard mini keyboard with touchpad,,205
walmart_2441,samsung ec-st65zzbpu indigo blue 14.2 mp digital camera w 5x optical digital camera 2.7 lcd display w 50 bonus prints,digital cameras,samsung,ec-st65zzbpu,84.0,samsung ec-st65zzbpu indigo blue 14.2 mp digital camera w 5x optical digital camera 2.7 lcd display w 50 bonus prints,,49
amazon_1480,startech 6-feet usb to parallel printer adapter - m m icusb1284,connectors adapters,startech,icusb1284,15.25,startech 6-feet usb to parallel printer adapter - m m icusb1284,,442
walmart_635,nikon coolpix p500 12.1 mp black digital camera 4-144mm zoom nikkor lens 3 lcd display hd video w 50 bonus prints,digital cameras,nikon,26256,389.44,nikon coolpix p500 12.1 mp black digital camera 4-144mm zoom nikkor lens 3 lcd display hd video w 50 bonus prints,,385
walmart_2087,endust for electronics ultimate office cleaning combo,electronics - general,endust,12886bp,64.99,endust for electronics ultimate office cleaning combo,,79
amazon_16332,guardian 24020300 - flexstep rubber antifatigue mat polypropylene 24 x 36 black,printer accessories,guardian,,,guardian 24020300 - flexstep rubber antifatigue mat polypropylene 24 x 36 black,,209
amazon_6661,midland avph5 behind the head headsets pair,headsets microphones,midland,avph5,22.27,midland avph5 behind the head headsets pair,,482
amazon_713,motorola h17 bluetooth headset black,bluetooth headsets,motorola,sj0979a,24.94,motorola h17 bluetooth headset black,,237
amazon_8910,iogear smartlink usb 2.0 adapter gun262wv black,connectors adapters,iogear,gun262wv,18.18,iogear smartlink usb 2.0 adapter gun262wv black,,422
amazon_19367,tilt lock single pair or container of 12 pairs package container of 24 tilt locks,projection screens,da-lite,,66.19,tilt lock single pair or container of 12 pairs package container of 24 tilt locks,,331
amazon_6708,startech 6 ft. rj45 to db9 cisco console management router cable - m f db9concabl6,wire management,startech,db9concabl6,14.63,startech 6 ft. rj45 to db9 cisco console management router cable - m f db9concabl6,,424
amazon_20117,maxell cd-rw rewritable media 700mb high speed 4x-12x,cd-rw discs,maxell,630020,2.3,maxell cd-rw rewritable media 700mb high speed 4x-12x,,443
walmart_1413,logitech 910-002463 wireless mouse m305 silver filament,mice,logitech,910-002463,28.88,logitech 910-002463 wireless mouse m305 silver filament,,567
amazon_10515,clickfree automatic backup c2 500 gb usb 3.0 portable external hard drive 527b3 piano black,computers accessories,clickfree,527b3,99.72,clickfree automatic backup c2 500 gb usb 3.0 portable external hard drive 527b3 piano black,,223
walmart_1893,evga geforce 8400 gs 1gb ddr3 pci express 2.0 graphics card,electronics - general,evga,01g-p3-1302-lr,44.99,evga geforce 8400 gs 1gb ddr3 pci express 2.0 graphics card,,427
walmart_431,gpx iphone travel speaker,portable audio,gpx,sp300b,23.88,gpx iphone travel speaker,,90
walmart_284,netgear powerline av 500 adapter,networking,netgear,xav5001100nas,79.82,netgear powerline av 500 adapter,,195
amazon_8618,canon cli-226 black ink tank 4546b001 in retail packaging,inkjet printer ink,canon,4546b001,13.97,canon cli-226 black ink tank 4546b001 in retail packaging,,287
walmart_1165,polaroid 300 instant color film sheet,digital cameras,polaroid,pif-300,14.98,polaroid 300 instant color film sheet,,461
walmart_887,da-lite dual vision tensioned advantage deluxe electrol - hdtv format 92 diagonal,electronics - general,da-lite,88285,4242.99,da-lite dual vision tensioned advantage deluxe electrol - hdtv format 92 diagonal,,738
amazon_4814,kensington ci10 fit wireless notebook laser mouse silver,mice,kensington,k72335us,25.41,kensington ci10 fit wireless notebook laser mouse silver,,440
walmart_1509,imation 16gb pocket flash drive,usb drives,imation,27861,58.88,imation 16gb pocket flash drive,,716
walmart_2069,kodak 10c color ink cartridge,printers,kodak,10c,19.97,kodak 10c color ink cartridge,,490
amazon_2077,quartet 7693m - contour fabric bulletin board 36 x 24 mauve plastic burgundy frame,cables interconnects,quartet,,,quartet 7693m - contour fabric bulletin board 36 x 24 mauve plastic burgundy frame,,419
amazon_3067,hp 45 black ink cartridge in retail packaging,inkjet printer ink,hp,hp 45 black inkjet print cartridge,28.89,hp 45 black ink cartridge in retail packaging,,614
walmart_310,logitech usb webcam c270h,electronics - general,logitech,c270h,29.0,logitech usb webcam c270h,,437
amazon_9474,stanley bostitch 00540 - 00540 antijam extra heavy-duty stapler 215-sheet capacity black,networking products,stanley,,94.96,stanley bostitch 00540 - 00540 antijam extra heavy-duty stapler 215-sheet capacity black,,329
walmart_186,fellowes 55-piece computer maintenance tool kit,electronics - general,fellowes,49106,43.88,fellowes 55-piece computer maintenance tool kit,,72
walmart_1338,smead 5 expansion end tab file pockets w tyvek straight letter manila 10 box,stationery & office machinery,,75174,37.94,smead 5 expansion end tab file pockets w tyvek straight letter manila 10 box,,661
amazon_2509,creative soundblaster x-fi go pro usb audio system with thx sb1290,,creative,sb1290,33.51,creative soundblaster x-fi go pro usb audio system with thx sb1290,,622
amazon_11582,sanus systems elm805-b1 power bridge in-wall power and cable management black,,sanus,elm805-b1,87.0,sanus systems elm805-b1 power bridge in-wall power and cable management black,,210
walmart_705,jvc lightweight folding headphones with bass boost black,electronics - general,jvc,has600b,49.95,jvc lightweight folding headphones with bass boost black,,316
amazon_18364,new-hp cb278an - cb278an hp 57 ink 500 page-yield tri-color - hewcb278an,,hp,,,new-hp cb278an - cb278an hp 57 ink 500 page-yield tri-color - hewcb278an,,611
walmart_5,3m fr530cb ergonomic adjustable footrest,furniture,3m,fr530cb,67.88,3m fr530cb ergonomic adjustable footrest,,450
amazon_21112,optoma bl-fp230c replacement lamp for ep749 ep719h,lamps,optoma,bl-fp230c,189.73,optoma bl-fp230c replacement lamp for ep749 ep719h,,7
walmart_39,iomega 34508 dvr expander hard drive,hard drives,iomega,34508,99.98,iomega 34508 dvr expander hard drive,,148
amazon_19957,pioneer adtva133 2 din installation kit,dash mounting kits,pioneer,adt-va133,35.04,pioneer adtva133 2 din installation kit,,776
amazon_13109,gear head usb 2.0 1.3 mp webcam pro with snapshot and microphone wc740i,webcams,gear head,wc740i,9.99,gear head usb 2.0 1.3 mp webcam pro with snapshot and microphone wc740i,,809
walmart_454,incipio cl-470 ipad screen protector 2pk clear,mp3 accessories,incipio,cl-470,19.0,incipio cl-470 ipad screen protector 2pk clear,,45
amazon_6974,hp q2429a 110v printer maintenance kit,printer accessories,hp,q2429a,200.0,hp q2429a 110v printer maintenance kit,,21
amazon_3414,targus expedition small camera case,cases bags,targus,dcfc01,10.13,targus expedition small camera case,,771
amazon_8663,msi ati radeon hd6670 1 gb ddr5 vga dvi hdmi pci-express video card r6670-md1gd5,graphics cards,msi,r6670-md1gd5,99.99,msi ati radeon hd6670 1 gb ddr5 vga dvi hdmi pci-express video card r6670-md1gd5,,821
amazon_11223,wireless touch mini touchpad keyboard with smart touch,keyboards,gear head,kb3800tpw,31.99,wireless touch mini touchpad keyboard with smart touch,,66
walmart_222,uniden 1360bk desktop corded phone with caller id black,electronics - general,uniden,1360bk,23.98,uniden 1360bk desktop corded phone with caller id black,,528
amazon_9332,usb 16gb pocket flash drive,car audio video,imation,27861,29.51,usb 16gb pocket flash drive,,716
amazon_17687,deluxe anti-sway brace for fast fold deluxe screens,projection screens,da-lite,,132.99,deluxe anti-sway brace for fast fold deluxe screens,,539
amazon_602,clarion eqs746 1 2 din graphic equalizer with built-in crossover,equalizers,clarion,eqs746,49.25,clarion eqs746 1 2 din graphic equalizer with built-in crossover,,569
amazon_6760,lexmark prospect pro205 wireless multifunction inkjet printer,inkjet all-in-one printers,lexmark,90t6005,99.99,lexmark prospect pro205 wireless multifunction inkjet printer,,475
walmart_656,canon ac adapter kit for powershot-sd900 sd800is sd700is,photography - general,canon,ack-dc30,52.88,canon ac adapter kit for powershot-sd900 sd800is sd700is,,83
amazon_17733,new-netbook cooling pad mouse kit - ihb931nr,computers accessories,lifeworks,,70.0,new-netbook cooling pad mouse kit - ihb931nr,,357
walmart_2136,lorex lw1002 live wireless security cameras,garden - general,lorex,lw1002,119.0,lorex lw1002 live wireless security cameras,,146
amazon_6405,d-link dir-412 mobile wireless router 3g 11n-based 150mbps,routers,d-link,dir-412,79.99,d-link dir-412 mobile wireless router 3g 11n-based 150mbps,,806
amazon_15415,startech.com 2 port pci express superspeed usb 3.0 card adapter pexusb3s2,hubs,startech,pexusb3s2,29.99,startech.com 2 port pci express superspeed usb 3.0 card adapter pexusb3s2,,412
walmart_2188,buffalo technology 2tb usb 3.0 drivestation duo,hard drives,buffalo technology,hdwl2tu3r1,239.82,buffalo technology 2tb usb 3.0 drivestation duo,,175
amazon_11998,atrend-bbox a361-10cp b box series single speaker for ford f150 super crew cab 2009 and up 10-inch,coaxial speakers,atrend-bbox,a361-10cp,42.37,atrend-bbox a361-10cp b box series single speaker for ford f150 super crew cab 2009 and up 10-inch,,284
amazon_8096,targus impax sleeve for 15-inch macbook pro and macbook air - tss28802us red yellow with gray accents,cases sleeves,targus,tss28802us,29.25,targus impax sleeve for 15-inch macbook pro and macbook air - tss28802us red yellow with gray accents,,459
amazon_20644,discgear 4310-01 browser 50 black gray,selector boxes,discgear,4310-01,34.99,discgear 4310-01 browser 50 black gray,,803
amazon_16793,crown ecr046ch - ecoplus mat 4 x 6 charcoal,car audio video,crown,,,crown ecr046ch - ecoplus mat 4 x 6 charcoal,,485
amazon_17848,epson s041062 - matte presentation paper 27 lbs . matte 8-1 2 x 11 100 sheets pack,inkjet printer ink,epson,,31.78,epson s041062 - matte presentation paper 27 lbs . matte 8-1 2 x 11 100 sheets pack,,493
amazon_6914,incipio smart feather case for apple ipad 2 - light blue ipad-227,cases sleeves,incipio,ipad-227,29.13,incipio smart feather case for apple ipad 2 - light blue ipad-227,,572
walmart_2522,v7 m30p20-7n standard ps 2 optical mouse,mice,v7,m30p20-7n,6.84,v7 m30p20-7n standard ps 2 optical mouse,,415
walmart_2418,powermat wireless charging system for iphone 3g and 3gs,electronics - general,power mate,pmm-1p-b2,19.97,powermat wireless charging system for iphone 3g and 3gs,,229
walmart_1579,sony ss-cr3000 home theater speaker completer package,stereos/audio,sony,ss-cr3000,99.99,sony ss-cr3000 home theater speaker completer package,,188
amazon_6990,hp 27 black ink cartridge in retail packaging c8727an 140,inkjet printer ink,hp,hewc8727an,18.61,hp 27 black ink cartridge in retail packaging c8727an 140,,167
walmart_2332,da-lite da-plex self trimming rear projection screen - 40 1 4 x 53 3 4 video format,electronics - general,da-lite,27580,1892.99,da-lite da-plex self trimming rear projection screen - 40 1 4 x 53 3 4 video format,,705
amazon_16543,new-hon s82abcp - metal bookcase 6 shelves 34-1 2w x 12-5 8d x 81-1 8h black - hons82abcp,laminating supplies,hon,,519.0,new-hon s82abcp - metal bookcase 6 shelves 34-1 2w x 12-5 8d x 81-1 8h black - hons82abcp,,755
walmart_1504,kensington wireless presenter pro with green laser pointer,stationery & office machinery,kensington,k72353us,59.88,kensington wireless presenter pro with green laser pointer,,634
amazon_17243,quartet 2544m - magnetic dry erase board porcelain 48 x 36 white solid mahogany frame,printers,quartet,,,quartet 2544m - magnetic dry erase board porcelain 48 x 36 white solid mahogany frame,,370
amazon_1274,wintec filemate 4 gb class 4 secure digital sdhc card,memory cards,wintec,3fmsd4gb-r,6.77,wintec filemate 4 gb class 4 secure digital sdhc card,,473
amazon_6816,kingston technology 1 gb dimm memory 533 mhz pc2 4200 240-pin ddr2 sdram single not a kit ktd-dm8400a 1g,memory,kingston,ktd-dm8400a / 1g,14.98,kingston technology 1 gb dimm memory 533 mhz pc2 4200 240-pin ddr2 sdram single not a kit ktd-dm8400a 1g,,792
amazon_11537,simplism leather collection shoulder leather case for ipad deep red,cases sleeves,simplism,tr-lcslipad-dr/en,21.85,simplism leather collection shoulder leather case for ipad deep red,,394
amazon_14686,da-lite deluxe model b manual wall ceiling projection screen 50 x 67 video format video spectra 1.5 surface,projection screens,da-lite,video spectra 1.5,165.31,da-lite deluxe model b manual wall ceiling projection screen 50 x 67 video format video spectra 1.5 surface,,820
walmart_2014,storm 2306 case with foam olive drab,photography - general,storm,im2306-30001,97.88,storm 2306 case with foam olive drab,,604
walmart_1776,sharp el1192bl printing calculator,stationery & office machinery,sharp,el1192bl,37.63,sharp el1192bl printing calculator,,165
amazon_11810,zotac nvidia geforce gt 220 synergy edition 1 gb ddr2 vga dvi hdmi pci-express video card zt-20203-10l,computers accessories,zotac,zt-20203-10l,67.99,zotac nvidia geforce gt 220 synergy edition 1 gb ddr2 vga dvi hdmi pci-express video card zt-20203-10l,,729
walmart_286,motion systems ipad01 charlie ipad sleeve black,mp3 accessories,motion systems,ipad01-blk,16.99,motion systems ipad01 charlie ipad sleeve black,,160
amazon_10669,microsoft lifecam studio 1080p hd webcam gray,webcams,microsoft,q2f-00001,61.25,microsoft lifecam studio 1080p hd webcam gray,,667
amazon_8789,da-lite advantage manual with csr - projection screen - 133 in - 16 9 - high power,home audio theater,da-lite,,904.95,da-lite advantage manual with csr - projection screen - 133 in - 16 9 - high power,,590
amazon_15033,quartet ct1711 - tack and write monthly calendar board 17 x 11 black,distribution,quartet,,,quartet ct1711 - tack and write monthly calendar board 17 x 11 black,,784
amazon_2558,clingo universal hands-free car mount for iphone 4 3g 3gs and all cell phones and mobile devices,mounts,allsop,30272,20.07,clingo universal hands-free car mount for iphone 4 3g 3gs and all cell phones and mobile devices,,84
walmart_1315,optoma bl-fp230c replacement projector lamp for optoma ep749 projector,monitors,optoma,bl-fp230c,294.84,optoma bl-fp230c replacement projector lamp for optoma ep749 projector,,7
amazon_12674,motorola vehicle power adapter for motorola xoom motorola retail packaging,batteries chargers accessories,motorola,89453n,16.25,motorola vehicle power adapter for motorola xoom motorola retail packaging,,86
walmart_2297,da-lite medium oak veneer model b manual screen with matte white fabric - 60 x 60 diagonal video format,electronics - general,da-lite,73171,167.99,da-lite medium oak veneer model b manual screen with matte white fabric - 60 x 60 diagonal video format,,322
walmart_468,diaper dude eco green ipad case,electronics - general,diaper dude,207491,25.0,diaper dude eco green ipad case,,131
amazon_1769,pc treasures clickit classic mouse - black 07667,mice,pc treasures,07667,16.8,pc treasures clickit classic mouse - black 07667,,534
walmart_1660,dymo shipping labels 2.31,stationery & office machinery,dymo,30256,20.82,dymo shipping labels 2.31,,613
walmart_832,mukii tip-pu301cb 2-port usb 3.0 expresscard,electronics - general,mukii,tip-pu301cb,32.0,mukii tip-pu301cb 2-port usb 3.0 expresscard,,333
walmart_523,roocase executive portfolio leather case stylus for asus eee pad transformer tf101 10.1-inch,electronics - general,roocase,222057,55.99,roocase executive portfolio leather case stylus for asus eee pad transformer tf101 10.1-inch,,130
walmart_870,hp cb40 toner 7500 page-yield,printers,hp,cb400a,249.23,hp cb40 toner 7500 page-yield,,795
walmart_1194,hp 75 tri-color inkjet cartridge cb337wn,printers,hp,hp cb337wn140,19.47,hp 75 tri-color inkjet cartridge cb337wn,,70
amazon_6970,hp scanjet 5590 digital flatbed scanner,scanners,hp,l1910a #b1h,240.99,hp scanjet 5590 digital flatbed scanner,,273
amazon_21543,corsair xms2 4 gb 2 x 2 gb pc2-6400 800 mhz 240-pin ddr2 dual-channel memory kit - twin2x4096-6400c5,computer components,corsair,twin2x4096-6400c5,39.99,corsair xms2 4 gb 2 x 2 gb pc2-6400 800 mhz 240-pin ddr2 dual-channel memory kit - twin2x4096-6400c5,,123
walmart_1706,pendaflex 25pk hanging file folder tabs clear white,stationery & office machinery,,4312,5.0,pendaflex 25pk hanging file folder tabs clear white,,666
amazon_4756,lexar platinum ii 16 gb 100x sd sdhc flash memory card lsd16gbsbna100,blank media,lexar,lsd16gbsbna100,27.98,lexar platinum ii 16 gb 100x sd sdhc flash memory card lsd16gbsbna100,,621
walmart_2340,panasonic bb-hcm580a poe zoom mpeg-4 network camera,garden - general,panasonic,bb-hcm580a,779.82,panasonic bb-hcm580a poe zoom mpeg-4 network camera,,693
walmart_1850,innovera 7653 compatible ink 8000 page-yield red,printers,innovera,7653,54.1,innovera 7653 compatible ink 8000 page-yield red,,278
amazon_14916,hp 75 tri-color inkjet print cartridge cb337wn,inkjet printer ink,hp,cb337wn # 140,,hp 75 tri-color inkjet print cartridge cb337wn,,70
walmart_2056,hp 45 black inkjet cartridge 51645a,printers,hp,hp 51645a # 140,34.97,hp 45 black inkjet cartridge 51645a,,614
amazon_20106,lcd crt mobile computer security cabinet 26w x 24d x 63h light gray,office electronics accessories,alera,,406.52,lcd crt mobile computer security cabinet 26w x 24d x 63h light gray,,264
walmart_503,nikon coolpix l120 14.1 mp bronze digital camera 4.5-94 .5 mm zoom nikkor lens 3.0 lcd display hd video w 50 bonus prints,digital cameras,nikon,26255,274.36,nikon coolpix l120 14.1 mp bronze digital camera 4.5-94 .5 mm zoom nikkor lens 3.0 lcd display hd video w 50 bonus prints,,113
walmart_2167,lifeworks netbook cooling pad mouse kit ihb931nr,computers,lifeworks,ihb931nr,49.88,lifeworks netbook cooling pad mouse kit ihb931nr,,357
walmart_1457,avery metal rim key tags card stock metal 1-1 4 diameter 50 pack,accessories apparel,avery,,7.42,avery metal rim key tags card stock metal 1-1 4 diameter 50 pack,,387
walmart_1528,innovera m4640 compatible remanufactured high-yield ink 484 page-yield black,printers,innovera,m4640,24.99,innovera m4640 compatible remanufactured high-yield ink 484 page-yield black,,417
amazon_13172,new-purple couleur series ear buds - de6235,headphones,maxell,,21.0,new-purple couleur series ear buds - de6235,,204
amazon_14868,ilive isp191b app-enhanced speaker with rotating dock for iphone ipod,speaker systems,ilive,isp191b,31.99,ilive isp191b app-enhanced speaker with rotating dock for iphone ipod,,163
walmart_1291,peerless slimline universal ultra slim tilt mount for 22 to 40 ultra thin screens weighing up to 60 lb,furniture,peerless,,143.99,peerless slimline universal ultra slim tilt mount for 22 to 40 ultra thin screens weighing up to 60 lb,,761
amazon_21120,night owl security apollo-45 4-channel h. 264 dvr surveillance kit with d1 recording,digital security recorders,night owl optics,apollo-45,294.48,night owl security apollo-45 4-channel h. 264 dvr surveillance kit with d1 recording,,150
amazon_17829,ultra-slim universal tilt mount for 22 to 40 ultra-thin only screens weighing up to 60 lb,car audio video,peerless,sut632p,83.11,ultra-slim universal tilt mount for 22 to 40 ultra-thin only screens weighing up to 60 lb,,761
amazon_326,new-101r00421 transfer unit case pack 1 - 518345,computer accessories,xerox,,768.79,new-101r00421 transfer unit case pack 1 - 518345,,502
walmart_205,cleaning cards for canon cr-series check scanners,electronics - general,canon,1904v566,29.88,cleaning cards for canon cr-series check scanners,,468
walmart_1474,belkin 6 firewire cable 4-pin 6-pin,electronics - general,belkin,f3n401-06-ice,4.88,belkin 6 firewire cable 4-pin 6-pin,,793
amazon_11350,toshiba laptop charger with usb,,kensington,k38085us,37.99,toshiba laptop charger with usb,,352
amazon_12125,scosche sa68 convertible 6x8-inch speaker adapter - pair,audio video accessories,scosche,sa68,11.18,scosche sa68 convertible 6x8-inch speaker adapter - pair,,97
walmart_594,uniden d2998 dect 6.0 loud and clear digital answering system with cordless handset,electronics - general,uniden,d2998,79.93,uniden d2998 dect 6.0 loud and clear digital answering system with cordless handset,,220
amazon_12312,avery index maker clear label dividers with 5 white tabs 25 count 11446,binder index dividers,avery,11446,52.99,avery index maker clear label dividers with 5 white tabs 25 count 11446,,285
amazon_14755,kodak easyshare c1550 16 mp digital camera with 5xoptical zoom - purple,point shoot digital cameras,kodak,c1550pr,99.63,kodak easyshare c1550 16 mp digital camera with 5xoptical zoom - purple,,250
walmart_752,golla genie digital camera bag lime green,photography - general,golla,g761,12.98,golla genie digital camera bag lime green,,301
walmart_2201,pny 4gb micro swivel attache flash drive,printers,pny,,9.84,pny 4gb micro swivel attache flash drive,,770
amazon_5888,80202 security alarm,security sensors alarms,mace,,5.86,80202 security alarm,,765
amazon_5013,hewlett packard q3675a image transfer kit for hp color laserjet 4650,cleaning repair,hp,q3675a,,hewlett packard q3675a image transfer kit for hp color laserjet 4650,,2
walmart_30,fujifilm instax mini twin pack film,film cameras,fuji,mini film 2pk,20.28,fujifilm instax mini twin pack film,,522
amazon_16072,scosche switchkase hybrid case for ipod touch 4g black,cases,scosche,it4scbk,15.25,scosche switchkase hybrid case for ipod touch 4g black,,538
walmart_2142,clarion vx401 6.2 double-din multimedia control station with usb port and built-in bluetooth,gps,clarion,vx401,499.99,clarion vx401 6.2 double-din multimedia control station with usb port and built-in bluetooth,,233
amazon_11942,chief fwdvb flat panel dual swing arm wall mount 10 -32 displays,selector boxes,chief,fwd-vblack,69.99,chief fwdvb flat panel dual swing arm wall mount 10 -32 displays,,161
amazon_10874,iogear bluetooth usb 2.1 micro adapter with tri-language package black,computers accessories,iogear,gbu421w6,15.17,iogear bluetooth usb 2.1 micro adapter with tri-language package black,,3
walmart_1837,startech hdmi to mini hdmi cable adapter,electronics - general,startech,hdmiacfm,14.98,startech hdmi to mini hdmi cable adapter,,112
amazon_5592,ape case ac165 digital camera case interior dim 2.5 l x 3.625 w x 5h,computer accessories,ape case,,15.78,ape case ac165 digital camera case interior dim 2.5 l x 3.625 w x 5h,,272
walmart_1936,v7 m42n01-7n 2.4 ghz wireless laser mouse with stoable nano receiver,mice,v7,m42n01-7n,24.84,v7 m42n01-7n 2.4 ghz wireless laser mouse with stoable nano receiver,,115
amazon_15558,sakar 32070 crayola digital camcorder green,camera photo,sakar,32070,33.5,sakar 32070 crayola digital camcorder green,,20
walmart_2440,targus red tg-ra1010 8-in-1 camera essentials kit,photography - general,targus,tg-ra1010,12.98,targus red tg-ra1010 8-in-1 camera essentials kit,,270
walmart_2100,imation 26654 swivel 8gb usb2 .0 flash drive,usb drives,imation,26654,25.84,imation 26654 swivel 8gb usb2 .0 flash drive,,122
amazon_20411,wireless-n 150 access point,networking products,netgear,wn604-100nas,63.99,wireless-n 150 access point,,499
walmart_2468,mohawk color copy gloss paper ream of 500 sheets,stationery & office machinery,mohawk,36101,12.94,mohawk color copy gloss paper ream of 500 sheets,,69
amazon_7850,i-tec istereo charging and docking station with remote control for ipod black,speaker systems,i-tec,t1274,40.78,i-tec istereo charging and docking station with remote control for ipod black,,524
amazon_5594,sabrent usb to db25 female parallel converter adapter 6-foot cable usb-db25f,connectors adapters,sabrent,usb-db25f,11.56,sabrent usb to db25 female parallel converter adapter 6-foot cable usb-db25f,,753
amazon_5517,simplism japan crystal cover set for ipad 2 - crystal clear tr-ccsipd2-cc en,cases sleeves,simplism japan,tr-ccsipd2-cc / en,29.99,simplism japan crystal cover set for ipad 2 - crystal clear tr-ccsipd2-cc en,,685
walmart_1031,sony 39 lightweight camera and camcorder tripod vct-r100,camera and camcorder accessories,sony,vctr100,24.54,sony 39 lightweight camera and camcorder tripod vct-r100,,581
amazon_20051,1port rs-232 pcmcia 16650 serial pc card,computers accessories,siig,jj-pcm012-s3,50.15,1port rs-232 pcmcia 16650 serial pc card,,407
amazon_11403,switch by design studio big giant plaid 17-inch,computers accessories,dell,318-1014,39.0,switch by design studio big giant plaid 17-inch,,222
walmart_617,clarion cz101 single cd mp3 wma aac receiver,car stereos,clarion,cz101,89.99,clarion cz101 single cd mp3 wma aac receiver,,414
walmart_1360,iluv portfolio case stand for ipad 2 black,mp3 accessories,iluv,icc816blk,35.88,iluv portfolio case stand for ipad 2 black,,462
amazon_6669,microsoft wireless desktop 800 for business 5sh-00001,keyboards,microsoft,5sh-00001,29.95,microsoft wireless desktop 800 for business 5sh-00001,,617
amazon_17892,da-plex base rear projection screen - 57 3 4 x 77 video format,projection screens,da-lite,,2608.99,da-plex base rear projection screen - 57 3 4 x 77 video format,,764
walmart_360,scosche fptag anti-glare screen protectors for ipod touch 2pk,mp3 accessories,scosche,fptag,16.88,scosche fptag anti-glare screen protectors for ipod touch 2pk,,781
walmart_1456,swingline light touch desktop 2 - or 3-hole adjustable punch,stationery & office machinery,swingline,74030,21.94,swingline light touch desktop 2 - or 3-hole adjustable punch,,289
amazon_2555,clover electronics ccm636 ultra miniature color camera with cone pinhole lens - small black,hidden cameras,clover,ccm-636,65.93,clover electronics ccm636 ultra miniature color camera with cone pinhole lens - small black,,579
amazon_11131,epson s041595 24inx100ft enhanced matte paper,roll paper,epson,s041595,59.26,epson s041595 24inx100ft enhanced matte paper,,834
walmart_128,motorola tz700 bluetooth roadster visor speaker,electronics - general,motorola,89423n,54.54,motorola tz700 bluetooth roadster visor speaker,,328
walmart_1125,bracketron org-332-bx back-it ipad 2 back cover-blue back case cover for ipad 3,electronics - general,bracketron,org-332-bx,29.88,bracketron org-332-bx back-it ipad 2 back cover-blue back case cover for ipad 3,,218
walmart_41,kingston ktd-dm8400a 1g 1gb ddr2 sdram memory module,memory,kingston,ktd-dm8400a / 1g,22.92,kingston ktd-dm8400a 1g 1gb ddr2 sdram memory module,,792
amazon_11460,sony ss-cr3000 center and rear channel speaker package,speakers,sony,sscr3000,69.98,sony ss-cr3000 center and rear channel speaker package,,188
amazon_18727,ink hp 82 cyan ink cartridge-ch566a,computers accessories,hp,,,ink hp 82 cyan ink cartridge-ch566a,,642
walmart_2392,case logic 13.3 black neoprene notebook sleeve,electronics - general,case logic,pls-13 black,20.0,case logic 13.3 black neoprene notebook sleeve,,158
walmart_1077,green onions supply anti-glare screen protector for 17-inch wide laptop lcd screen -1 piece transparent,electronics - general,green onions supply,,32.88,green onions supply anti-glare screen protector for 17-inch wide laptop lcd screen -1 piece transparent,,221
amazon_14004,vizio m420sv 42 inch class edge lit razor led lcd hdtv with vizio internet apps,tvs,vizio,m420sv,728.0,vizio m420sv 42 inch class edge lit razor led lcd hdtv with vizio internet apps,,588
amazon_18626,charlie black nylon sleeve for ipad,cases sleeves,motion systems,ipad01-blk,9.99,charlie black nylon sleeve for ipad,,160
amazon_12441,160gb cartridge for rdx govt series taa,,imation,26718,156.83,160gb cartridge for rdx govt series taa,,141
amazon_9051,verbatim optical mini travel mouse 97255 red,mice,verbatim,97255,10.45,verbatim optical mini travel mouse 97255 red,,456
amazon_15527,scosche cj1278b multi kit with 1 cd storage pocket for 1974-99 chrysler,dash mounting kits,scosche,cj1278b,8.68,scosche cj1278b multi kit with 1 cd storage pocket for 1974-99 chrysler,,831
walmart_950,asus 22 lcd monitor vw224t,monitors,asus,vw224t,144.0,asus 22 lcd monitor vw224t,,655
walmart_398,pendaflex two-ply dark kraft file folders top tab brown 100 box,stationery & office machinery,,rk15313,51.79,pendaflex two-ply dark kraft file folders top tab brown 100 box,,212
amazon_18531,new-tops 75101 - american pride writing pad jr. legal rule 5 x 8 white 12 50-sheet pads pack - top75101,storage presentation materials,tops,,32.47,new-tops 75101 - american pride writing pad jr. legal rule 5 x 8 white 12 50-sheet pads pack - top75101,,275
amazon_6601,buffalo technology ministation metro 1 tb usb 2.0 portable external hard drive with integrated flex cable encryption and turbopc hd-pxt1tu2 b black,computers accessories,buffalo technology,hd-pxt1tu2 / b,99.82,buffalo technology ministation metro 1 tb usb 2.0 portable external hard drive with integrated flex cable encryption and turbopc hd-pxt1tu2 b black,,295
walmart_337,innovera d3010 black compatible high-yield toner print cartridge,stationery & office machinery,innovera,d3010,68.35,innovera d3010 black compatible high-yield toner print cartridge,,833
walmart_1761,buffalo technology linkstation duo 1 tb 2 x 500 gb network attached storage ls-wx1 .0 tl r1,networking,buffalo technology,lswx10tlr1,192.63,buffalo technology linkstation duo 1 tb 2 x 500 gb network attached storage ls-wx1 .0 tl r1,,185
amazon_4646,microsoft lifecam vx-800 - black jsd-00007,webcams,microsoft,jsd-00007,14.21,microsoft lifecam vx-800 - black jsd-00007,,720
walmart_336,xerox 108r00657 extended-capacity maintenance kit for work centre c2424,printers,xerox,108r00657,154.84,xerox 108r00657 extended-capacity maintenance kit for work centre c2424,,448
walmart_312,vantec 2 1 sata 6g and pata pci-e combo host card w raid,electronics - general,vantec,ugt-is602r,40.33,vantec 2 1 sata 6g and pata pci-e combo host card w raid,,577
amazon_19026,iosafe rugged portable - hard drive - 500 gb - external - firewire 800 hi-speed usb superspeed usb - with 5 years data recovery service,surge protectors,iosafe,pa50500u5yr,290.49,iosafe rugged portable - hard drive - 500 gb - external - firewire 800 hi-speed usb superspeed usb - with 5 years data recovery service,,703
walmart_2293,canon powershot sx130-is black 12.1 mp digital camera w 12x optical zoom 3.0 lcd display w 50 bonus prints,digital cameras,canon,sx130,191.99,canon powershot sx130-is black 12.1 mp digital camera w 12x optical zoom 3.0 lcd display w 50 bonus prints,,734
amazon_6828,seagate freeagent goflex 500 gb usb 2.0 ultra-portable external hard drive staa500100 black,external hard drives,seagate,staa500100,62.99,seagate freeagent goflex 500 gb usb 2.0 ultra-portable external hard drive staa500100 black,,114
amazon_19807,new-buddy products 52104 - dr. pocket steel three pocket wall file letter black - bdy52104,storage presentation materials,buddy,,47.49,new-buddy products 52104 - dr. pocket steel three pocket wall file letter black - bdy52104,,245
walmart_2024,logitech n315 lapdesk,computers,logitech,n315,24.88,logitech n315 lapdesk,,844
walmart_1927,iosafe rugged 500gb usb 3.0 portable external hard drive,hard drives,iosafe,pa50500u5yr,299.98,iosafe rugged 500gb usb 3.0 portable external hard drive,,703
amazon_3169,evga geforce gt 520 1024 mb ddr3 pci-express 2.0 graphics card 01g-p3-1521-kr,graphics cards,evga,01g-p3-1521-kr,55.17,evga geforce gt 520 1024 mb ddr3 pci-express 2.0 graphics card 01g-p3-1521-kr,,470
walmart_480,belkin f8v3311b10 hdmi cable,tv accessories,belkin,f8v3311b10,12.0,belkin f8v3311b10 hdmi cable,,34
amazon_17263,new-targus red tg-6660tr tripod with 3-way panhead 66 - meytg6660tr,tripods,targus,,31.0,new-targus red tg-6660tr tripod with 3-way panhead 66 - meytg6660tr,,196
walmart_597,avery matte white cd dvd labels for inkjet printers 40 face labels 80 spine labels,printers,avery personal creations,8692,16.47,avery matte white cd dvd labels for inkjet printers 40 face labels 80 spine labels,,288
walmart_1417,wilson jones wallet file letter recycled kraft,stationery & office machinery,wilson jones,,6.09,wilson jones wallet file letter recycled kraft,,13
amazon_9085,griffin gc23073 powerjolt plus mobile,car chargers,griffin technology,gc23073,11.25,griffin gc23073 powerjolt plus mobile,,106
amazon_10923,ifrogz summit case snap-in shell carrying case for ipad 2 - black ipad2-sum-blk,cases sleeves,ifrogz,ipad2-sum-blk,47.99,ifrogz summit case snap-in shell carrying case for ipad 2 - black ipad2-sum-blk,,670
walmart_1571,da-lite honey maple veneer model b manual screen with matte white fabric - 60 x 60 diagonal video format,electronics - general,da-lite,87184,167.99,da-lite honey maple veneer model b manual screen with matte white fabric - 60 x 60 diagonal video format,,73
walmart_1643,bluelounge cabledrop black,electronics - general,bluelounge,cd-bl,10.0,bluelounge cabledrop black,,267
walmart_589,sennheiser sh 230 monaural headset,electronics - general,sennheiser,sh230,84.0,sennheiser sh 230 monaural headset,,399
amazon_4162,penpower chinese expert writing pad edition,scanner accessories,penpower,penpower chinese expert,132.89,penpower chinese expert writing pad edition,,627
walmart_1359,sony bcvw1 ac charger for w series battery,photography - general,sony,bcvw1,44.88,sony bcvw1 ac charger for w series battery,,453
amazon_4226,bravo view ovr-121wfm 12.1 widescreen overhead lcd,overhead video,bravo view,ovr-121wfm,,bravo view ovr-121wfm 12.1 widescreen overhead lcd,,43
walmart_1511,canon powershot elph 100 hs blue 12.1 mp digital camera with 4x optical zoom 3.0 lcd 1080p hd video w 50 bonus prints,digital cameras,canon,4925b001aa,178.54,canon powershot elph 100 hs blue 12.1 mp digital camera with 4x optical zoom 3.0 lcd 1080p hd video w 50 bonus prints,,772
walmart_974,antec 650w earthwatts ea-650 green psu,electronics - general,antec,ea650green,90.92,antec 650w earthwatts ea-650 green psu,,137
amazon_19525,new-ml1610d2 toner drum black case pack 1 - 517881,computer accessories,samsung,,184.14,new-ml1610d2 toner drum black case pack 1 - 517881,,664
amazon_16645,quartet 51659312 - rewritables dry erase mini-markers fine point six colors 6 set,cd players,quartet,,23.29,quartet 51659312 - rewritables dry erase mini-markers fine point six colors 6 set,,520
amazon_21594,i-tec electronics t6020 anti-glare screen protector for ipad,screen protectors,i-tec,t6020,14.99,i-tec electronics t6020 anti-glare screen protector for ipad,,517
walmart_1266,bower ss26 digital neck strap green,camera and camcorder accessories,bower,relaunch ss26gr,12.98,bower ss26 digital neck strap green,,773
walmart_734,acer diamond black 11.6 aspire one 722-bz197 laptop pc with amd dual-core c-50 processor and windows 7 home premium,laptop computers,acer,lu.sft02 .068,288.0,acer diamond black 11.6 aspire one 722-bz197 laptop pc with amd dual-core c-50 processor and windows 7 home premium,,313
amazon_979,incipio silicrylic for ipod touch 4g black black,cases,incipio,ip-904,20.28,incipio silicrylic for ipod touch 4g black black,,597
amazon_19031,iluv icc1112clr ipod nano 6g clear type protective film,screen protectors,apple,,9.0,iluv icc1112clr ipod nano 6g clear type protective film,,640
walmart_2276,lorex lne1001 easy connect network ip camera,computers,lorex,,121.84,lorex lne1001 easy connect network ip camera,,671
amazon_21029,hewlett packard hp universal heavyweight coated paper 32 95 bright 36 x 100 roll part number q1413a,,hp,,49.64,hewlett packard hp universal heavyweight coated paper 32 95 bright 36 x 100 roll part number q1413a,,609
amazon_18142,new-108r00676 maintenance kit extended capacity case pack 1 - 514003,computer accessories,xerox,,507.23,new-108r00676 maintenance kit extended capacity case pack 1 - 514003,,504
amazon_13029,hp 70 green c9457a 130 ml ink cartridge use in hp designjet printer,inkjet printer ink,hp,c9457a,55.99,hp 70 green c9457a 130 ml ink cartridge use in hp designjet printer,,251
amazon_19753,antec ea-650 green atx energy star certified power supply green,power supplies,antec,ea-650 green,69.99,antec ea-650 green atx energy star certified power supply green,,137
walmart_893,samsung 470 series 128gb sata ii solid state drive,hard drives,samsung,mz-5pa128 / us,199.0,samsung 470 series 128gb sata ii solid state drive,,600
walmart_1542,audiosource bi8 8 in-wall construction bracket mount,furniture,audiosource,bi8,25.88,audiosource bi8 8 in-wall construction bracket mount,,573
walmart_2216,lexmark 1382920 toner 3000 page-yield black,stationery & office machinery,lexmark,1382920,270.9,lexmark 1382920 toner 3000 page-yield black,,182
walmart_97,lacie firewire 800 expresscard 34,electronics - general,lacie,lac130992,45.0,lacie firewire 800 expresscard 34,,702
walmart_531,wireless mobile mouse 6000 bluetrack red,mice,microsoft,mhc-00019,29.88,wireless mobile mouse 6000 bluetrack red,,309
walmart_1624,hp q3675a image transfer kit,printers,hp,q3675a,194.84,hp q3675a image transfer kit,,2
walmart_1534,griffin ipod touch 4g formfit case pink clear,mp3 accessories,arkon,gb01959,17.13,griffin ipod touch 4g formfit case pink clear,,4
walmart_1136,elite screens cinegray prime vision series fixed frame screen - 135 diagonal,electronics - general,elite screens,pvr135h1,1069.0,elite screens cinegray prime vision series fixed frame screen - 135 diagonal,,488
amazon_21976,visual land v-motion pro 4 gb video music 2.4-inch mp3 player with camera black,mp3 players,visual land,me-964-4gb-blk,34.74,visual land v-motion pro 4 gb video music 2.4-inch mp3 player with camera black,,156
walmart_2221,franklin electronic publishers spelling ace thesaurus with merriam-webster puzzle solver sa-309,computers,franklin,sa309,20.82,franklin electronic publishers spelling ace thesaurus with merriam-webster puzzle solver sa-309,,589
amazon_1903,sony bcvw1 quick charger for w series batteries black,battery chargers,sony,bcvw1,44.88,sony bcvw1 quick charger for w series batteries black,,453
walmart_1153,filemate imagine series m2810 usb standard mouse,computers,,,8.98,filemate imagine series m2810 usb standard mouse,,330
walmart_1883,prince of persia pc,software,encore,21191,10.88,prince of persia pc,,183
amazon_10854,michigan wolverines iphone 3g silicone cover,computers accessories,tribeca,,19.99,michigan wolverines iphone 3g silicone cover,,835
amazon_13023,hp coated paper 42 inches x 150 feet roll,roll paper,hp,c6567b,51.96,hp coated paper 42 inches x 150 feet roll,,108
amazon_10705,new-ghent 19250 - triumph display easel adjust 36 to 62 high gray - ghe19250,stands,ghent,,65.0,new-ghent 19250 - triumph display easel adjust 36 to 62 high gray - ghe19250,,467
amazon_11214,xfx ati radeon hd 5670 1gb ddr3 vga dvi hdmi pci-express video card hd567xznl3,graphics cards,xfx,hd567xznl3,74.24,xfx ati radeon hd 5670 1gb ddr3 vga dvi hdmi pci-express video card hd567xznl3,,14
walmart_2326,rca 6-device voice activated universal remote control,tv accessories,rca,rcrv06gr,37.34,rca 6-device voice activated universal remote control,,625
amazon_10117,office wipes scrubs 6 pack 6 x 8 50 wipes container itw90006 category wipes and cleaning cloths,cleaning repair,itw,,27.2,office wipes scrubs 6 pack 6 x 8 50 wipes container itw90006 category wipes and cleaning cloths,,261
walmart_1732,patriot memory 16gb lx series sd card high-capacity,usb drives,patriot,psf16gsdhc10,49.98,patriot memory 16gb lx series sd card high-capacity,,785
walmart_1478,penpower worldcard ultra sheetfed scanner,electronics - general,penpower,swocr0038,129.0,penpower worldcard ultra sheetfed scanner,,748
walmart_1733,da-lite deluxe skirt adapter bracket for fast fold screens,electronics - general,da-lite,90751,6.99,da-lite deluxe skirt adapter bracket for fast fold screens,,317
walmart_1937,kingston kth-mlg4 2g 2gb ddr2 240-pin sdram server memory module,memory,kingston,kth-mlg4 / 2g,55.92,kingston kth-mlg4 2g 2gb ddr2 240-pin sdram server memory module,,152
amazon_4506,case logic bnb-208 208 capacity cd dvd prosleeve nylon binder black,media storage organization,case logic,bnb-208,23.99,case logic bnb-208 208 capacity cd dvd prosleeve nylon binder black,,354
walmart_1884,universal manila file jackets with reinforced tabs 2 exp . letter,stationery & office machinery,universal products,,29.59,universal manila file jackets with reinforced tabs 2 exp . letter,,342
amazon_17451,new-crown cu3672bk - cushion-step mat rubber 36 x 72 marbleized black - cwncu3672bk,laminating supplies,crown,,265.0,new-crown cu3672bk - cushion-step mat rubber 36 x 72 marbleized black - cwncu3672bk,,660
walmart_1081,garmin gpsmap 78s 010-00864-01 marine gps navigator and world wide chartplotter,handheld gps,garmin,gpsmap 78s,399.88,garmin gpsmap 78s 010-00864-01 marine gps navigator and world wide chartplotter,,592
walmart_2407,avery postcards for laser printers 4 white uncoated box of 100 .,stationery & office machinery,avery,5389,19.84,avery postcards for laser printers 4 white uncoated box of 100 .,,310
amazon_1090,griffin technology formfit for ipod touch 4g pink clear,cases,griffin technology,gb01959,7.53,griffin technology formfit for ipod touch 4g pink clear,,4
walmart_481,imation 11864 slr-5 data cartridge,mp3 accessories,imation,11864,55.92,imation 11864 slr-5 data cartridge,,129
walmart_2317,logitech f540 wireless headset,electronics - general,logitech,981-000277,163.0,logitech f540 wireless headset,,395
amazon_7248,wilson jones wcc7204rk - wallet file letter recycled kraft,,wilson jones,,,wilson jones wcc7204rk - wallet file letter recycled kraft,,13
walmart_1092,ocz technology vertex 2 60gb 2.5 sata ii solid state drive,hard drives,ocz technologies,oczssd22vtxe60g,119.98,ocz technology vertex 2 60gb 2.5 sata ii solid state drive,,169
walmart_991,avery index maker clear label dividers 5-tab white,stationery & office machinery,avery,11416,3.88,avery index maker clear label dividers 5-tab white,,285
amazon_15891,case logic slrc-202 medium slr camera bag black,cases bags,case logic,slrc-202black,37.95,case logic slrc-202 medium slr camera bag black,,24
amazon_7144,epson s041062 presentation inkjet letter paper 100 sheets,inkjet printer paper,epson,s041062,13.23,epson s041062 presentation inkjet letter paper 100 sheets,,493
walmart_1355,cooler master vortex plus cpu cooler,electronics - general,coolermaster,rrvtps28pkr1,30.0,cooler master vortex plus cpu cooler,,54
amazon_2671,buffalo technology drivestation duo 2 tb 2 x 1 tb usb 3.0 external raid hard drive array hd-wl2tu3r1 black,computers accessories,buffalo technology,hd-wl2tu3r1,249.68,buffalo technology drivestation duo 2 tb 2 x 1 tb usb 3.0 external raid hard drive array hd-wl2tu3r1 black,,175
amazon_19911,usb 2.0 bay media card reader,computer accessories,siig,ju-mr0012-s1,16.82,usb 2.0 bay media card reader,,28
walmart_735,bell o high-speed hdmi cable with ethernet 1-meter,tv accessories,bell ' o,hd7101,59.99,bell o high-speed hdmi cable with ethernet 1-meter,,120
amazon_15284,verbatim 94892 700 mb 52x datalifeplus silver inkjet printable recordable disc cd-r 50-disc spindle,cd-r discs,verbatim,94892,14.15,verbatim 94892 700 mb 52x datalifeplus silver inkjet printable recordable disc cd-r 50-disc spindle,,107
walmart_229,wacom ptk640 intuos4 medium pen graphics tablet,electronics - general,wacom tech corp.,ptk640,372.88,wacom ptk640 intuos4 medium pen graphics tablet,,61
amazon_9717,polaroid cia-1237pc 12 mp digital camera with 3x optical zoom pink,point shoot digital cameras,polaroid,cia-1237pc,69.99,polaroid cia-1237pc 12 mp digital camera with 3x optical zoom pink,,435
amazon_4784,kodak easyshare m552 14 mp digital camera with 5x optical zoom and 2.7-inch lcd - dark pink new model,point shoot digital cameras,kodak,1942390,,kodak easyshare m552 14 mp digital camera with 5x optical zoom and 2.7-inch lcd - dark pink new model,,548
walmart_2209,bankers box super stor drawer file ltr steel plastic 12-3 4 x 23 x 10-1 2 blk we 6 ctn,storage,bankers box,,179.99,bankers box super stor drawer file ltr steel plastic 12-3 4 x 23 x 10-1 2 blk we 6 ctn,,390
walmart_1589,startech esata usb to sata external hard drive docking station for 2.5 hdd,electronics - general,startech,satadocku2e,29.84,startech esata usb to sata external hard drive docking station for 2.5 hdd,,37
amazon_13476,sony dpw30r2h 1.4 gb camcorder 8cm dvd rw single,dvd rw discs,sony,dpw30r2h,3.49,sony dpw30r2h 1.4 gb camcorder 8cm dvd rw single,,449
amazon_16953,new-sh230 monaural headset - sh230,accessories supplies,sennheiser,,89.32,new-sh230 monaural headset - sh230,,399
walmart_182,targus zierra case for blackberry playbook tablet black,electronics - general,targus,thz053us,55.88,targus zierra case for blackberry playbook tablet black,,744
amazon_18623,belkin f2e9142-wht pro series adc to dvi apple monitor adapter,connectors adapters,belkin,f2e9142-wht,24.99,belkin f2e9142-wht pro series adc to dvi apple monitor adapter,,39
amazon_4984,hp scanjet 5590 digital flatbed scanner - flatbed scanner - letter - 2400 dpi x 2400 dpi - adf 50 sheets - hi-speed usb,,hp,5590 digital flatbed scanner,296.0,hp scanjet 5590 digital flatbed scanner - flatbed scanner - letter - 2400 dpi x 2400 dpi - adf 50 sheets - hi-speed usb,,273
amazon_14498,carapace keyboard cover for macbook,computers accessories,sonnet technologies,kp-mb,15.61,carapace keyboard cover for macbook,,836
amazon_4283,avery 2180 - file folder labels on mini-sheets 2 3 x 3-7 16 assorted 300 pack,,avery,,,avery 2180 - file folder labels on mini-sheets 2 3 x 3-7 16 assorted 300 pack,,23
amazon_345,brother hl4570cdw color laser printer with wireless networking and duplex,laser printers,brother,hl4570cdw,399.99,brother hl4570cdw color laser printer with wireless networking and duplex,,726
amazon_15009,griffin powerblock dual universal charger for mp3 players and usb devices 2amp - 1a per port black,chargers,griffin technology,na23061,8.3,griffin powerblock dual universal charger for mp3 players and usb devices 2amp - 1a per port black,,260
walmart_1073,corsair hx3x12g1333c9 12 gb xms3 6 x 2 gb pc3-10600 1333mhz 240-pin ddr3 core i7 triple channel memory kit desktop memory module,memory,corsair,hx3x12g1333c9,163.82,corsair hx3x12g1333c9 12 gb xms3 6 x 2 gb pc3-10600 1333mhz 240-pin ddr3 core i7 triple channel memory kit desktop memory module,,117
amazon_3668,q-see qsd360 indoor outdoor vandalproof dome ccd camera color,dome cameras,q-see,qsd360,103.88,q-see qsd360 indoor outdoor vandalproof dome ccd camera color,,319
walmart_453,incipio ak-334 kaddy nylon folio for amazon kindle 3 black,mp3 accessories,incipio,ak-334,28.5,incipio ak-334 kaddy nylon folio for amazon kindle 3 black,,639
walmart_563,bic wite-out shake n squeeze correction pen white 4-pack,stationery & office machinery,bic,wosqpp418-whi,8.39,bic wite-out shake n squeeze correction pen white 4-pack,,657
walmart_2378,lg 32 class lcd 720p 60hz hdtv 32lk330,electronics : flat panel tv,lg,32lk330,344.0,lg 32 class lcd 720p 60hz hdtv 32lk330,,525
amazon_430,asus f1a75-m pro - f1 socket - a75 - sata 6gbps and usb 3.0 - matx amd hudson d3 micro atx ddr3 1800 amd - fm1 motherboards,motherboards,asus,f1a75-m pro,109.99,asus f1a75-m pro - f1 socket - a75 - sata 6gbps and usb 3.0 - matx amd hudson d3 micro atx ddr3 1800 amd - fm1 motherboards,,265
walmart_1377,office star products 93 series leather visitors chair with loop arms black,furniture,office star,,179.49,office star products 93 series leather visitors chair with loop arms black,,707
amazon_11894,fellowes 8031101 monitor riser,monitor arms stands,fellowes,8031101,28.39,fellowes 8031101 monitor riser,,839
walmart_2396,crown super-soaker polypropylene wiper mat with gripper bottom 45 x 67 charcoal,rugs,crown,ssr046ch,139.97,crown super-soaker polypropylene wiper mat with gripper bottom 45 x 67 charcoal,,300
walmart_2409,pioneer cd-iu50v usb interface cable for ipod iphone tm,car stereos,pioneer,cd-iu50v,55.88,pioneer cd-iu50v usb interface cable for ipod iphone tm,,232
amazon_3323,v7 3 button usb optical mouse,mice,v7,m30p10-7n,6.99,v7 3 button usb optical mouse,,652
walmart_1402,adesso gp-160pb easy cat 2 button glidepoint touchpad - electrostatic - ps 2,mice,adesso,gp-160pb,34.82,adesso gp-160pb easy cat 2 button glidepoint touchpad - electrostatic - ps 2,,388
walmart_1177,da-lite leg saver back brace for standard fast-fold screens,electronics - general,da-lite,72120,82.0,da-lite leg saver back brace for standard fast-fold screens,,737
walmart_2275,quantum mr-s2mqn-01 super dlttape ii cartridge,mp3 accessories,quantum,mr-s2mqn-01,94.88,quantum mr-s2mqn-01 super dlttape ii cartridge,,788
amazon_7358,trendnet usb to gigabit ethernet adapter tu2-etg,connectors adapters,trendware,tu2-etg,31.99,trendnet usb to gigabit ethernet adapter tu2-etg,,568
walmart_147,middle atlantic 30 amp stand-alone mpr module,tv accessories,middle atlantic,rlm30-l520-1,237.99,middle atlantic 30 amp stand-alone mpr module,,31
amazon_3153,new clarion eqs746 half-din graphic equalizer with built-in crossover car stereo head units,memory card readers,clarion,,86.2,new clarion eqs746 half-din graphic equalizer with built-in crossover car stereo head units,,569
walmart_1953,startech 3-port 2b 1a 1394 mini pci express firewire card adapter,electronics - general,startech,mpex1394b3,69.0,startech 3-port 2b 1a 1394 mini pci express firewire card adapter,,553
walmart_1610,q-see qsbncomp10 antenna connector,garden - general,q-see,qsbncomp10,15.72,q-see qsbncomp10 antenna connector,,47
amazon_9237,wintec filemate imagine series m2810 usb standard mouse - white with jet black 3fmnm2810ubk-r,mice,wintec,3fmnm2810ubk-r,11.99,wintec filemate imagine series m2810 usb standard mouse - white with jet black 3fmnm2810ubk-r,,330
walmart_1846,canon psc-4100 deluxe soft case compatible with sx-30 canon camera,photography - general,canon,psc-4100,22.99,canon psc-4100 deluxe soft case compatible with sx-30 canon camera,,481
amazon_13592,roocase executive leather portfolio black case cover with landscape portrait view stand for samsung galaxy tab tablet p1000 wi-fi 3g,cases sleeves,roocase,,24.98,roocase executive leather portfolio black case cover with landscape portrait view stand for samsung galaxy tab tablet p1000 wi-fi 3g,,455
walmart_2327,connectland 1.20-meter stainless steel notebook security lock with key,electronics - general,syba multimedia,cl-nbk65016,11.88,connectland 1.20-meter stainless steel notebook security lock with key,,98
walmart_108,imation 26607 rdx cartridge hard drive,hard drives,imation,26607,117.84,imation 26607 rdx cartridge hard drive,,141
walmart_1397,sharp electronics xldh259n 160w micro system with ipod dock black,stereos/audio,sharp,xl-dh259n,0.0,sharp electronics xldh259n 160w micro system with ipod dock black,,344
walmart_184,los angeles dodgers pink iphone 4 hard case,electronics - general,tribeca,fva4450,29.99,los angeles dodgers pink iphone 4 hard case,,807
amazon_9548,smart label printer multipurpose labels,audio video accessories,seiko,,13.82,smart label printer multipurpose labels,,180
amazon_12881,kensington slimblade notebook wireless mouse with nano receiver k72334us,mice,kensington,k72334us,29.99,kensington slimblade notebook wireless mouse with nano receiver k72334us,,111
amazon_14454,coby cs-p14 personal mini stereo speakers,computer speakers,coby,cs-p14,8.56,coby cs-p14 personal mini stereo speakers,,258
walmart_2483,kenwood 6.5 2-way 160w speaker system kfc-1652,stereos/audio,kenwood,kfc-1652,29.99,kenwood 6.5 2-way 160w speaker system kfc-1652,,626
amazon_2476,00540 antijam extra heavy duty stapler for up to 215 sheets black bos00540,printer staples,stanley,,70.99,00540 antijam extra heavy duty stapler for up to 215 sheets black bos00540,,329
amazon_17383,cinegray prime vision series fixed frame screen - 135 diagonal,projection screens,elite,,1069.0,cinegray prime vision series fixed frame screen - 135 diagonal,,488
amazon_7135,epson workforce pro gt-s50 document imaging scanner,printers,epson,b11b194011,355.91,epson workforce pro gt-s50 document imaging scanner,,798
walmart_722,corsair memory vs2gbkit400c3 2 gb pc3200 400mhz 184-pin ddr desktop memory kit,memory,corsair,vs2gbkit400c3,59.82,corsair memory vs2gbkit400c3 2 gb pc3200 400mhz 184-pin ddr desktop memory kit,,416
walmart_2349,brother tn110bk black toner cartridge,printers,brother,tn110bk,49.88,brother tn110bk black toner cartridge,,92
amazon_21912,6.6 ft clearlinks premium gold series high-speed hdmi cable,,cp technology,cl-hdmi-pg-6 .6 ft,14.79,6.6 ft clearlinks premium gold series high-speed hdmi cable,,594
amazon_4576,buffalo technology linkstation mini 1 tb 2 x 500 gb compact network attached storage ls-wsx1 .0 tl r1,network attached storage,buffalo technology,ls-wsx1 .0 tl/r1,199.99,buffalo technology linkstation mini 1 tb 2 x 500 gb compact network attached storage ls-wsx1 .0 tl r1,,185
walmart_2140,htc sensation 4g,prepaid wireless phones,generic,610214626400,0.0,htc sensation 4g,,56
amazon_8368,arrowmounts am-p16b cantilever retractable wall mount for flat panel televisions up to 27-inch black,tv mounts,arrowmounts,am-p16b,37.26,arrowmounts am-p16b cantilever retractable wall mount for flat panel televisions up to 27-inch black,,536
walmart_217,imation 32gb pocket flash drive,usb drives,imation,27860,77.21,imation 32gb pocket flash drive,,549
walmart_2125,scosche it4scbk tch 3 switchback,mp3 accessories,scosche,it4scbk,32.88,scosche it4scbk tch 3 switchback,,538
walmart_781,ampad envirotec 100 recycled file folders 1 3 cut top tab letter brown 100pk,stationery & office machinery,,35113,12.94,ampad envirotec 100 recycled file folders 1 3 cut top tab letter brown 100pk,,22
walmart_1899,panasonic kx-fatc506 high yield cyan toner cartridge,printers,panasonic,kx-fatc506,89.84,panasonic kx-fatc506 high yield cyan toner cartridge,,368
amazon_20309,night owl security no-8lcd 8-inch color lcd security monitor with audio,security monitors displays,night owl optics,no-8lcd,99.94,night owl security no-8lcd 8-inch color lcd security monitor with audio,,63
walmart_1834,guardian ecoguard indoor rubber wiper mats 36 x 60 charcoal,rugs,guardian,eg030504,55.97,guardian ecoguard indoor rubber wiper mats 36 x 60 charcoal,,103
amazon_20506,tenba 638-623 mixx large camera shoulder bag black blue,cases bags,tenba,638-623,57.95,tenba 638-623 mixx large camera shoulder bag black blue,,747
walmart_992,hp 61 black tri-color combo inkjet cartridge,printers,hp,hp 61,30.5,hp 61 black tri-color combo inkjet cartridge,,27
walmart_219,microsoft wireless mobile mouse 4000 sgkomen pink,mice,microsoft,d5d-00052,20.0,microsoft wireless mobile mouse 4000 sgkomen pink,,651
amazon_16032,svat gx301-012 digital wireless dvr security system with sd card recording long range night visi,computers accessories,svat,,345.0,svat gx301-012 digital wireless dvr security system with sd card recording long range night visi,,271
walmart_1467,slappa ladies damask netbook sleeve in white,electronics - general,slappa,nsv-121,39.99,slappa ladies damask netbook sleeve in white,,35
amazon_3566,scosche gm1515b s10 rack kit for 1995-97 general motors sonoma chevrolet,power-cable terminals,scosche,gm1515b,9.88,scosche gm1515b s10 rack kit for 1995-97 general motors sonoma chevrolet,,500
amazon_11172,dymo labelwriter shipping labels white 2-5 16 x 4 300 per pack,labeling tapes,dymo,30256,15.15,dymo labelwriter shipping labels white 2-5 16 x 4 300 per pack,,613
amazon_264,new-axis gk-013 107-key ps 2 keyboard black - cp76006,keyboards,axis,,11.51,new-axis gk-013 107-key ps 2 keyboard black - cp76006,,252
amazon_6876,san diego chargers pro grip mouse,mice,team promark,msnf25,24.99,san diego chargers pro grip mouse,,674
amazon_13179,sharp el1192bl two-color printing calculator calculator prting desktop pack of2,printing,sharp,,95.66,sharp el1192bl two-color printing calculator calculator prting desktop pack of2,,165
walmart_2194,fellowes hd precision cordless mouse,mice,fellowes,98904,44.84,fellowes hd precision cordless mouse,,510
amazon_18166,brother tn110bk black toner cartridge compatible with hl-4040cn hl-4070cdw series,laser printer toner,brother,tn-110bk,37.99,brother tn110bk black toner cartridge compatible with hl-4040cn hl-4070cdw series,,92
amazon_16832,new-mohawk 36101 - color copy gloss paper 96 brightness 32lb 8-1 2 x 11 white 500 sheets ream - mow36101,computers accessories,mohawk,,34.52,new-mohawk 36101 - color copy gloss paper 96 brightness 32lb 8-1 2 x 11 white 500 sheets ream - mow36101,,69
amazon_3253,xantech 283tpd designer twin plug blink emitter,printers,xantech,,28.0,xantech 283tpd designer twin plug blink emitter,,238
amazon_6288,audiovox sirius sha1 outdoor home antenna grey,radio antennas,terk,sha1,33.72,audiovox sirius sha1 outdoor home antenna grey,,391
walmart_1011,startech superspeed usb 3.0 sata adapter cable for 2.5 in or 3.5 in hard drives usb3s2sata,networking,startech,usb3s2sata,49.0,startech superspeed usb 3.0 sata adapter cable for 2.5 in or 3.5 in hard drives usb3s2sata,,67
walmart_1248,advantus premier heavy-duty retractable id card reel 24 extension black chrome 12 box,accessories apparel,,75406,60.94,advantus premier heavy-duty retractable id card reel 24 extension black chrome 12 box,,41
walmart_1093,crown clean step dirt grabber mat 60-sheet refill pad 4 ct,home care,crown,wcrplpdw,269.97,crown clean step dirt grabber mat 60-sheet refill pad 4 ct,,756
amazon_12891,acer iconia tab bluetooth keyboard,keyboards,acer,bluetooth keyboard,46.99,acer iconia tab bluetooth keyboard,,269
amazon_4426,rolodex 67060 - petite open tray card file holds 125 2 1 4 x 4 cards black,accessories supplies,rolodex,,,rolodex 67060 - petite open tray card file holds 125 2 1 4 x 4 cards black,,695
walmart_2040,skooba design skooba skin 1617 large laptop sleeve in blue microsuede with blue lining,electronics - general,skooba design,725-303,33.99,skooba design skooba skin 1617 large laptop sleeve in blue microsuede with blue lining,,478
amazon_10558,canon ack-dc30 ac adapter kit for sd700is sd800is sd850is sd870is sd880is sd890is sd900 sd950is sd990is sd970is sx200is digital cameras,battery chargers,canon,1137b001,49.99,canon ack-dc30 ac adapter kit for sd700is sd800is sd850is sd870is sd880is sd890is sd900 sd950is sd990is sd970is sx200is digital cameras,,83
walmart_695,clarion sirius satellite radio receiver adapter,satellite radio,clarion,clasc1,49.99,clarion sirius satellite radio receiver adapter,,125
walmart_2305,clickfree c2 500gb usb 3.0 portable external hard drive,hard drives,clickfree,hd527b3,84.98,clickfree c2 500gb usb 3.0 portable external hard drive,,223
amazon_18153,da-lite 27651 da-glas deluxe rear projection screen - 96 x 96 av format,projection screens,da-lite,,,da-lite 27651 da-glas deluxe rear projection screen - 96 x 96 av format,,742
walmart_1208,xantech 283dmw designer blink emitter single mini wire,stereos/audio,xantech,283dmw,11.88,xantech 283dmw designer blink emitter single mini wire,,421
amazon_4783,kodak easyshare m530 12 mp digital camera with 3x wide angle optical zoom and 2.7-inch lcd red,point shoot digital cameras,kodak,easyshare m530 red,99.99,kodak easyshare m530 12 mp digital camera with 3x wide angle optical zoom and 2.7-inch lcd red,,533
amazon_21373,samsung ec-st65 digital camera with 14 mp and 5x optical zoom indigo blue,point shoot digital cameras,samsung,ec-st65zzbpuus,,samsung ec-st65 digital camera with 14 mp and 5x optical zoom indigo blue,,49
amazon_20939,san diego chargers brown pro-grip optical mouse,computers accessories,fanatics,,,san diego chargers brown pro-grip optical mouse,,674
amazon_14359,samsung opc drum for clp-500 series clp-500rb xaa,,samsung,clp-500rb / xaa,156.44,samsung opc drum for clp-500 series clp-500rb xaa,,363
walmart_759,apricorn 320gb padlock 128-bit hardware-encrypted portable drive,hard drives,apricorn,a25-pl128-320,99.82,apricorn 320gb padlock 128-bit hardware-encrypted portable drive,,550
walmart_1895,q-see qt426 16-channel digital video recorder,garden - general,q-see,qt426-5,612.24,q-see qt426 16-channel digital video recorder,,52
walmart_934,evga geforce 210 512mb ddr3 pci express graphics card,electronics - general,evga,512p31310lr,32.88,evga geforce 210 512mb ddr3 pci express graphics card,,217
walmart_1268,disney toy story cd boom box,portable audio,disney,ts500b,39.54,disney toy story cd boom box,,38
amazon_8279,bits limited scg 2 six outlet smart strip,outlet plates,bits limited,scg 2,28.89,bits limited scg 2 six outlet smart strip,,767
amazon_16666,new-wilson jones 21402 - super heavy weight sheet protector clear 25 box - wlj21402,storage presentation materials,wilson jones,,21.0,new-wilson jones 21402 - super heavy weight sheet protector clear 25 box - wlj21402,,582
amazon_20174,extended capacity maintenance kit workcentre c2424,printer accessories,tektronix,108r00657,154.84,extended capacity maintenance kit workcentre c2424,,448
walmart_2033,canon cli-221 magenta ink cartridge 2948b001,printers,canon,cli221mag,16.84,canon cli-221 magenta ink cartridge 2948b001,,740
walmart_2254,brother hl-4570cdw wireless laser color printer duplex printing,printers,brother,hl-4570cdw,481.86,brother hl-4570cdw wireless laser color printer duplex printing,,726
walmart_2360,wilson jones visitor register book red hardcover 112 pages,stationery & office machinery,wilson jones,s490,41.94,wilson jones visitor register book red hardcover 112 pages,,706
amazon_5364,targus platinum blacktop 17 standard laptop case - notebook carrying case - 17 - gray black,bags cases,targus,cpt301us,35.17,targus platinum blacktop 17 standard laptop case - notebook carrying case - 17 - gray black,,375
amazon_6308,gear head 3 button wireless optical wheel mouse blk slvr usb,audio video accessories,gear head,mp2300blk,18.99,gear head 3 button wireless optical wheel mouse blk slvr usb,,480
walmart_376,toshiba ph3100u-1e3s 1tb usb 3.0 desktop hard drive,hard drives,toshiba,ph3100u-1e3s,89.0,toshiba ph3100u-1e3s 1tb usb 3.0 desktop hard drive,,194
amazon_12892,kanguru defender 1 gb usb 2.0 flash drive v2 kdv2-1g,usb flash drives,kanguru solutions,kdv2-1g,33.43,kanguru defender 1 gb usb 2.0 flash drive v2 kdv2-1g,,118
amazon_20145,innovera softskin gel wrist rest black,wrist rests,innovera,,13.17,innovera softskin gel wrist rest black,,134
amazon_11088,fujifilm instax mini twin pack instant film,film,fuji,instax mini twin pack,18.36,fujifilm instax mini twin pack instant film,,522
amazon_11227,wintec filemate 32 gb s-professional compactflash card,memory cards,wintec,3fmcf32gbs-r,79.99,wintec filemate 32 gb s-professional compactflash card,,59
walmart_1626,hp q1421a universal semi-gloss photo paper,stationery & office machinery,hp,q1421a,94.88,hp q1421a universal semi-gloss photo paper,,700
amazon_19556,mukii 2-port usb 3.0 expresscard 34 adapter,computers accessories,mukii,,21.25,mukii 2-port usb 3.0 expresscard 34 adapter,,333
amazon_12569,clarion clasc1 sirius satellite radio receiver adapter,accessories,clarion,clasc1,49.99,clarion clasc1 sirius satellite radio receiver adapter,,125
amazon_12024,acer et.vv3hp.a01 23-inch widescreen lcd monitor black,monitors,acer,et.vv3hp.a01,149.09,acer et.vv3hp.a01 23-inch widescreen lcd monitor black,,631
walmart_599,corsair cm2x2048-6400c5 xms2 2gb pc2-6400 800mhz 240-pin ddr2 cl5 dual channel desktop memory kit,memory,corsair,cm2x2048-6400c5,40.82,corsair cm2x2048-6400c5 xms2 2gb pc2-6400 800mhz 240-pin ddr2 cl5 dual channel desktop memory kit,,48
amazon_18197,bond street ltd. 416020sil - 5 attach case aluminum 18 x 5 x 13-1 2 black silver,computer accessories,bond street,,,bond street ltd. 416020sil - 5 attach case aluminum 18 x 5 x 13-1 2 black silver,,17
amazon_18980,new-best-rite 33250 - wheasel easel adjustable melamine dry erase board 28 3 4 x 59 1 2 white - blt33250,stands,best rite,,229.0,new-best-rite 33250 - wheasel easel adjustable melamine dry erase board 28 3 4 x 59 1 2 white - blt33250,,1
walmart_1108,microsoft arc touch mouse,mice,microsoft,rvf-00001,57.88,microsoft arc touch mouse,,725
walmart_2139,agf blackberry torch 9800 9810 endo grt case black black,electronics - general,agf,ha0435-m005,25.88,agf blackberry torch 9800 9810 endo grt case black black,,224
amazon_18704,mavis beacon keyboarding kidz kids typing,audio video accessories,encore,20151,20.85,mavis beacon keyboarding kidz kids typing,,353
amazon_11438,startech.com 3 port 2b 1a 1394 mini pci express firewire card adapter mpex1394b3,firewire port cards,startech,mpex1394b3,61.24,startech.com 3 port 2b 1a 1394 mini pci express firewire card adapter mpex1394b3,,553
amazon_17543,smead 75174 - 5 1 4 inch expansion end tab file pockets with tyvek letter manila 10 box,,smead,,,smead 75174 - 5 1 4 inch expansion end tab file pockets with tyvek letter manila 10 box,,661
walmart_88,balt wheasel easel adjustable melamine dry erase board white,stationery & office machinery,balt,33250,239.88,balt wheasel easel adjustable melamine dry erase board white,,1
amazon_19150,new-scosche fptag ipod touch 4g anti-glare screen protectors 2 pk - sisfptag,complete tripod units,scosche,,14.99,new-scosche fptag ipod touch 4g anti-glare screen protectors 2 pk - sisfptag,,781
walmart_1986,eaton 3s750 ups 750va,electronics - general,eaton,3s750,86.88,eaton 3s750 ups 750va,,42
walmart_550,clover ccm636 ultra-mini color camera,garden - general,clover electronics,ccm636,87.84,clover ccm636 ultra-mini color camera,,579
walmart_2412,lexmark x651h11a high-yield toner 25000 page-yield black,printers,lexmark,x651h11a,565.2,lexmark x651h11a high-yield toner 25000 page-yield black,,335
walmart_2536,gator cases ata molded utility case 11.7 x 16.7 x 5.9,electronics - general,gator cases,gxdf-1116-5-tsa,139.99,gator cases ata molded utility case 11.7 x 16.7 x 5.9,,677
walmart_1695,smead recycled end tab fastener folders straight cut 11pt legal manila 50 box,stationery & office machinery,,37160,41.18,smead recycled end tab fastener folders straight cut 11pt legal manila 50 box,,507
amazon_15434,sony mdrzx100 whi outdoor headphones,headphones,sony,mdrzx100/whi,15.49,sony mdrzx100 whi outdoor headphones,,379
amazon_12734,manfrotto mb sm390-5bc unica v messenger bag brown,cases bags,manfrotto,mb sm390-5bc,89.89,manfrotto mb sm390-5bc unica v messenger bag brown,,535
amazon_2720,midland xtc200 hd 720p extreme action camera,sports outdoor gps,midland,,182.6,midland xtc200 hd 720p extreme action camera,,559
walmart_1044,ifrogz ipod touch 4 luxe original case blue black,mp3 accessories,ifrogz,it4lo-blu/blk,29.99,ifrogz ipod touch 4 luxe original case blue black,,689
amazon_1662,roocase executive portfolio magenta leather case cover with landscape portrait view for blackberry playbook tablet wi-fi 4g,cases sleeves,roocase,,20.0,roocase executive portfolio magenta leather case cover with landscape portrait view for blackberry playbook tablet wi-fi 4g,,749
walmart_2515,corsair 115gb solid state drive corsair force series,hard drives,corsair,cssdf115gbp2brk,261.25,corsair 115gb solid state drive corsair force series,,202
amazon_7304,verbatim store n go superspeed 500 gb usb 3.0 portable external hard drive 97397 black,computers accessories,verbatim,97397,69.99,verbatim store n go superspeed 500 gb usb 3.0 portable external hard drive 97397 black,,18
amazon_21709,imation rdx removable hard disk cartridge 160gb,blank media,imation,26607,108.0,imation rdx removable hard disk cartridge 160gb,,141
walmart_999,igo ps00291-0001 keyjuice micro mini usb cable,phone accessories,igo,ps00291-0001,7.88,igo ps00291-0001 keyjuice micro mini usb cable,,53
amazon_13245,wintec filemate imagine series m2810 usb standard mouse - white with light blue 3fmnm2810ubl-r,mice,wintec,3fmnm2810ubl-r,11.99,wintec filemate imagine series m2810 usb standard mouse - white with light blue 3fmnm2810ubl-r,,330
walmart_663,epson workforce pro gt-s50 document image scanner,electronics - general,epson,b11b194011,407.12,epson workforce pro gt-s50 document image scanner,,798
walmart_2548,sabrent 6-in-1 usb 2.0 flash memory card reader,usb drives,sabrent,crw-ext,10.98,sabrent 6-in-1 usb 2.0 flash memory card reader,,406
walmart_2471,da-lite da-plex thru-the-wall rear projection screen - 78 x 139 hdtv format,electronics - general,da-lite,23077,11385.99,da-lite da-plex thru-the-wall rear projection screen - 78 x 139 hdtv format,,32
amazon_7443,startech.com 10 100 mbps usb print server pm1115u,print servers,startech,pm1115u,35.23,startech.com 10 100 mbps usb print server pm1115u,,418
walmart_936,vizio 42 ultra-slim m420sv,television,vizio,m420sv,697.54,vizio 42 ultra-slim m420sv,,588
amazon_13677,hdmi cable adapter hdmi to mini hdmi cable adapter for m,hdmi cables,startech,hdmiacfm,4.74,hdmi cable adapter hdmi to mini hdmi cable adapter for m,,112
amazon_6998,honey maple veneer model b manual screen with matte white fabric - diagonal video format size 60 x 60 diagonal,projection screens,da-lite,,,honey maple veneer model b manual screen with matte white fabric - diagonal video format size 60 x 60 diagonal,,73
walmart_2295,lexmark 18c2249 36xl 37xl high-yield ink 500 page-yield 2 pack black,printers,lexmark,18c2249,66.99,lexmark 18c2249 36xl 37xl high-yield ink 500 page-yield 2 pack black,,527
walmart_1618,lathem time 900e electronic time recorder automatic,stationery & office machinery,,900e,239.94,lathem time 900e electronic time recorder automatic,,187
walmart_1560,pc treasures wireless optical mouse 2.4 ghz purple,mice,pc treasures,07227,17.82,pc treasures wireless optical mouse 2.4 ghz purple,,618
walmart_19,hp 80 ink printhead printhead cleaner black c4890a,stationery & office machinery,hp,c4890a,268.79,hp 80 ink printhead printhead cleaner black c4890a,,782
amazon_2750,maxell timbers earbud,headphones,maxell,190243,11.45,maxell timbers earbud,,650
walmart_892,premiertek pl-2301a powerlink amplus wireless range extender,networking,premiertek,pl-2301a,45.88,premiertek pl-2301a powerlink amplus wireless range extender,,817
amazon_9295,verbatim store n go 2 gb usb 2.0 flash drive 96438 metallic pink,usb flash drives,verbatim,96438,9.99,verbatim store n go 2 gb usb 2.0 flash drive 96438 metallic pink,,556
amazon_17174,new-analog rca volume leveler - dct6s,accessories,srs,,65.0,new-analog rca volume leveler - dct6s,,5
amazon_101,agf ha0435-m005 case for blackberry torch 9800 and 9810 endo grt - 1 pack - retail packaging - black,cases,agf,ha0435-m005,23.93,agf ha0435-m005 case for blackberry torch 9800 and 9810 endo grt - 1 pack - retail packaging - black,,224
amazon_3250,xantech cpl10 rf ir coupler,audio video accessories,xantech,cpl10,12.0,xantech cpl10 rf ir coupler,,349
amazon_20240,postage meter labels for personal post office e700,printer accessories,avery,,,postage meter labels for personal post office e700,,128
amazon_2578,casio exilim ex-zs10 black 14 mp stylish and slim digital camera with 5x wide-angle zoom and 720p hd video capture,point shoot digital cameras,casio,ex-zs10 black,,casio exilim ex-zs10 black 14 mp stylish and slim digital camera with 5x wide-angle zoom and 720p hd video capture,,431
amazon_9389,toshiba 1 tb usb 3.0 external hard drive ph3100u-1e3s black silver,external hard drives,toshiba,ph3100u-1e3s,80.23,toshiba 1 tb usb 3.0 external hard drive ph3100u-1e3s black silver,,194
walmart_1651,inland proht iphone screen protector,electronics - general,inland,08563,9.99,inland proht iphone screen protector,,444
amazon_20932,fr530cb 3m adjustable footrest,footrests,3m #,fr530cb #,67.34,fr530cb 3m adjustable footrest,,450
amazon_4318,ape case ac252 tri-fold travel wallet digital camera case camcorder bags camera bags,networking products,ape case,,,ape case ac252 tri-fold travel wallet digital camera case camcorder bags camera bags,,359
walmart_78,case logic 18 laptop case,electronics - general,case logic,147735,39.99,case logic 18 laptop case,,542
walmart_2462,pioneer ts-w2502d2 10 champion series pro subwoofer,car stereos,pioneer,ts-w2502d2,268.0,pioneer ts-w2502d2 10 champion series pro subwoofer,,230
walmart_1071,panasonic lightweight headphones w xbs rp-ht21,electronics - general,panasonic,rp-ht21,9.88,panasonic lightweight headphones w xbs rp-ht21,,838
amazon_20392,new-lowrance 000-10236-001 elite tm -5 dsi fishfinder base - lra10236001,fishfinders,lowrance,,744.1,new-lowrance 000-10236-001 elite tm -5 dsi fishfinder base - lra10236001,,346
amazon_10760,lexmark x644e x646e return program print cartridge,inkjet printer ink,lexmark,x644a11a,205.14,lexmark x644e x646e return program print cartridge,,249
amazon_18297,new-ampad 25473 - spiral steno book gregg rule 6 x 9 canary 100 sheets - amp25473,storage presentation materials,ampad,,18.0,new-ampad 25473 - spiral steno book gregg rule 6 x 9 canary 100 sheets - amp25473,,364
walmart_164,d-link dap-1350 wireless-n pocket router and access point,networking,d-link,dap1350,99.99,d-link dap-1350 wireless-n pocket router and access point,,791
amazon_12191,night owl security products cam-s420-245a ccd wired color security camera with 60 of cable,bullet cameras,night owl optics,cam-s420-245a,59.99,night owl security products cam-s420-245a ccd wired color security camera with 60 of cable,,207
amazon_3205,dymo labelmanager 260p,label makers,dymo,260p,,dymo labelmanager 260p,,360
amazon_1096,griffin gb01913 screen care kit for ipod touch 4g 3 pack,cases,griffin technology,gb01913,11.17,griffin gb01913 screen care kit for ipod touch 4g 3 pack,,268
walmart_1595,dell switch by design studio lids horizontal pink 17r,electronics - general,dell,40n0c,39.0,dell switch by design studio lids horizontal pink 17r,,345
amazon_20890,stratus quadband gsm phone unlocked,unlocked phones,samsung,c3050,53.99,stratus quadband gsm phone unlocked,,826
walmart_614,atrend-bbox a361-12cp b box series speaker,car stereos,atrend,a361-12cp,56.88,atrend-bbox a361-12cp b box series speaker,,599
amazon_11044,griffin powerblock dual universal charger for mp3 players and usb devices black,chargers,griffin technology,7263-pblkun2b,10.99,griffin powerblock dual universal charger for mp3 players and usb devices black,,260
amazon_20288,aoc 2236vw widescreen lcd monitor,monitors,aoc,2236vw,129.0,aoc 2236vw widescreen lcd monitor,,186
walmart_577,da-lite tilt lock single pair or container of 12 pairs,electronics - general,da-lite,40964,66.19,da-lite tilt lock single pair or container of 12 pairs,,331
amazon_13149,evga geforce gt 430 1 gb ddr3 pci-express 2.0 graphics card 01g-p3-1430-lr,graphics cards,evga,01g-p3-1430-lr,55.65,evga geforce gt 430 1 gb ddr3 pci-express 2.0 graphics card 01g-p3-1430-lr,,766
amazon_21483,toshiba dvr670 dvr670ku dvd vhs recorder with built in tuner black,disc players recorders,toshiba,dvr670,212.94,toshiba dvr670 dvr670ku dvd vhs recorder with built in tuner black,,179
walmart_387,evga 1gb geforce gt 520 ddr3 graphics card,electronics - general,evga,01gp31521kr,68.99,evga 1gb geforce gt 520 ddr3 graphics card,,470
amazon_7145,nikon coolpix p500 12.1 cmos digital camera with 36x nikkor wide-angle optical zoom lens and full hd 1080p video black,point shoot digital cameras,nikon,p500 black,,nikon coolpix p500 12.1 cmos digital camera with 36x nikkor wide-angle optical zoom lens and full hd 1080p video black,,385
amazon_10882,inland pro dual lcd monitor arm black 05321,monitor arms stands,inland pro,05321,89.0,inland pro dual lcd monitor arm black 05321,,362
amazon_15375,targus deluxe zierra case and stylus bundle for apple ipad bus0250 black,cases sleeves,targus,bus0250,62.46,targus deluxe zierra case and stylus bundle for apple ipad bus0250 black,,501
amazon_10273,bell o hd7102 high speed hdmi cables,hdmi cables,bell ' o,hd7102,,bell o hd7102 high speed hdmi cables,,471
walmart_315,pny 8gb micro slide attache usb flash drive - silver,usb drives,pny,p-fdu8gbsl-ef / sil,14.84,pny 8gb micro slide attache usb flash drive - silver,,665
walmart_1621,smead capacity box bottom hanging file folders letter green 25 box,stationery & office machinery,,64259,30.94,smead capacity box bottom hanging file folders letter green 25 box,,647
walmart_955,lowepro apex aw10 all-weather ultra-compact digital camera case,photography - general,lowepro,lp34977,17.84,lowepro apex aw10 all-weather ultra-compact digital camera case,,649
walmart_1957,wilson jones basic vinyl round ring binder,stationery & office machinery,wilson jones,36834nbl,6.79,wilson jones basic vinyl round ring binder,,732
walmart_1178,da-lite da-glas deluxe rear projection screen - 96 x 96 av format,electronics - general,da-lite,27651,6128.99,da-lite da-glas deluxe rear projection screen - 96 x 96 av format,,742
walmart_2387,powermat wireless charging system for blackberry torch,phone accessories,powermat,pbl01-001-us,38.88,powermat wireless charging system for blackberry torch,,433
amazon_12582,casio exilim ex-zs5 14 mp stylish and slim digital camera with 5x wide-angle zoom silver,point shoot digital cameras,casio,ex-zs5 red,,casio exilim ex-zs5 14 mp stylish and slim digital camera with 5x wide-angle zoom silver,,40
amazon_159,verbatim type 4 double-sided dvd-ram cartridge 9.4 gb 3x,dvd-ram discs,verbatim,,10.45,verbatim type 4 double-sided dvd-ram cartridge 9.4 gb 3x,,400
amazon_5479,sony cyber-shot dsc-h70 16.1 mp digital still camera with 10x wide-angle optical zoom g lens and 3.0-inch lcd black bundle,point shoot digital cameras,sony,dsch70/bbdl,,sony cyber-shot dsc-h70 16.1 mp digital still camera with 10x wide-angle optical zoom g lens and 3.0-inch lcd black bundle,,561
amazon_2326,belkin f2e9142-wht-apl apple monitor adapter,,belkin,f2e9142-wht-apl,29.44,belkin f2e9142-wht-apl apple monitor adapter,,39
amazon_21736,tilt lock single pair or container of 12 pairs package one tilt lock,projection screens,da-lite,,4.99,tilt lock single pair or container of 12 pairs package one tilt lock,,331
amazon_10674,microsoft 39203 laptop roller bag - destination black,bags cases,microsoft,39203,102.88,microsoft 39203 laptop roller bag - destination black,,29
amazon_13413,startech.com usb3s2sata superspeed usb 3.0 sata adapter cable for 2.5-inch or 3.5-inch hard drives,hubs,startech,usb3s2sata,30.17,startech.com usb3s2sata superspeed usb 3.0 sata adapter cable for 2.5-inch or 3.5-inch hard drives,,67
walmart_1141,western digital elements 500gb portable se portable hard drive black,hard drives,western digital,wdbabv5000abk-nesn,71.98,western digital elements 500gb portable se portable hard drive black,,551
amazon_16560,new-crown te0046ac - tire-track scraper mat needlepunch polypropylene vinyl 48 x 72 anthracite - cwnte0046ac,laminating supplies,crown,,,new-crown te0046ac - tire-track scraper mat needlepunch polypropylene vinyl 48 x 72 anthracite - cwnte0046ac,,454
walmart_334,midland 2-pack 22-channel camo lxt385vp3 gmrs radio,walkie-talkie/frs,midland,lxt385vp3,39.82,midland 2-pack 22-channel camo lxt385vp3 gmrs radio,,825
amazon_14641,new-simulated bullet style surveillance camera - t53962,home security systems,lorex,,31.0,new-simulated bullet style surveillance camera - t53962,,404
walmart_801,hp 70 green 130-ml ink cartridge c9457a,printers,hp,hpc9457a,74.88,hp 70 green 130-ml ink cartridge c9457a,,251
amazon_5267,v7 8gb sd card secure digital high capacity 8 gb memory card,memory cards,v7,vasdh8gcl4r-1n,8.08,v7 8gb sd card secure digital high capacity 8 gb memory card,,760
amazon_12817,lexar ljdtt32gasbna jump drive twistturn 32 gb usb 2.0 flash drive gray,computer accessories,lexar,ljdtt32gasbna,39.99,lexar ljdtt32gasbna jump drive twistturn 32 gb usb 2.0 flash drive gray,,174
walmart_261,xerox 108r00645 imaging unit for phaser 6300 and 6350 printer,printers,xerox,108r00645,244.84,xerox 108r00645 imaging unit for phaser 6300 and 6350 printer,,193
walmart_662,tops paper pads legal rule letter size 50 sheet pads dozen,stationery & office machinery,tops business forms,7532,15.47,tops paper pads legal rule letter size 50 sheet pads dozen,,497
amazon_4720,logitech hd webcam c270,webcams,logitech,960-000694,38.35,logitech hd webcam c270,,437
walmart_2503,siig 1-port serial pc card,electronics - general,siig,jj-pcm012-s3,59.99,siig 1-port serial pc card,,407
amazon_8091,tomtom via 1505t 5-inch portable gps navigator with lifetime traffic,portable vehicle gps,tomtom,1en5 .019.02,129.99,tomtom via 1505t 5-inch portable gps navigator with lifetime traffic,,805
amazon_20713,da-lite portable rental screen deluxe hinge joining clamp,lamps,da-lite,,31.99,da-lite portable rental screen deluxe hinge joining clamp,,236
walmart_246,iluv ipod nano 6g clear type protective film,mp3 accessories,iluv,icc1112clr,11.88,iluv ipod nano 6g clear type protective film,,640
walmart_973,lexmark 16 black print cartridge 10n0016,printers,lexmark,10n0016,28.0,lexmark 16 black print cartridge 10n0016,,608
amazon_6286,georgetown hoyas iphone 4 case black shell,computers accessories,tribeca,,18.99,georgetown hoyas iphone 4 case black shell,,323
walmart_828,inland pro 6-sheet paper shredder,stationery & office machinery,inland,05301,28.54,inland pro 6-sheet paper shredder,,87
amazon_7503,sony ac-l100 portable handycam ac adaptor for dcr-dvd 301 dcr-vx2100 hdr-fx1 camcorders,camcorder batteries,sony,ac-l100,19.69,sony ac-l100 portable handycam ac adaptor for dcr-dvd 301 dcr-vx2100 hdr-fx1 camcorders,,555
walmart_1484,sakar crayola digital camcorder,toys - games,sakar,32070,46.48,sakar crayola digital camcorder,,20
walmart_1614,kensington toshiba family laptop charger with usb power port,electronics - general,kensington,k38085us,43.88,kensington toshiba family laptop charger with usb power port,,352
walmart_579,green onion supply rt-spipad01 glossy screen protector for apple ipad,mp3 accessories,green onions supply,rt-spipad01,40.18,green onion supply rt-spipad01 glossy screen protector for apple ipad,,46
walmart_742,logitech m305 wireless mouse black,mice,logitech,910-001752,29.73,logitech m305 wireless mouse black,,823
walmart_2364,tops classified colors notebook narrow rule 5-1 2 x 8-1 2 orchid 100 sheets,stationery & office machinery,tops business forms,99712,11.58,tops classified colors notebook narrow rule 5-1 2 x 8-1 2 orchid 100 sheets,,428
amazon_7249,wilson jones s490 - visitor register book red hardcover 112 pages 8 1 2 x 11 1 2,,wilson jones,,43.3,wilson jones s490 - visitor register book red hardcover 112 pages 8 1 2 x 11 1 2,,706
amazon_5415,startech.com mu3mms2ra slim 3.5 mm right angle stereo audio cable - m m 3 feet,connectors adapters,startech,mu3mms2ra,4.49,startech.com mu3mms2ra slim 3.5 mm right angle stereo audio cable - m m 3 feet,,529
amazon_15843,elite screens manual pull down projection screen 4 3 aspect ratio-150in matte white,projection screens,elite screens,m150xwv1,192.77,elite screens manual pull down projection screen 4 3 aspect ratio-150in matte white,,558
amazon_21587,garmin gpsmap 78s 010-00864-01 marine gps navigator and world wide chartplotter,boating gps units chartplotters,garmin,010-00864-01,399.88,garmin gpsmap 78s 010-00864-01 marine gps navigator and world wide chartplotter,,592
walmart_1742,scosche 1974-99 chrysler multi kit with 1 cd storage pocket,car stereos,scosche,cj1278b,8.68,scosche 1974-99 chrysler multi kit with 1 cd storage pocket,,831
amazon_4121,scosche ka2064b dash kit for 2005 and up kia sportage,dash mounting kits,scosche,ka2064b,10.99,scosche ka2064b dash kit for 2005 and up kia sportage,,248
walmart_1385,trodat trodat econ micro 5-in-1 message stamp dater self-inking 1 x 3 4 blue red,stationery & office machinery,,t4850l,14.47,trodat trodat econ micro 5-in-1 message stamp dater self-inking 1 x 3 4 blue red,,170
walmart_1107,micronet 16gb fantom databank flash drive fdb16u2 black,usb drives,micronet,fdb16u2,27.88,micronet 16gb fantom databank flash drive fdb16u2 black,,15
amazon_11689,powermat three position mat for wireless device,chargers,power mat,pmm-3p-b1,79.99,powermat three position mat for wireless device,,743
amazon_8524,corsair 4 gb 1333 mhz pc3-10666 240-pin ddr3 memory kit cmv4gx3m1a1333c9,computers accessories,corsair,cmv4gx3m1a1333c9,18.5,corsair 4 gb 1333 mhz pc3-10666 240-pin ddr3 memory kit cmv4gx3m1a1333c9,,779
amazon_15335,tp-link tl-sc3171g wireless day and night surveillance camera,webcams,tp-link,tl-sc3171g,171.81,tp-link tl-sc3171g wireless day and night surveillance camera,,372
amazon_13994,zalman ssd-n series ssd0064n1 - solid state drive - 64 gb - 2.5 - sata-300,audio video accessories,zalman,ssd0064n1,,zalman ssd-n series ssd0064n1 - solid state drive - 64 gb - 2.5 - sata-300,,85
amazon_14257,softskin gel wrist rest black,wrist rests,innovera,,10.6,softskin gel wrist rest black,,134
amazon_9727,pny mini attach 4gb usb 2.0 flash drive p-fd4gb mini-ef,usb flash drives,pny,p-fd4gb / mini-ef,12.05,pny mini attach 4gb usb 2.0 flash drive p-fd4gb mini-ef,,244
amazon_14715,lexmark t65x hy return program print cartridge,printer ink toner,lexmark,t650h11a,364.11,lexmark t65x hy return program print cartridge,,463
amazon_4429,cooler master rr-910-htx3-g1 130-watt 92mm hyper tx3 cpu cooler for 775 1156 amd am2 am3,computers accessories,cooler master,rr-910-htx3-g1,19.97,cooler master rr-910-htx3-g1 130-watt 92mm hyper tx3 cpu cooler for 775 1156 amd am2 am3,,531
walmart_2245,scosche 1995-97 general motors sonoma chevrolet s10 rack kit color match,car stereos,scosche,gm1515b,9.88,scosche 1995-97 general motors sonoma chevrolet s10 rack kit color match,,500
walmart_56,edge tech proshot 4gb sdhc class 6 memory card,usb drives,edge tech,pe209780,10.88,edge tech proshot 4gb sdhc class 6 memory card,,292
walmart_415,quartet magnetic dry-erase board mahogany frame,stationery & office machinery,quartet,2544m,419.0,quartet magnetic dry-erase board mahogany frame,,370
walmart_2154,xtrememac incharge mobile case for iphone 4,electronics - general,memorex,ippim411,79.99,xtrememac incharge mobile case for iphone 4,,326
walmart_2296,kanguru defender 1gb v2 kdv2-1g usb 2.0 flash drive,usb drives,kanguru,kdv2-1g,39.82,kanguru defender 1gb v2 kdv2-1g usb 2.0 flash drive,,118
walmart_322,case logic 72 capacity heavy duty cd wallet,electronics - general,case logic,59253,15.99,case logic 72 capacity heavy duty cd wallet,,361
amazon_21093,quality park 36226 - classic style invitation envelope contemporary 5 1 2 white 500 box,binding machine supplies,quality park,,,quality park 36226 - classic style invitation envelope contemporary 5 1 2 white 500 box,,710
amazon_16800,c-line 62097 - top-load polypropylene sheet protectors heavy gauge letter 200 box,storage presentation materials,c-line,,,c-line 62097 - top-load polypropylene sheet protectors heavy gauge letter 200 box,,95
amazon_4892,incipio kaddy nylon kindle case black fits 6 display latest generation kindle,,incipio,ak-334,25.0,incipio kaddy nylon kindle case black fits 6 display latest generation kindle,,639
amazon_8650,netgear rangemax next wireless notebook adapter wn511b - network adapter - cardbus - 802.11 b 802.11 g 802.11 n draft,hardware,netgear,wn511b,11.49,netgear rangemax next wireless notebook adapter wn511b - network adapter - cardbus - 802.11 b 802.11 g 802.11 n draft,,149
walmart_1466,roocase executive leather portfolio case for samsung galaxy tab p1000,electronics - general,roocase,212537,37.59,roocase executive leather portfolio case for samsung galaxy tab p1000,,455
walmart_2094,baltimore ravens ipod touch 4g hard case,electronics - general,tribeca,fva4584,29.99,baltimore ravens ipod touch 4g hard case,,516
walmart_345,apple ipad 10w usb power adapter,mp3,apple,mc359ll/a,29.0,apple ipad 10w usb power adapter,,55
walmart_591,sabrent usb 2.0 to db25f parallel printer cable,printers,sabrent,usb-db25f,9.88,sabrent usb 2.0 to db25f parallel printer cable,,753
walmart_1451,logitech 920-003198 mk100 classic desktop usb ps 2 compact design,electronics - general,logitech,920-003198,17.88,logitech 920-003198 mk100 classic desktop usb ps 2 compact design,,283
walmart_1843,imation 46157 dc6250 data cartridge,mp3 accessories,imation,46157,38.88,imation 46157 dc6250 data cartridge,,563
amazon_19636,targus slim internet media usb keyboard akb04us,keyboards,targus,akb04us,16.99,targus slim internet media usb keyboard akb04us,,566
amazon_14109,polaroid cim-1237r 12 mp digital camera with 3x optical zoom red,point shoot digital cameras,polaroid,cim-1237r,58.29,polaroid cim-1237r 12 mp digital camera with 3x optical zoom red,,435
amazon_20522,smead 70121 - a-z indexed expanding files 21 pockets kraft letter brown,,smead,,19.02,smead 70121 - a-z indexed expanding files 21 pockets kraft letter brown,,460
walmart_2156,cables unlimited - 1 port db25 parallel pci ecp epp spp port i o card,electronics - general,cables unlimited,ioc-1000,16.88,cables unlimited - 1 port db25 parallel pci ecp epp spp port i o card,,508
walmart_276,sony vgp-bkb1 bluetooth wireless keyboard,electronics - general,sony,vgpbkb1,97.15,sony vgp-bkb1 bluetooth wireless keyboard,,602
amazon_13243,wintec filemate imagine series k2010 usb standard keyboard - jet black 3fmnk2010ubk-r,keyboards,wintec,3fmnk2010ubk-r,15.99,wintec filemate imagine series k2010 usb standard keyboard - jet black 3fmnk2010ubk-r,,596
amazon_18687,new-1500va ups system smartonline rack - su1500rtxl2ua,power supplies,tripp lite,,762.6,new-1500va ups system smartonline rack - su1500rtxl2ua,,699
amazon_5664,powermat receiver door for blackberry curve 8500,chargers,powermat,pmr-bbc3,29.68,powermat receiver door for blackberry curve 8500,,432
amazon_2310,benq ms612st dlp 3d ready short throw svga white projector 4.0 lb,video projectors,benq,ms612st,,benq ms612st dlp 3d ready short throw svga white projector 4.0 lb,,294
amazon_811,new-m4640 compatible remanufactured high-yield ink case pack 1 - 513508,computer accessories,innovera,,43.99,new-m4640 compatible remanufactured high-yield ink case pack 1 - 513508,,417
walmart_1901,inland pro dual lcd monitor arm black,monitors,inland,05321,89.0,inland pro dual lcd monitor arm black,,362
walmart_1316,case logic 208 capacity nylon cd dvd wallet,electronics - general,case logic,87974,19.99,case logic 208 capacity nylon cd dvd wallet,,354
walmart_514,ihome portable stereo alarm clock with ipod dock gunmetal,electronics - general,ihome,ih16g,49.73,ihome portable stereo alarm clock with ipod dock gunmetal,,227
walmart_1010,griffin technology screen care kit for ipad,mp3 accessories,griffin technology,gb01595,24.56,griffin technology screen care kit for ipad,,133
amazon_4380,disney toy story boombox - white ts500b,boomboxes,disney,,,disney toy story boombox - white ts500b,,38
walmart_1784,dell switch by design studio lids big giant plaid 17r,electronics - general,dell,9vmv5,39.0,dell switch by design studio lids big giant plaid 17r,,222
amazon_3246,xantech sllc1 speaker level to line converter,audio video accessories,xantech,sllc1,28.42,xantech sllc1 speaker level to line converter,,197
walmart_1224,vantec nexstar mx dual 3.5 dual bay external hard drive enclosure with jbod raid 0 1,electronics - general,vantec,nst-400mx-sr,100.21,vantec nexstar mx dual 3.5 dual bay external hard drive enclosure with jbod raid 0 1,,89
walmart_785,macsense lc200 just mobile lazy couch aluminum portable stand,electronics - general,macsense,lc-200,18.72,macsense lc200 just mobile lazy couch aluminum portable stand,,505
walmart_1317,tenba mixx shoulder bag large,mp3 accessories,tenba,136902,85.99,tenba mixx shoulder bag large,,747
walmart_3,d-link dcs-1100 network camera,garden - general,d-link,dcs-1100,99.82,d-link dcs-1100 network camera,,775
amazon_11620,samsung 128gb solid state drive mz-5pa128,computer components,samsung,mz-5pa128 / us,194.99,samsung 128gb solid state drive mz-5pa128,,600
walmart_1439,samsung clt-r409 imaging drum unit for clp-310 clp-315 and clp-3170 printers,printers,samsung,clt-r409,144.84,samsung clt-r409 imaging drum unit for clp-310 clp-315 and clp-3170 printers,,296
amazon_21192,30 amp stand-alone mpr module,home audio theater,middle atlantic,,237.99,30 amp stand-alone mpr module,,31
amazon_18549,new-smead 24117 - folders front back interior pockets straight end tab letter manila 25 box - smd24117,laminating supplies,smead,,67.0,new-smead 24117 - folders front back interior pockets straight end tab letter manila 25 box - smd24117,,426
amazon_21343,dp audio video dp88 8-guage amp kit with rca,power ground cable,dp audio video,dp88,17.0,dp audio video dp88 8-guage amp kit with rca,,648
amazon_11778,p3 international p4480 kill a watt electricity usage monitor with electronic graphic timer,household sensors alarms,p3 international,p4480,39.99,p3 international p4480 kill a watt electricity usage monitor with electronic graphic timer,,800
walmart_2089,netgear prosafe gs716t 16-port ethernet switch,networking,netgear,gs716t-200nas,238.0,netgear prosafe gs716t 16-port ethernet switch,,140
walmart_6,hp c6020b coated paper 1 roll 36-inches x 150 ft,stationery & office machinery,hp,c6020b,49.88,hp c6020b coated paper 1 roll 36-inches x 150 ft,,19
walmart_1320,kingston m25664f50 2gb ddr2-667 200-pin so dimm sdram laptop memory module,memory,kingston,m25664f50,38.92,kingston m25664f50 2gb ddr2-667 200-pin so dimm sdram laptop memory module,,687
amazon_10640,motorola roadster bluetooth in-car speakerphone retail packaging,car kits,motorola,89423n,53.52,motorola roadster bluetooth in-car speakerphone retail packaging,,328
amazon_4232,bower ss26 digital neck strap green,audio video accessories,atlona,ss26gr,12.19,bower ss26 digital neck strap green,,773
amazon_9709,powermat prl01-001-us receiver door for blackberry torch - charger - retail packaging - black,chargers,powermat,prl01-001-us,29.99,powermat prl01-001-us receiver door for blackberry torch - charger - retail packaging - black,,432
walmart_645,lexmark prospect pro205 wireless-n all-in-one printer scanner copier fax,printers,lexmark,lexmark pro205,128.54,lexmark prospect pro205 wireless-n all-in-one printer scanner copier fax,,475
walmart_771,crystal cover set for ipad 2 crystal clear,mp3 accessories,simplism,tr-ccsipd2-cc / en,29.99,crystal cover set for ipad 2 crystal clear,,685
walmart_2076,ampad spiral steno book gregg rule 6 canary 70 sheets,stationery & office machinery,ampad,25473,5.15,ampad spiral steno book gregg rule 6 canary 70 sheets,,364
amazon_13348,tp-link tl-ant2405c 2.4 ghz 5dbi indoor desktop omni-directional antenna,networking products,tp-link,tl-ant2405c,4.49,tp-link tl-ant2405c 2.4 ghz 5dbi indoor desktop omni-directional antenna,,96
walmart_598,roocase executive portfolio leather case for asus eee pad transformer tf101 10.1-inch,electronics - general,roocase,222056,43.99,roocase executive portfolio leather case for asus eee pad transformer tf101 10.1-inch,,130
walmart_448,ematic full-motion wall mount kit for 37 tv with 6ft hdmi cable 15ft hdmi cable cleaning solution cleaning cloth emw5001,tv accessories,ematic,emw5001,84.0,ematic full-motion wall mount kit for 37 tv with 6ft hdmi cable 15ft hdmi cable cleaning solution cleaning cloth emw5001,,228
amazon_18443,da-lite 27639 da-glas standard rear projection screen 72 x 96 video format,projection screens,da-lite,,,da-lite 27639 da-glas standard rear projection screen 72 x 96 video format,,334
amazon_10267,axis gk-013 107 key ps 2 keyboard black,keyboards,axis communications,gk-013,15.52,axis gk-013 107 key ps 2 keyboard black,,252
walmart_2123,panasonic lumix dmc-ts3s silver 12.1 mp digital camera w 4.6 x optical zoom 2.7 lcd hd movie recording,digital cameras,panasonic,panasonic dmc-ts3s,333.54,panasonic lumix dmc-ts3s silver 12.1 mp digital camera w 4.6 x optical zoom 2.7 lcd hd movie recording,,774
walmart_2155,ape case ac252 tri-fold digital camera case passport travel wallet,photography - general,ape case,ac252,18.88,ape case ac252 tri-fold digital camera case passport travel wallet,,359
walmart_739,read right pathkleen printer roller cleaner sheets 8 1 2 10pk,printers,read right,rr1237,9.84,read right pathkleen printer roller cleaner sheets 8 1 2 10pk,,206
walmart_1863,lexar media ljdff2gbasbna 2gb jumpdrive firefly usb 2.0 flash drive,usb drives,lexar media,ljdff2gbasbna,13.88,lexar media ljdff2gbasbna 2gb jumpdrive firefly usb 2.0 flash drive,,532
amazon_10555,canon imageclass x25 black toner cartridge,laser printer toner,canon,8489a001,71.98,canon imageclass x25 black toner cartridge,,405
amazon_8696,microsoft wireless mobile mouse 4000 special edition - susan g. komen,mice,microsoft,d5d-00052,18.57,microsoft wireless mobile mouse 4000 special edition - susan g. komen,,651
walmart_2435,micro innovations techcool travel cooler,electronics - general,micro innovations,5290100,11.88,micro innovations techcool travel cooler,,306
walmart_1325,cobra 15-band digital radar laser detector,electronics - general,cobra,xrs-9645,135.25,cobra 15-band digital radar laser detector,,58
amazon_9858,nikon d3000 10.2 mp digital slr camera with 18-55mm f 3.5-5 .6 g af-s dx vr nikkor zoom lens,digital slr cameras,nikon,d3000 18-55mm kit,,nikon d3000 10.2 mp digital slr camera with 18-55mm f 3.5-5 .6 g af-s dx vr nikkor zoom lens,,208
amazon_1315,verbatim mediashare 1 tb home network storage 97159 silver,networking products,verbatim,97159,94.98,verbatim mediashare 1 tb home network storage 97159 silver,,812
walmart_660,bell o high-speed hdmi cable with ethernet 2-meter,tv accessories,bell ' o,hd7102,69.99,bell o high-speed hdmi cable with ethernet 2-meter,,471
amazon_18101,new-crown ssr046ch - super-soaker wiper mat w gripper bottm polypropylene 45 x 67 charcoal - cwnssr046ch,laminating supplies,crown,,213.0,new-crown ssr046ch - super-soaker wiper mat w gripper bottm polypropylene 45 x 67 charcoal - cwnssr046ch,,300
walmart_2119,netgear prosafe plus 8-port ethernet switch,networking,netgear,gs108e100nas,78.88,netgear prosafe plus 8-port ethernet switch,,816
amazon_1891,incipio cl-470 screen protector for ipad 2 clear - 2 pack,screen protectors,incipio,cl-470,17.61,incipio cl-470 screen protector for ipad 2 clear - 2 pack,,45
amazon_12995,corsair memory vs2gbkit400c3 2 gb pc3200 400mhz 184-pin ddr desktop memory kit,memory,corsair,vs2gbkit400c3,46.99,corsair memory vs2gbkit400c3 2 gb pc3200 400mhz 184-pin ddr desktop memory kit,,416
amazon_9675,razer orochi elite mobile gaming mouse,gaming mice,razer,rz01-00300100-r3u1,57.99,razer orochi elite mobile gaming mouse,,662
amazon_14645,marware microshell for ipad black,laptop netbook computer accessories,marware,602956006664,2.99,marware microshell for ipad black,,815
amazon_8668,hp laserjet 53x black print cartridge in retail packaging,printer ink toner,hp,q7553x,134.99,hp laserjet 53x black print cartridge in retail packaging,,371
walmart_803,scosche ka2064b 2005 kia sportage iso kit,car stereos,scosche,ka2064b,15.88,scosche ka2064b 2005 kia sportage iso kit,,248
amazon_4520,canon powershot a3300 16 mp digital camera with 5x optical zoom black,point shoot digital cameras,canon,5035b001,159.0,canon powershot a3300 16 mp digital camera with 5x optical zoom black,,6
walmart_678,ilive app-enhanced boom box with ipod iphone dock,electronics - general,ilive,ibp391b,63.88,ilive app-enhanced boom box with ipod iphone dock,,198
walmart_1758,fellowes goriser laptop elevator,electronics - general,fellowes,8030401,21.88,fellowes goriser laptop elevator,,143
amazon_15247,baltimore ravens ipod touch 4g hard case,computers accessories,tribeca,,29.99,baltimore ravens ipod touch 4g hard case,,516
walmart_857,trendnet tew-690ap wireless n access point,networking,trendnet,tew-690ap,139.82,trendnet tew-690ap wireless n access point,,574
amazon_11269,viewsonic pjd7383 xga 1024x768 ultra short throw dlp projector - 3000 lumens 3000 1 dcr 120hz 3d ready 10w speakers,video projectors,viewsonic,pjd7383,764.99,viewsonic pjd7383 xga 1024x768 ultra short throw dlp projector - 3000 lumens 3000 1 dcr 120hz 3d ready 10w speakers,,341
amazon_16869,new-crown wcrplpdw - clean step dirt grabber mat 60-sheet refill pad 30w x 24h 4 carton white - cwnwcrplpdw,laminating supplies,crown,,363.0,new-crown wcrplpdw - clean step dirt grabber mat 60-sheet refill pad 30w x 24h 4 carton white - cwnwcrplpdw,,756
amazon_14035,toshiba 55g310u 55-inch 1080p 120 hz lcd hdtv black,tvs,toshiba,55g310u,,toshiba 55g310u 55-inch 1080p 120 hz lcd hdtv black,,799
walmart_1356,viewsonic pjd7383 dlp projector,electronics - general,viewsonic,pjd7383,729.0,viewsonic pjd7383 dlp projector,,341
walmart_2039,startech.com pm1115u fast ethernet print server,networking,startech,pm1115u,40.84,startech.com pm1115u fast ethernet print server,,418
amazon_13664,pny optima 2gb sd class 4 flash memory card p-sd2gb-ef,memory cards,pny,p-sd2gb-ef,3.9699999999999998,pny optima 2gb sd class 4 flash memory card p-sd2gb-ef,,80
walmart_527,3m natural view screen protector for ipad,electronics - general,3m,98-0440-5155-9,45.88,3m natural view screen protector for ipad,,438
amazon_20038,aspen 30 office paper 92 brightness 20lb 8-1 2 x 11 white 5000 carton,binding machine supplies,boise cascade,,,aspen 30 office paper 92 brightness 20lb 8-1 2 x 11 white 5000 carton,,356
amazon_14853,imation slr5-8gb 5.25 data cartridge 84980236206,data cartridges,imation,84980236206,57.26,imation slr5-8gb 5.25 data cartridge 84980236206,,129
amazon_7637,rolodex 23390 - wood tone desk pad mahogany 24 x 19,blank media,rolodex,,34.65,rolodex 23390 - wood tone desk pad mahogany 24 x 19,,168
walmart_1726,guardian ecoguard indoor rubber wiper mats 24 x 36 charcoal,rugs,guardian,eg020304,23.97,guardian ecoguard indoor rubber wiper mats 24 x 36 charcoal,,801
amazon_14539,cables unlimted flt-6600-39 39-inch sata ii 3 gbps to esata cable with straight connectors,cables interconnects,cables unlimited,flt-6600-39,3.24,cables unlimted flt-6600-39 39-inch sata ii 3 gbps to esata cable with straight connectors,,503
amazon_8534,cooler master sgc-6000-kxn1-gp storm sniper atx mid tower gaming case black,computer cases,cooler master,sgc-6000-kxn1-gp,142.77,cooler master sgc-6000-kxn1-gp storm sniper atx mid tower gaming case black,,256
amazon_8391,los angeles lakers iphone 3g duo case,computers accessories,tribeca,,9.99,los angeles lakers iphone 3g duo case,,492
amazon_8358,atrend-bbox a201-12cp b box series single-sealed 10 up-fire enclosure for dodge ram quad cab 2002,office electronics,atrend,,93.7,atrend-bbox a201-12cp b box series single-sealed 10 up-fire enclosure for dodge ram quad cab 2002,,378
walmart_2273,verbatim 95355 ultralife 8x dvd-r media,mp3 accessories,verbatim,95355,84.67,verbatim 95355 ultralife 8x dvd-r media,,751
walmart_1195,targus 17 platinum blacktop standard laptop computer case black gray,electronics - general,targus,cpt301us,46.88,targus 17 platinum blacktop standard laptop computer case black gray,,375
walmart_588,mionix naos 5000 laser gaming mouse,electronics - general,mionix,000mio5000m,89.96,mionix naos 5000 laser gaming mouse,,601
amazon_19539,new-clover ccm636 ultra-mini color camera - cloccm636,home security systems,clover,,87.5,new-clover ccm636 ultra-mini color camera - cloccm636,,579
amazon_11326,trendnet securview wireless day night internet surveillance camera server with 2-way audio tv-ip312w silver,webcams,trendnet,tv-ip312w,95.8,trendnet securview wireless day night internet surveillance camera server with 2-way audio tv-ip312w silver,,723
walmart_540,tp-link tl-wa500g 54mbps extended range wireless access point,networking,tp link,tl-wa500g,32.88,tp-link tl-wa500g 54mbps extended range wireless access point,,840
amazon_965,iogear solar bluetooth caller announce hands free car kit gbhfk331 gray,accessories supplies,iogear,gbhfk331,29.99,iogear solar bluetooth caller announce hands free car kit gbhfk331 gray,,259
walmart_1888,logitech wireless mouse dark fleur,mice,logitech,910001898,27.82,logitech wireless mouse dark fleur,,12
walmart_319,toshiba dvr670 dvd vhs recorder with built-in tuner,dvd players,toshiba,dvr670,214.0,toshiba dvr670 dvd vhs recorder with built-in tuner,,179
walmart_1771,lexmark c9202 toner 14000 page-yield,printers,lexmark,c9202kh,288.86,lexmark c9202 toner 14000 page-yield,,616
amazon_11475,sony mdr-xb40ex 13.5 mm high sensitivity driver extra bass ex earbuds,headphones,sony,mdr-xb40ex,,sony mdr-xb40ex 13.5 mm high sensitivity driver extra bass ex earbuds,,730
walmart_323,zyxel desktop gigabit switch gs-108b,computers,zyxel,gs108b,34.99,zyxel desktop gigabit switch gs-108b,,171
amazon_2927,ivina bulletscan f600 usb flatbed color scanner with 30ppm 60ipm auto document feeder supports windows and mac os f6002160,printer accessories,ivina,f6002160,798.0,ivina bulletscan f600 usb flatbed color scanner with 30ppm 60ipm auto document feeder supports windows and mac os f6002160,,215
amazon_17366,ant 9dbi in outdoor omni-direc,desktops,netgear,,175.89,ant 9dbi in outdoor omni-direc,,235
amazon_2805,logitech 720p webcam c310,webcams,logitech,960-000585,24.99,logitech 720p webcam c310,,109
amazon_6819,kingston technology hyper x 4gb 1600mhz ddr3 non-ecc cl9 dimm kit of 2 xmp x2 grey series khx1600c9d3x2k2 4gx,memory,kingston,khx1600c9d3x2k2/4gx,34.99,kingston technology hyper x 4gb 1600mhz ddr3 non-ecc cl9 dimm kit of 2 xmp x2 grey series khx1600c9d3x2k2 4gx,,445
amazon_5595,sabrent nt-wghu high-power 1000mw wireless usb 802.11 g adapter for wardriving range extension with 7 folding booster 6dbi,computers accessories,sabrent,nt-wghu,24.88,sabrent nt-wghu high-power 1000mw wireless usb 802.11 g adapter for wardriving range extension with 7 folding booster 6dbi,,591
walmart_1738,kodak white paper cd dvd sleeves 500 pack,mp3 accessories,kodak,70554,16.99,kodak white paper cd dvd sleeves 500 pack,,696
amazon_21448,kodak color ink cartridge 8946501,inkjet printer ink,kodak,8946501,17.99,kodak color ink cartridge 8946501,,490
amazon_17948,new-rolodex 66451 - business card binder with a-z tabs holds 200 2 1 4 x 4 cards black - rol66451,laminating supplies,rolodex,,44.0,new-rolodex 66451 - business card binder with a-z tabs holds 200 2 1 4 x 4 cards black - rol66451,,827
amazon_10450,q-see qsbncomp10 antenna connector,audio cables,digital peripheral solutions,,19.45,q-see qsbncomp10 antenna connector,,47
walmart_57,vantec nexstar se 2.5 sata hard drive rack,electronics - general,vantec,mrk-515st,10.74,vantec nexstar se 2.5 sata hard drive rack,,489
amazon_13398,sunpak 67mm circular polarized filter,filters,sunpak,cf-7061-cp,14.99,sunpak 67mm circular polarized filter,,518
walmart_1573,startech 3 slim 3.5 mm right angle stereo audio cable m m,electronics - general,startech,mu3mms2ra,7.88,startech 3 slim 3.5 mm right angle stereo audio cable m m,,529
amazon_20675,new-lexmark 1382920 - 1382920 toner 3000 page-yield black - lex1382920,computer accessories,lexmark,,224.23,new-lexmark 1382920 - 1382920 toner 3000 page-yield black - lex1382920,,182
walmart_2179,expo dry erase eraserxl with replaceable pad felt 10w x 2d,stationery & office machinery,expo,,12.19,expo dry erase eraserxl with replaceable pad felt 10w x 2d,,630
amazon_20805,sharp electronics xldh259n 160w micro system with docking slot for ipod black,speaker systems,sharp,xldh259n,,sharp electronics xldh259n 160w micro system with docking slot for ipod black,,344
walmart_483,micronet mde1000 1tb fantom g-force megadisk usb 2.0 esata raid sub system,hard drives,micronet,mde1000,159.0,micronet mde1000 1tb fantom g-force megadisk usb 2.0 esata raid sub system,,768
walmart_2141,griffin ipod touch 4g dflex protection system front only,mp3 accessories,griffin,na02046,19.88,griffin ipod touch 4g dflex protection system front only,,484
amazon_7028,hercules dualpix emotion hd webcam,webcams,hercules,4780655,35.99,hercules dualpix emotion hd webcam,,77
amazon_21325,lexar jumpdrive firefly 2 gb usb 2.0 flash drive ljdff2gbasbna black,computer accessories,lexar,ljdff2gbasbna,7.99,lexar jumpdrive firefly 2 gb usb 2.0 flash drive ljdff2gbasbna black,,532
walmart_2184,three position powermat with powercube,electronics - general,powermat,pmm-3p-b1,79.54,three position powermat with powercube,,743
amazon_15268,verbatim secure digital 2gb memory card 95407,blank media,verbatim,95407,9.96,verbatim secure digital 2gb memory card 95407,,845
amazon_20183,easycat 2button ps 2 touchpad blk cirque glidepoint technology,touch pads,adesso,gp-160pb,27.99,easycat 2button ps 2 touchpad blk cirque glidepoint technology,,388
amazon_22043,avery cd dvd labels matte white 40 disc labels and 80 spine labels 8692,labels stickers,avery,8692,14.12,avery cd dvd labels matte white 40 disc labels and 80 spine labels 8692,,288
walmart_1907,corsair cmx4gx3m2a1600c8 xms3 4 gb pc3-12800 core i5 memory kit,memory,corsair,cmx4gx3m2a1600c8,69.82,corsair cmx4gx3m2a1600c8 xms3 4 gb pc3-12800 core i5 memory kit,,347
walmart_2093,epson t125420 yellow durabrite cartridge,printers,epson,t125420,11.88,epson t125420 yellow durabrite cartridge,,584
amazon_17534,uniden 1360bk desktop caller id corded phone without answering system,corded telephones,uniden,,38.98,uniden 1360bk desktop caller id corded phone without answering system,,528
walmart_1038,hp c7973w ultrium 800 gb worm data cartridge,mp3 accessories,hp,c7973w,29.42,hp c7973w ultrium 800 gb worm data cartridge,,724
amazon_2593,case logic dcb-309 slr camera backpack black,cases bags,case logic,dcb-309,53.58,case logic dcb-309 slr camera backpack black,,607
amazon_5038,griffin technology formfit for ipod touch 4g black clear,cases,griffin technology,gb01957,7.4,griffin technology formfit for ipod touch 4g black clear,,242
amazon_17488,new-7653 compatible ink 8000 page-yield red case pack 1 - 513443,computer accessories,innovera,,97.3,new-7653 compatible ink 8000 page-yield red case pack 1 - 513443,,278
amazon_9253,western digital wd elements se portable 500 gb usb 2.0 external hard drive,external hard drives,western digital,wdbabv5000abk-nesn,59.99,western digital wd elements se portable 500 gb usb 2.0 external hard drive,,551
amazon_16935,xantech 283dmw designer blink emitter single mini wire,amplifier installation,xantech,,13.0,xantech 283dmw designer blink emitter single mini wire,,421
walmart_741,simplism shoulder case for ipad red,mp3 accessories,simplism,trlcslipaddren,58.76,simplism shoulder case for ipad red,,394
walmart_2481,samsung wb700 black 14.2 mp digital camera w 18x optical zoom 3.0 lcd display w 50 bonus prints,digital cameras,samsung,ec-wb700zbpbus,299.99,samsung wb700 black 14.2 mp digital camera w 18x optical zoom 3.0 lcd display w 50 bonus prints,,255
amazon_2976,inland pro 8-sheet paper shredder 05302,shredders,inland,05302,47.54,inland pro 8-sheet paper shredder 05302,,314
walmart_862,nokia travel charger,phone accessories,nokia,279044,20.53,nokia travel charger,,643
walmart_632,evga nvidia geforce gt 430 graphics card with 1024mb ddr3 memory,electronics - general,evga,01g-p3-1430-lr,82.92,evga nvidia geforce gt 430 graphics card with 1024mb ddr3 memory,,766
walmart_547,verbatim 96438 2gb store n go usb 2.0 flash drive,usb drives,verbatim,96438,14.84,verbatim 96438 2gb store n go usb 2.0 flash drive,,556
amazon_1616,lyoto machida mouse pad,mouse pads,wincraft,,16.99,lyoto machida mouse pad,,30
walmart_2018,wintec filemate 4gb compactflash memory card,usb drives,wintec,3fmcf4gb-r,15.98,wintec filemate 4gb compactflash memory card,,59
walmart_2163,startech.com dp2dvi displayport to dvi video converter cable,electronics - general,startech,dp2dvi,18.88,startech.com dp2dvi displayport to dvi video converter cable,,365
amazon_16478,vivitar high defifinition 43x wide angle 58mm,camera lenses,vivitar,viv-43-58w,17.99,vivitar high defifinition 43x wide angle 58mm,,523
walmart_1513,snapshield p2 polycarbonate case ipad 2 smoke,mp3 accessories,scosche,ipd2pcbk,20.88,snapshield p2 polycarbonate case ipad 2 smoke,,408
amazon_104,canon mp41dhii 14-digit gloview lcd two-color printing desktop calculator black red,printing,canon,mp41dhii,58.08,canon mp41dhii 14-digit gloview lcd two-color printing desktop calculator black red,,60
amazon_11288,vantec 2-port superspeed usb 3.0 expresscard 34,usb flash drives,vantec,ugt-uc302cb,37.99,vantec 2-port superspeed usb 3.0 expresscard 34,,325
walmart_1263,digipower 4-section tripod dark blue,photography - general,digipower,tptr47dbl,29.99,digipower 4-section tripod dark blue,,811
amazon_19538,new-crown te0046gy - tire-track scraper mat needlepunch polypropylene vinyl 48 x 72 gray - cwnte0046gy,laminating supplies,crown,,,new-crown te0046gy - tire-track scraper mat needlepunch polypropylene vinyl 48 x 72 gray - cwnte0046gy,,315
amazon_12647,buffalo technology linkstation duo 1 tb 2 x 500 gb network attached storage ls-wx1 .0 tl r1,network attached storage,buffalo technology,ls-wx1 .0 tl/r1,179.99,buffalo technology linkstation duo 1 tb 2 x 500 gb network attached storage ls-wx1 .0 tl r1,,185
walmart_2527,verbatim 100-pack 16x datalifeplus shiny silver dvd-r spindle,mp3 accessories,verbatim,97017,29.98,verbatim 100-pack 16x datalifeplus shiny silver dvd-r spindle,,135
walmart_1183,vantec 2-port superspeed usb 3.0 expresscard 34,electronics - general,vantec,ugt-uc302cb,40.33,vantec 2-port superspeed usb 3.0 expresscard 34,,325
amazon_11641,roocase executive leather portfolio magenta case cover with stand for samsung galaxy tab tablet p1000 wi-fi 3g,cases sleeves,roocase,,25.0,roocase executive leather portfolio magenta case cover with stand for samsung galaxy tab tablet p1000 wi-fi 3g,,455
walmart_69,lorex simulated bullet style surveillance camera,garden - general,lorex,sg-610,12.84,lorex simulated bullet style surveillance camera,,404
amazon_7445,startech.com cisco console management router cable - serial cable - rj-45 m - db-9 f - 6 ft - blue 6ft rj45 to db9 cisco cons rtr cbl manufacturer part number db9concabl6,printer ink toner,startech.com usa llp,,25.0,startech.com cisco console management router cable - serial cable - rj-45 m - db-9 f - 6 ft - blue 6ft rj45 to db9 cisco cons rtr cbl manufacturer part number db9concabl6,,424
walmart_145,case logic medium slr camera bag,photography - general,case logic,133827,47.99,case logic medium slr camera bag,,24
amazon_12783,da-lite tensioned advantage deluxe electrol - projection screen rear motorized - 92 in - 16 9 - dual vision,projection screens,da-lite,,4400.0,da-lite tensioned advantage deluxe electrol - projection screen rear motorized - 92 in - 16 9 - dual vision,,738
amazon_15547,canon psc-4100 deluxe fitted leather case for the powershot sx30 is sx20 is sx10 is sx1 is digital cameras black,cases bags,canon,5020b001,29.99,canon psc-4100 deluxe fitted leather case for the powershot sx30 is sx20 is sx10 is sx1 is digital cameras black,,481
amazon_17915,new-tops 99712 - classified colors notebook narrow rule 5-1 2 x 8-1 2 orchid 100 sheets - top99712,storage presentation materials,tops,,19.0,new-tops 99712 - classified colors notebook narrow rule 5-1 2 x 8-1 2 orchid 100 sheets - top99712,,428
walmart_2478,mace security easy watch hidden camera in pir motion detector housing,garden - general,mace security,ewc-pir-rj11,119.82,mace security easy watch hidden camera in pir motion detector housing,,381
amazon_12090,targus groove backpack case designed for 17 inch laptops cvr617 black,laptop netbook computer accessories,targus,cvr617,34.99,targus groove backpack case designed for 17 inch laptops cvr617 black,,587
amazon_12169,pioneer ts-w259s4 champion series 10 single 4ohm 1200 watts,component subwoofers,pioneer,ts-w259s4,,pioneer ts-w259s4 champion series 10 single 4ohm 1200 watts,,846
walmart_470,iogear gbu421w6 bluetooth usb micro adapter,networking,iogear,gbu421w6,14.84,iogear gbu421w6 bluetooth usb micro adapter,,3
walmart_1405,ibm 28p2010 black toner cartridge,printers,ibm,28p2010,425.0,ibm 28p2010 black toner cartridge,,487
amazon_7399,targus zierra leather portfolio for blackberry playbook 4g wifi thz053us black burgundy,cases sleeves,targus,thz053us,47.17,targus zierra leather portfolio for blackberry playbook 4g wifi thz053us black burgundy,,744
amazon_21783,avery 11907 - worksaver big tab plastic dividers two slash pockets 8-tab assorted,,avery,,12.0,avery 11907 - worksaver big tab plastic dividers two slash pockets 8-tab assorted,,132
walmart_2368,thermaltake tt esports challenger ultimate gaming keyboard,electronics - general,thermaltake,kb-chu003us,89.52,thermaltake tt esports challenger ultimate gaming keyboard,,684
amazon_1599,scosche increased dynamic range noise isolation earphones with tapline ii remote and mic dark,headphones,scosche,idr355md,23.5,scosche increased dynamic range noise isolation earphones with tapline ii remote and mic dark,,783
amazon_11884,green onions supply rt-spf1017w m anti-glare screen protector for 17-inch wide laptop lcd screen -1 piece transparent,bags cases,green,rt-spf1017w / m,29.54,green onions supply rt-spf1017w m anti-glare screen protector for 17-inch wide laptop lcd screen -1 piece transparent,,221
amazon_432,arkon sun shade for samsung galaxy tab,touch screen tablet accessories,arkon,sgt-7ss,16.88,arkon sun shade for samsung galaxy tab,,486
amazon_6872,iris usoa400 irispen express 6 pen scanner,scanners,iris,usoa400,105.99,iris usoa400 irispen express 6 pen scanner,,521
amazon_1240,d-link systems powerline av 4-port switch starter kit dhp-347av,powerline network adapters,d-link,dhp-347av,117.2,d-link systems powerline av 4-port switch starter kit dhp-347av,,411
walmart_2335,bits limited 6-outlet opening price point smart strip 2 250 joules,tv accessories,bits limited,scg 2,31.95,bits limited 6-outlet opening price point smart strip 2 250 joules,,767
walmart_157,quartet total erase 3-month modular planning system aluminum frame 36,stationery & office machinery,quartet,cmp32,129.94,quartet total erase 3-month modular planning system aluminum frame 36,,153
amazon_18915,bic wosqpp418 - wite-out shake n squeeze correction pen 8 ml white 4 pack,hard drive bags,bic,,28.36,bic wosqpp418 - wite-out shake n squeeze correction pen 8 ml white 4 pack,,657
walmart_120,jvc kd-r320 cd receiver,car stereos,jvc,kdr320,70.0,jvc kd-r320 cd receiver,,778
amazon_17103,new-pendaflex 48434 - cutless watershed file folders 1 3 cut top tab letter assorted 100 box - ess48434,laminating supplies,pendaflex,,,new-pendaflex 48434 - cutless watershed file folders 1 3 cut top tab letter assorted 100 box - ess48434,,157
amazon_9890,kensington 2nd generation apple ipad 1 and 2 iphone ipod motorola xoom tablet galaxy blackberry playbook virtuoso touch screen stylus and pen black newest model,cases sleeves,kensington,k39304us,17.3,kensington 2nd generation apple ipad 1 and 2 iphone ipod motorola xoom tablet galaxy blackberry playbook virtuoso touch screen stylus and pen black newest model,,75
walmart_841,sony portable handycam ac adaptor,camera and camcorder accessories,sony,acl100,45.0,sony portable handycam ac adaptor,,555
amazon_16311,epson durabrite ultra ink yellow t125420,printer ink toner,epson,t125420,11.99,epson durabrite ultra ink yellow t125420,,584
amazon_17949,new-rolodex 23390 - wood tone desk pad mahogany 24 x 19 - rol23390,shredders,rolodex,,51.0,new-rolodex 23390 - wood tone desk pad mahogany 24 x 19 - rol23390,,168
walmart_1697,ampad envirotec hanging file folders 1 5 tab 11pt stock ltr standard green 25pk,stationery & office machinery,,,12.54,ampad envirotec hanging file folders 1 5 tab 11pt stock ltr standard green 25pk,,26
amazon_10966,hp laserjet 05x black dual pack cartridge in retail packaging ce505xd,laser printer toner,hp,ce505xd,235.11,hp laserjet 05x black dual pack cartridge in retail packaging ce505xd,,676
walmart_507,case logic 10 tablet sleeve black,electronics - general,case logic,lapst110black,16.0,case logic 10 tablet sleeve black,,358
amazon_15061,fellowes 91737 gel wrist rest - graphite platinum,wrist rests,fellowes,91737,11.29,fellowes 91737 gel wrist rest - graphite platinum,,409
walmart_1074,hp gw405at usb mouse - laser - usb - 2 x button,mice,hp,gw405at,29.88,hp gw405at usb mouse - laser - usb - 2 x button,,663
walmart_2342,canon imageclass mf4570dn laser multifunction printer,stationery & office machinery,canon,4509b020aa,288.0,canon imageclass mf4570dn laser multifunction printer,,540
amazon_9097,genius luxemate t810 31340145100 media keyboard,computers accessories,genius,31340145100,62.67,genius luxemate t810 31340145100 media keyboard,,562
amazon_12490,creative labs 70gh012000003 sound blaster tactic 3d alpha usb gaming headset,accessories supplies,creative labs,70gh012000003,49.93,creative labs 70gh012000003 sound blaster tactic 3d alpha usb gaming headset,,234
walmart_2133,hp c7971a lto ultrium 1 tape cartridge,mp3 accessories,hp,c7971a,39.88,hp c7971a lto ultrium 1 tape cartridge,,472
walmart_1558,ape case standard dslr holster,photography - general,ape case,acpro650,29.88,ape case standard dslr holster,,324
amazon_5249,verbatim acclaim 320 gb usb 2.0 portable external hard drive 97185 blue,,verbatim,97185,59.84,verbatim acclaim 320 gb usb 2.0 portable external hard drive 97185 blue,,199
amazon_16791,file storage box,,sparco,,40.16,file storage box,,254
walmart_861,chief manufacturing dual swing arm lcd wall mount,furniture,chief manufacturing,,143.2,chief manufacturing dual swing arm lcd wall mount,,161
amazon_2438,djtech super powered 15 600 w dj spkrs,home audio theater,dj-tech,t545a,396.74,djtech super powered 15 600 w dj spkrs,,10
walmart_1233,acd systems acdsee pro 4-box full version,software,acd systems,acdcd70845wi,239.99,acd systems acdsee pro 4-box full version,,339
amazon_15278,verbatim 97397 store n go super speed usb 3.0 portable hard drive 500gb,printers,verbatim,,116.2,verbatim 97397 store n go super speed usb 3.0 portable hard drive 500gb,,18
walmart_378,maxell 631012 blu-ray disc 15 pk,mp3 accessories,maxell,631012,61.88,maxell 631012 blu-ray disc 15 pk,,441
amazon_19117,sabrent crw-ext 68 in 1 hi-speed usb 2.0 external flash memory card reader writer,memory card readers,sabrent,crw-ext,9.37,sabrent crw-ext 68 in 1 hi-speed usb 2.0 external flash memory card reader writer,,406
amazon_16807,new-quartet sb93513q - showit three-panel display system fabric blue gray black pvc frame - qrtsb93513q,radios,quartet,,381.0,new-quartet sb93513q - showit three-panel display system fabric blue gray black pvc frame - qrtsb93513q,,769
amazon_18999,executive computer backpack,bags cases,mercury,,41.58,executive computer backpack,,203
amazon_3626,roocase executive portfolio red leather case cover with landscape portrait view for asus eee pad transformer 10.1-inch tf101 android tablet wi-fi,cases sleeves,roocase,,43.64,roocase executive portfolio red leather case cover with landscape portrait view for asus eee pad transformer 10.1-inch tf101 android tablet wi-fi,,130
amazon_2779,blue lounge design cd-bl cabledrop cable management system for all cables up to 5 16-inch - black,wire management,bluelounge,cd-bl,9.95,blue lounge design cd-bl cabledrop cable management system for all cables up to 5 16-inch - black,,267
walmart_2374,hp 920 cyan officejet ink cartridge ch634an,printers,hp,hp ch634an # 140,13.97,hp 920 cyan officejet ink cartridge ch634an,,374
amazon_4278,sony mdras30g sport neckband headphones,headphones,sony,,24.95,sony mdras30g sport neckband headphones,,514
amazon_13299,vantec 2 1 sata 6g and pata pci-e combo host card with raid black,computers accessories,vantec,ugt-is602r,40.33,vantec 2 1 sata 6g and pata pci-e combo host card with raid black,,577
amazon_8519,corsair twin2x4096-6400c5c 4gb xms2 pc2-6400 800mhz 240-pin dual channel ddr2 desktop memory,memory,corsair,twin2x4096-6400c5c,49.98,corsair twin2x4096-6400c5c 4gb xms2 pc2-6400 800mhz 240-pin dual channel ddr2 desktop memory,,123
amazon_245,new-wrist pillow foam keyboard platform wrist rest case pack 1 - 516275,keyboards,kensington,,50.53,new-wrist pillow foam keyboard platform wrist rest case pack 1 - 516275,,545
walmart_2078,dymo d1 standard tape cartridge for dymo label makers 1 4in x 23ft black on clear,stationery & office machinery,dymo,43610,17.27,dymo d1 standard tape cartridge for dymo label makers 1 4in x 23ft black on clear,,386
amazon_7893,green onions supply anti-glare screen protector for 10.1 16 9 hd widescreen,screen protectors,green,rt-spfg10101w / m,19.99,green onions supply anti-glare screen protector for 10.1 16 9 hd widescreen,,243
walmart_2004,pioneer cdx-p680 6-disc cd changer,car stereos,pioneer,cdx-p680,218.0,pioneer cdx-p680 6-disc cd changer,,78
walmart_2539,ghent triumph display easel gray,stationery & office machinery,ghent,19250,26.09,ghent triumph display easel gray,,467
amazon_18428,acdsee pro 4 box full version,audio video accessories,acd systems,acdpro4bx,217.58,acdsee pro 4 box full version,,339
walmart_2496,acer 23 wide lcd monitor black v epeat,monitors,acer,v233hajbd,142.0,acer 23 wide lcd monitor black v epeat,,631
amazon_12311,avery postcards for laser printers uncoated 4 x 6 inches white box of 100 05389,postcards,avery,05389,13.88,avery postcards for laser printers uncoated 4 x 6 inches white box of 100 05389,,310
amazon_12407,acdsee pro 4 box full version,printer accessories,acd,,,acdsee pro 4 box full version,,339
walmart_1298,lenovo thinkpad x60 tablet digitizer pen tether 3pk,electronics - general,lenovo,41u4820,13.67,lenovo thinkpad x60 tablet digitizer pen tether 3pk,,681
amazon_4719,logitech classic desktop mk100 920-003198,keyboard mouse combos,logitech,920-003198,19.99,logitech classic desktop mk100 920-003198,,283
amazon_22051,digipower tp-tr47dbl tripops 4 section tripod in dark blue for cameras,complete tripod units,digipower,tp-tr47dbl,25.62,digipower tp-tr47dbl tripops 4 section tripod in dark blue for cameras,,811
amazon_8496,cta mr-enel9 mini battery charger kit for nikon en-el9 battery,battery chargers,cta digital,mr-enel9,8.32,cta mr-enel9 mini battery charger kit for nikon en-el9 battery,,9
amazon_13174,ematic emw3202 articulating wall mount kit for 15-inch to 32-inch tv with 6-feet hdmi cable cleaning solution cleaning cloth,tv mounts,ematic,emw3202,29.99,ematic emw3202 articulating wall mount kit for 15-inch to 32-inch tv with 6-feet hdmi cable cleaning solution cleaning cloth,,64
walmart_2150,dp audio 1000-watt amplifier installation kit,car stereos,dp video,dp88,17.0,dp audio 1000-watt amplifier installation kit,,648
walmart_986,microsoft wireless desktop 800 for business,electronics - general,microsoft,5sh-00001,26.88,microsoft wireless desktop 800 for business,,617
walmart_192,epson s041595 photographic papers,stationery & office machinery,epson,s041595,69.88,epson s041595 photographic papers,,834
amazon_352,brenthaven 17-inch prolite iii shoulder case for notebooks,bags cases,brenthaven,2370,64.26,brenthaven 17-inch prolite iii shoulder case for notebooks,,451
amazon_17194,innovera 99650 - heavyweight photo paper matte 8-1 2 x 11 50 sheets pack,antitheft,innovera,,29.73,innovera 99650 - heavyweight photo paper matte 8-1 2 x 11 50 sheets pack,,476
amazon_6115,innovera d3010 - d3010 compatible high-yield toner 4000 page-yield black,computers accessories,innovera,,,innovera d3010 - d3010 compatible high-yield toner 4000 page-yield black,,833
walmart_1851,tp-link tl-ant2405cl 2.4 ghz 5dbi indoor omni-directional antenna,networking,tp link,tl-ant2405cl,8.88,tp-link tl-ant2405cl 2.4 ghz 5dbi indoor omni-directional antenna,,96
amazon_8381,apricorn aegis padlock 320 gb usb 2.0 128-bit encrypted portable external hard drive a25-pl128-320 grey,usb flash drives,apricorn,a25-pl128-320,99.0,apricorn aegis padlock 320 gb usb 2.0 128-bit encrypted portable external hard drive a25-pl128-320 grey,,550
walmart_902,midland behind-the-head 2-way radio headset 2-pack,phones,midland,avp-h5,22.27,midland behind-the-head 2-way radio headset 2-pack,,482
amazon_715,motorola dect 6.0 cordless big button phone k301,cordless telephones,motorola,k301,35.27,motorola dect 6.0 cordless big button phone k301,,829
walmart_2211,microsoft lifecam vx-800 black,electronics - general,microsoft,jsd-00007,18.88,microsoft lifecam vx-800 black,,720
amazon_7075,genie digital camera bag in lime green,cases bags,golla,,17.99,genie digital camera bag in lime green,,301
walmart_1485,trendnet usb to serial converter,computers,trendnet,tus9,15.27,trendnet usb to serial converter,,91
amazon_21917,dane-elec high speed 300x 8 gb usb 2.0 compact flash card udma da-cf30-08g-c,blank media,dane-elec,da-cf30-08g-c,29.06,dane-elec high speed 300x 8 gb usb 2.0 compact flash card udma da-cf30-08g-c,,151
walmart_1997,d-link dgs-1005g 5-port gigabit desktop switch,networking,d-link,dgs1005g,27.88,d-link dgs-1005g 5-port gigabit desktop switch,,247
walmart_919,rubbermaid 3-hole punched plastic edge strip magazine holders for ring binders 12ct,stationery & office machinery,rubbermaid,,5.94,rubbermaid 3-hole punched plastic edge strip magazine holders for ring binders 12ct,,733
walmart_225,cables unlimited 3 svga video cable hdb15 male to male with 3.5 mm audio,electronics - general,cables unlimited,pcm-2240-03,11.88,cables unlimited 3 svga video cable hdb15 male to male with 3.5 mm audio,,739
amazon_2974,inland titanpro notebook roller case,bags cases,inland,02453,47.88,inland titanpro notebook roller case,,824
amazon_2279,brother black high yield toner cartridge tn450,laser printer toner,brother,tn450,42.49,brother black high yield toner cartridge tn450,,713
amazon_828,lexmark pinnacle pro901 all-in-one printer,inkjet all-in-one printers,lexmark,90t9105,143.68,lexmark pinnacle pro901 all-in-one printer,,257
amazon_9383,tp-link tl-wa500g 54mbps extended range wireless access point,networking products,tp-link,tl-wa500g,29.99,tp-link tl-wa500g 54mbps extended range wireless access point,,840
walmart_720,sunpak 67mm circular polarized filter,camera and camcorder accessories,sunpak,cf-7061 cp,18.0,sunpak 67mm circular polarized filter,,518
walmart_399,motorola h17 bluetooth headset,electronics - general,motorola,89334m,38.84,motorola h17 bluetooth headset,,237
amazon_11143,endust 12886bp electronics ultimate office cleaning combo,monitor accessories,endust,12886bp,29.86,endust 12886bp electronics ultimate office cleaning combo,,79
amazon_22045,atrend-bbox a361-12cp b box series speaker for ford f150 super crew cab 2009 and up 12-inch,coaxial speakers,atrend-bbox,a361-12cp,56.88,atrend-bbox a361-12cp b box series speaker for ford f150 super crew cab 2009 and up 12-inch,,599
amazon_15252,viewsonic pro8500 xga dlp projector - 120hz 3d ready 5000 lumens 3000 1 dcr,video projectors,viewsonic,pro8500,1518.0,viewsonic pro8500 xga dlp projector - 120hz 3d ready 5000 lumens 3000 1 dcr,,575
walmart_1340,cta mini battery chargers for nikon en-el9 digital cameras,electronics - general,cta,mr-enel9,15.98,cta mini battery chargers for nikon en-el9 digital cameras,,9
amazon_11759,panasonic kx-tga660b extra handset for 664x series cordless phones black,cordless telephones,panasonic,kx-tga660b,35.63,panasonic kx-tga660b extra handset for 664x series cordless phones black,,519
walmart_1882,michigan wolverines iphone 3g silicone cover,electronics - general,tribeca,fva2158,19.99,michigan wolverines iphone 3g silicone cover,,835
walmart_1193,ape case ac165 digital camera case,photography - general,ape case,ac165,12.85,ape case ac165 digital camera case,,272
amazon_11211,xtrememac ipp-im4-11 incharge mobile iphone 4,chargers,memorex,ipp-im4-11,48.45,xtrememac ipp-im4-11 incharge mobile iphone 4,,326
walmart_446,namo webeditor professional,software,namo,nwep-usnc,78.0,namo webeditor professional,,708
amazon_7156,epson durabrite ultra ink cartridges magenta t044320,inkjet printer ink,epson,t044320,11.99,epson durabrite ultra ink cartridges magenta t044320,,494
amazon_19009,da - lite radio frequency wireless remote - remote control - infrared radio,remote controls,da-lite,,629.99,da - lite radio frequency wireless remote - remote control - infrared radio,,722
walmart_680,cp technologies levelone oan-0501 omni-directional antenna,networking,cp tech,oan-0501,15.71,cp technologies levelone oan-0501 omni-directional antenna,,466
walmart_272,avery write-on tabs 1.75 48-count,stationery & office machinery,avery,16143,3.54,avery write-on tabs 1.75 48-count,,802
amazon_17261,new-tops 3284 - daily attendance card 8-1 2 x 11 50 forms - top3284,laminating supplies,tops,,,new-tops 3284 - daily attendance card 8-1 2 x 11 50 forms - top3284,,142
walmart_93,audiovox sirius catv distribution kit,satellite radio,audiovox,scdk1,42.64,audiovox sirius catv distribution kit,,392
amazon_5774,namo webeditor professional,photo video design,namo,nwep-usnc,76.24,namo webeditor professional,,708
amazon_10206,nikon coolpix l120 14.1 mp digital camera with 21x nikkor wide-angle optical zoom lens and 3-inch lcd bronze,point shoot digital cameras,nikon,l120 bronze,261.01,nikon coolpix l120 14.1 mp digital camera with 21x nikkor wide-angle optical zoom lens and 3-inch lcd bronze,,113
walmart_1931,xfx ati radeon 5670 hd pci-express 1gb ddr3 graphics card,electronics - general,xfx,hd567xznl3,91.88,xfx ati radeon 5670 hd pci-express 1gb ddr3 graphics card,,14
amazon_14015,vantec nexstar superspeed 2.5-inch sata to usb 3.0 external hard drive enclosure nst-280s3-bk black,computers accessories,vantec,nst-280s3-bk,26.62,vantec nexstar superspeed 2.5-inch sata to usb 3.0 external hard drive enclosure nst-280s3-bk black,,758
amazon_8267,bracketron back-it back cover for ipad 2 - blue org-332-bx,cases sleeves,bracketron,org-332-bx,16.51,bracketron back-it back cover for ipad 2 - blue org-332-bx,,218
walmart_1684,rolodex business card binder with a-z tabs black,stationery & office machinery,rolodex,66451,27.94,rolodex business card binder with a-z tabs black,,827
amazon_6955,ifrogz it4ll-wht luxe lean for ipod touch 4g - white,cases,ifrogz,it4ll-wht,12.5,ifrogz it4ll-wht luxe lean for ipod touch 4g - white,,668
amazon_11295,v7 3 button 2.4 ghz laser mouse with storable nano receiver,mice,v7,m42n01-7n,19.23,v7 3 button 2.4 ghz laser mouse with storable nano receiver,,115
amazon_9015,hp coated paper 36 inches x 150 feet roll,roll paper,hp,c6020b,29.99,hp coated paper 36 inches x 150 feet roll,,19
amazon_12168,planar pl1910m-bk 19-inch digital analog lcd monitor with speakers black,monitors,planar,997-2797-00,179.0,planar pl1910m-bk 19-inch digital analog lcd monitor with speakers black,,369
amazon_21591,epson t008201 color inkjet cartridge,inkjet printer ink,epson,t008201,18.18,epson t008201 color inkjet cartridge,,506
walmart_2523,apc line-r 1200va line conditioner with automatic voltage regulator le1200,tv accessories,apc,le1200,48.24,apc line-r 1200va line conditioner with automatic voltage regulator le1200,,673
walmart_669,creative labs sound blaster tactic3d alpha,electronics - general,creative labs,gh012000003,59.99,creative labs sound blaster tactic3d alpha,,234
amazon_9342,scosche su03b power 4-speaker connector for 1993-up select subaru,wiring harnesses,scosche,su03b,9.65,scosche su03b power 4-speaker connector for 1993-up select subaru,,731
amazon_11343,tp-link tl-sc3171 day and night surveillance camera,surveillance cameras,tp-link,tl-sc3171,109.99,tp-link tl-sc3171 day and night surveillance camera,,372
amazon_11440,startech.com dvispl1vv 1 feet dvi-i analog to 2x vga video splitter cable - m f,connectors adapters,startech,dvispl1vv,14.57,startech.com dvispl1vv 1 feet dvi-i analog to 2x vga video splitter cable - m f,,340
amazon_19662,quantum super dlttape ii 300 600gb tape cartridge,data cartridges,quantum,mr-s2mqn-01,75.33,quantum super dlttape ii 300 600gb tape cartridge,,788
amazon_21812,da-lite portable rental deluxe screen skirt adapter clamp,lamps,da-lite,,6.99,da-lite portable rental deluxe screen skirt adapter clamp,,317
amazon_18679,canon cli-221 ink tank magenta,inkjet printer ink,canon,2948b001,12.99,canon cli-221 ink tank magenta,,740
walmart_107,targus 17 groove backpack for laptops black,electronics - general,targus,cvr617,37.88,targus 17 groove backpack for laptops black,,587
amazon_13396,sun shade for samsung galaxy tab,computers accessories,arkon,,19.95,sun shade for samsung galaxy tab,,486
amazon_8455,lenovo thinkpad x60 tablet tether,computer accessories,lenovo,41u4820,10.33,lenovo thinkpad x60 tablet tether,,681
walmart_2343,kodak m552 dark pink 14mp digital camera bundle w 5x optical zoom 2.7 lcd display w 50 bonus prints,digital cameras,kodak,m552 pink bndl,109.0,kodak m552 dark pink 14mp digital camera bundle w 5x optical zoom 2.7 lcd display w 50 bonus prints,,548
walmart_1481,penpower chinese expert,electronics - general,penpower,swlea0010,104.88,penpower chinese expert,,627
amazon_1243,d-link dkvm-8e 8-port rack mount kvm switch,kvm switches,d-link,dkvm-8e,162.99,d-link dkvm-8e 8-port rack mount kvm switch,,780
amazon_5175,zyxel pla401v3 homeplug av 200 mbps powerline wall-plug adapter,powerline network adapters,zyxel,pla401v3,47.92,zyxel pla401v3 homeplug av 200 mbps powerline wall-plug adapter,,393
walmart_2186,sabrent sbt-cps2 usb to dual ps 2 converter cable,electronics - general,sabrent,sbt-cps2,4.88,sabrent sbt-cps2 usb to dual ps 2 converter cable,,81
walmart_2511,lg 42 class lcd 1080p 60hz hdtv 42lk450,electronics : flat panel tv,lg,42lk450,579.0,lg 42 class lcd 1080p 60hz hdtv 42lk450,,465
amazon_4493,ape case small digital camera bag ac165,cases bags,norazza,ac165,12.85,ape case small digital camera bag ac165,,272
amazon_18698,mini displayport to hdmi adapter,video cables,siig,cb-dp0b11-s1,15.14,mini displayport to hdmi adapter,,403
walmart_1584,sony mdrxb40ex high sensitive bass headphones,mp3 accessories,sony,mdrxb40ex,39.88,sony mdrxb40ex high sensitive bass headphones,,730
walmart_2259,iogear 1gb mobile usb 2.0 scribe digital pen flash drive,usb drives,iogear,gpen300,74.88,iogear 1gb mobile usb 2.0 scribe digital pen flash drive,,429
walmart_86,samsung 33-0525-05 samsung fasciante i500 oem multimedia dock,electronics - general,samsung,33-0525-05,29.88,samsung 33-0525-05 samsung fasciante i500 oem multimedia dock,,446
walmart_1014,hercules dualpix emotion hd 720p usb webcam,electronics - general,hercules,4780655,47.82,hercules dualpix emotion hd 720p usb webcam,,77
amazon_5075,garmin foretrex 401 waterproof hiking gps,hiking gps units,garmin,010-00777-00,165.58,garmin foretrex 401 waterproof hiking gps,,595
amazon_16252,new-iluv icc790blk universal windshield smartphone mount kit - ilvicc790b,coin button cell,iluv,,30.0,new-iluv icc790blk universal windshield smartphone mount kit - ilvicc790b,,253
amazon_5274,usb 32gb pocket flash drive,car audio video,imation,27860,44.02,usb 32gb pocket flash drive,,549
amazon_15426,sony vaio bluetooth keyboard,keyboards,sony,vgp-bkb1,97.68,sony vaio bluetooth keyboard,,602
walmart_1550,trendnet tv-ip312w wireless day night internet camera server with 2-way audio,garden - general,trendnet,,244.88,trendnet tv-ip312w wireless day night internet camera server with 2-way audio,,723
amazon_7660,q-see qt426-5 16 channel h. 264 smart recording dvr with pre-installed 500 gb hard drive,surveillance video recorders,q-see,qt426-5,516.99,q-see qt426-5 16 channel h. 264 smart recording dvr with pre-installed 500 gb hard drive,,52
walmart_926,rolodex petite open tray card file,stationery & office machinery,rolodex,67060,6.47,rolodex petite open tray card file,,695
walmart_979,simplism protector film for ipad,mp3 accessories,simplism,trpfsipadagen,23.41,simplism protector film for ipad,,694
amazon_9564,sharp el-334tb semi-desktop basic calculator,basic,sharp,el-334tb,7.79,sharp el-334tb semi-desktop basic calculator,,291
amazon_9578,seagate blackarmor nas 440 4-bay 4 tb 4 x 1 tb network attached storage st340005sha10g-rk,network attached storage,seagate,st340005sha10g-rk,574.84,seagate blackarmor nas 440 4-bay 4 tb 4 x 1 tb network attached storage st340005sha10g-rk,,757
amazon_1441,switch by design studio fire red 17-inch,computers accessories,dell,318-1000,24.0,switch by design studio fire red 17-inch,,552
amazon_19592,hp 61 ink cartridge combo pack,inkjet printer ink,hp,cr259fn # 140,28.2,hp 61 ink cartridge combo pack,,27
amazon_453,aleratec dvd cd shredder xc 240145 black,shredders,aleratec,240145,68.78,aleratec dvd cd shredder xc 240145 black,,76
amazon_6972,hp q6511a laserjet 11a black print cartridge in retail packaging,laser printer toner,hp,q6511a,,hp q6511a laserjet 11a black print cartridge in retail packaging,,201
amazon_11566,scosche satinshield 2-pack anti-glare screen protector for ipod touch 4g clear,screen protectors,scosche,fptag,8.6,scosche satinshield 2-pack anti-glare screen protector for ipod touch 4g clear,,781
amazon_577,comfort opt mse3000 silver blu,computers accessories,microsoft,d1t-00011,11.99,comfort opt mse3000 silver blu,,104
walmart_1295,d-link dir-412 mobile broadband wireless router,networking,d-link,dir412,119.99,d-link dir-412 mobile broadband wireless router,,806
walmart_2531,night owl security products wired color security camera with 60 of cable,garden - general,night owl,cam-cm01-245,49.71,night owl security products wired color security camera with 60 of cable,,543
walmart_221,targus red tgk-fr300 digital camera starter kit,photography - general,targus,tgk-fr300,18.98,targus red tgk-fr300 digital camera starter kit,,814
walmart_538,srs labs analog rca volume leveler,tv accessories,srs labs,dct6s,59.99,srs labs analog rca volume leveler,,5
walmart_64,los angeles lakers iphone 3g duo case,electronics - general,tribeca,fva4005,24.99,los angeles lakers iphone 3g duo case,,492
walmart_302,quartet showit three-panel display system fabric blue gray black pvc frame,stationery & office machinery,quartet,,222.29,quartet showit three-panel display system fabric blue gray black pvc frame,,769
amazon_11026,haier pocket theatre 2-inch mp3 player with video-ptheatre black,mp3 players,haier,ptheatre,34.99,haier pocket theatre 2-inch mp3 player with video-ptheatre black,,366
walmart_537,logitech ultimate ears 700 earphones,electronics - general,logitech,985-000172,228.0,logitech ultimate ears 700 earphones,,226
amazon_20443,incipio feather case for ipod touch 4g matte black,cases,incipio,ip-909,17.82,incipio feather case for ipod touch 4g matte black,,127
amazon_3471,startech.com 100mbps full low profile ethernet multi mode sc fiber pci nic card - 2 km pci100mmsc,digital media devices,startech,pci100mmsc,88.99,startech.com 100mbps full low profile ethernet multi mode sc fiber pci nic card - 2 km pci100mmsc,,638
amazon_485,3m natural view screen protector for ipad 9.7,screen protector foils,3m,ipad 9.7 '',19.99,3m natural view screen protector for ipad 9.7,,438
amazon_16578,new-ampad 52115r - envirotec hanging file folder 1 5 tab 11 point letter standard green 25 box - amp52115r,laminating supplies,ampad,,28.0,new-ampad 52115r - envirotec hanging file folder 1 5 tab 11 point letter standard green 25 box - amp52115r,,26
amazon_912,kensington pro fit usb ps2 full size wired mouse black,mice,kensington,k72343us,19.55,kensington pro fit usb ps2 full size wired mouse black,,430
walmart_266,iomega ego 500gb helium portable hard drive,hard drives,iomega,34945,78.98,iomega ego 500gb helium portable hard drive,,804
amazon_19817,microsoft wireless mobile mouse 6000 - red,keyboard mouse combos,microsoft,mhc-00019,26.13,microsoft wireless mobile mouse 6000 - red,,309
amazon_8566,cobra 29wxnwst nightwatch 40 channel cb radio,cb radios,cobra,29 wx nw st,132.28,cobra 29wxnwst nightwatch 40 channel cb radio,,173
amazon_20189,wireless ultra slim multimedia mini keyb with laptop style keypad,car audio video,siig,jk-wr0612-s1,25.85,wireless ultra slim multimedia mini keyb with laptop style keypad,,736
walmart_235,avery worksaver big tab plastic dividers two slash pockets eight-tab assorted,stationery & office machinery,avery,11907,5.88,avery worksaver big tab plastic dividers two slash pockets eight-tab assorted,,132
walmart_874,quantum mr-s4mqn-01 dlttape s4 cartridge,mp3 accessories,quantum,mr-s4mqn-01,97.88,quantum mr-s4mqn-01 dlttape s4 cartridge,,636
amazon_6747,da-lite designer manual matte white concord finisher - projection screen - matte white,projection screens,da-lite,matte white ( concord finisher ),,da-lite designer manual matte white concord finisher - projection screen - matte white,,691
walmart_811,aleratec inc cd dvd shredder,stationery & office machinery,aleratec,,61.88,aleratec inc cd dvd shredder,,76
walmart_2196,netgear ant 9dbi in outdoor omni-direc,computers,netgear,ant240920000s,129.82,netgear ant 9dbi in outdoor omni-direc,,235
amazon_9164,4gb edge proshot sdhc memory card class6,computers accessories,edge,,17.83,4gb edge proshot sdhc memory card class6,,292
amazon_76,wintec filemate 4gb swivel usb 2.0 flash drive,computer accessories,wintec,,9.99,wintec filemate 4gb swivel usb 2.0 flash drive,,420
amazon_3965,avery write-on tabs 1.75 inches 48 tabs 16143,all-purpose labels,avery,16143,3.54,avery write-on tabs 1.75 inches 48 tabs 16143,,802
walmart_239,netgear wireless router for video and gaming,networking,netgear,wndr37av-100nas,129.0,netgear wireless router for video and gaming,,274
walmart_1299,sony h series np-fh50 actiforce infolithium battery hybrid,dvd accessories,sony,npfh50,38.0,sony h series np-fh50 actiforce infolithium battery hybrid,,452
walmart_2341,green onions supply 10.1 anti-glare screen protector,electronics - general,green onions supply,rt-spfg101w / m,22.88,green onions supply 10.1 anti-glare screen protector,,243
amazon_16536,new-lightweight folding headphone with bass boost - black - dq2360,headphones,jvc,,51.0,new-lightweight folding headphone with bass boost - black - dq2360,,316
walmart_648,lexar media lmspd8gbbsbna 8gb platinum ii memory stick pro duo card,usb drives,lexar media,lmspd8gbbsbna,22.99,lexar media lmspd8gbbsbna 8gb platinum ii memory stick pro duo card,,565
walmart_611,accell proultra 2m hdmi ethernet cable,tv accessories,accell,b116c-007b-40,22.88,accell proultra 2m hdmi ethernet cable,,74
walmart_2224,da-lite video spectra 1.5 deluxe model b manual screen - 50 x 67 video format,electronics - general,da-lite,73639,181.99,da-lite video spectra 1.5 deluxe model b manual screen - 50 x 67 video format,,820
walmart_719,hp q6511a hp 11a toner 6000 page-yield black,printers,hp,q6511a,191.03,hp q6511a hp 11a toner 6000 page-yield black,,201
walmart_1592,zax 87303 pro series 3m composite audio video cable,tv accessories,zax,87303,10.88,zax 87303 pro series 3m composite audio video cable,,464
walmart_1789,p3 international kill-a-watt graphic timer and electricity usage monitor,portable audio,p3 international corporation,p4480,69.95,p3 international kill-a-watt graphic timer and electricity usage monitor,,800
walmart_1362,cardinal zippered binder pockets 8-1 2 x 11 clear 3 pack,stationery & office machinery,,,5.27,cardinal zippered binder pockets 8-1 2 x 11 clear 3 pack,,327
amazon_17374,crown cu3672bk - cushion-step mat rubber 36 x 72 marbleized black,distribution,crown,,,crown cu3672bk - cushion-step mat rubber 36 x 72 marbleized black,,660
amazon_17839,jwin caf nites in-ear earphones - compact stereo - pink - iep222pnk,video converters,jwin,,15.19,jwin caf nites in-ear earphones - compact stereo - pink - iep222pnk,,231
amazon_4702,lowepro apex 10 aw black,cases bags,lowepro,34977,11.99,lowepro apex 10 aw black,,649
walmart_658,keyspan usb twin serial adapter,electronics - general,keyspan,usa-28xg,70.73,keyspan usb twin serial adapter,,94
amazon_12146,razer lycosa mirror gaming keyboard - special edition,controllers,razer,rz03-00181400-r3u1,,razer lycosa mirror gaming keyboard - special edition,,554
walmart_1134,da-lite high power advantage manual with csr - hdtv format 133 diagonal,electronics - general,da-lite,85742,1267.99,da-lite high power advantage manual with csr - hdtv format 133 diagonal,,590
amazon_1253,xm xpmp3h1 portable satellite radio and mp3 player xmp3i,handheld portable satellite radios,sirius satellite radio,xpmp3h1,147.02,xm xpmp3h1 portable satellite radio and mp3 player xmp3i,,302
amazon_1928,fellowes 55-piece computer toolkit black,cleaning repair,fellowes,49106,40.14,fellowes 55-piece computer toolkit black,,72
amazon_20385,new-quartet 2544m - magnetic dry erase board porcelain 48 x 36 white solid mahogany frame - qrt2544m,radios,quartet,,426.29,new-quartet 2544m - magnetic dry erase board porcelain 48 x 36 white solid mahogany frame - qrt2544m,,370
walmart_1833,scosche 1993-up select subaru power 4-speaker connector,car stereos,scosche,su03b,9.88,scosche 1993-up select subaru power 4-speaker connector,,731
walmart_949,trendnet tew-455apbo wireless super g high power outdoor poe access point,networking,trendnet,tew-455apbo,304.88,trendnet tew-455apbo wireless super g high power outdoor poe access point,,477
amazon_14867,iluv icc1113 2-pack anti-glare protective film for ipod nano 6g clear,cases,iluv,icc1113,6.82,iluv icc1113 2-pack anti-glare protective film for ipod nano 6g clear,,99
walmart_159,powermat wireless charging receiver for blackberry torch,phone accessories,powermat,prl01-001-us,23.88,powermat wireless charging receiver for blackberry torch,,432
amazon_7048,gs716t-200 - prosafe 16-port gigabit smart switch,networking products,netgear,gs716t-200nas,224.37,gs716t-200 - prosafe 16-port gigabit smart switch,,140
amazon_18948,comprehensive premium - audio adapter - mini-phone 3.5 mm m - 3 pin xlr f,connectors adapters,comprehensive video,,,comprehensive premium - audio adapter - mini-phone 3.5 mm m - 3 pin xlr f,,147
amazon_3793,haier ptheatre 4 gb 2 pocket theater mp3 player with video,plug play satellite radios,haier,,,haier ptheatre 4 gb 2 pocket theater mp3 player with video,,366
walmart_2230,d-link dgs-1008p 8-port gigabit ethernet poe switch,networking,d-link,dgs1008p,179.99,d-link dgs-1008p 8-port gigabit ethernet poe switch,,200
walmart_1244,belkin ac charger with swivel plug usb sync cable for iphone,mp3 accessories,belkin,f8z414,21.78,belkin ac charger with swivel plug usb sync cable for iphone,,62
amazon_13438,sony vct-r100 lightweight compact tripod with 3-way pan tilt head,digital camera accessories,sony,vctr100,24.54,sony vct-r100 lightweight compact tripod with 3-way pan tilt head,,581
walmart_33,sunpak 72-in-one card reader with sim slot,photography - general,sunpak,72-in-1-cr,0.0,sunpak 72-in-one card reader with sim slot,,102
amazon_15904,lacie fw 800 expresscard 34,computers accessories,lacie,130992,44.24,lacie fw 800 expresscard 34,,702
amazon_10646,motorola 56320 2-way radio earpiece with boom microphone,accessories,motorola,56320,12.83,motorola 56320 2-way radio earpiece with boom microphone,,410
walmart_1973,iosafe solo - 1 tb fireproof waterproof external hard drive includes 1k disaster recovery service,hard drives,iosafe,sl1000gbusb20,199.58,iosafe solo - 1 tb fireproof waterproof external hard drive includes 1k disaster recovery service,,124
walmart_1066,belkin 12 y audio cable,electronics - general,belkin,f8v235-12,4.87,belkin 12 y audio cable,,692
walmart_1159,gear head 1.3 mp quick webcam pro,electronics - general,gear head,wc740i,13.88,gear head 1.3 mp quick webcam pro,,809
amazon_18463,guardian eg020304 - ecoguard indoor wiper mats rubber 24 x 36 charcoal-mlleg020304,connectors adapters,guardian,,,guardian eg020304 - ecoguard indoor wiper mats rubber 24 x 36 charcoal-mlleg020304,,801
amazon_2867,kodak easyshare m531 14mp 3x optical 5x digital zoom hd camera red black,digital cameras,kodak,,104.95,kodak easyshare m531 14mp 3x optical 5x digital zoom hd camera red black,,557
walmart_1790,lathem time vis6008 ribbon purple,stationery & office machinery,,vis6008,15.0,lathem time vis6008 ribbon purple,,686
walmart_155,sumdex slr camera sling pack,mp3 accessories,sumdex,144952,39.99,sumdex slr camera sling pack,,192
walmart_2019,hon metal bookcase 34-1 2w x 12-5 8d x 81-1 8h,furniture,hon,s82abcp,369.0,hon metal bookcase 34-1 2w x 12-5 8d x 81-1 8h,,755
walmart_1489,quartet contour fabric bulletin board,stationery & office machinery,quartet,7693m,73.24,quartet contour fabric bulletin board,,419
amazon_21196,manhattan 150705 superspeed usb to sata adapter,cables interconnects,manhattan,,,manhattan 150705 superspeed usb to sata adapter,,110
walmart_1984,gear head dual laptop cooling fan cf3000u,electronics - general,gear head,cf3000u,15.0,gear head dual laptop cooling fan cf3000u,,318
amazon_3269,balt inc. wheasel easel adjustable melamine dry erase board 28 3 4 x 59 1 2 white,laminating supplies,mayline,,134.45,balt inc. wheasel easel adjustable melamine dry erase board 28 3 4 x 59 1 2 white,,1
walmart_1613,pinnacle studio hd v15 ultimate collection pc,software,avid technology,,119.0,pinnacle studio hd v15 ultimate collection pc,,57
amazon_13390,switch by design studio horizontal pink 17-inch,computers accessories,dell,318-1017,39.0,switch by design studio horizontal pink 17-inch,,345
amazon_16624,targus red tgk-fr300 digital camera starter kit,computer accessories,targus,,17.96,targus red tgk-fr300 digital camera starter kit,,814
amazon_994,iluv icc816 portfolio case with stand for 2nd generation apple ipad 2 wifi 3g model 16gb 32gb 64gb newest model black,cases sleeves,iluv,icc816blk,20.09,iluv icc816 portfolio case with stand for 2nd generation apple ipad 2 wifi 3g model 16gb 32gb 64gb newest model black,,462
walmart_413,national brand texhide accounting book black burgundy 10 3 8 x 8 3 8,stationery & office machinery,national products ltd.,56211,25.94,national brand texhide accounting book black burgundy 10 3 8 x 8 3 8,,832
walmart_1891,cables unlimited 2.4 ghz wireless indoor outdoor stereo speaker with remote and dual power transmitter black,stereos/audio,cables unlimited,spk-24gx,148.0,cables unlimited 2.4 ghz wireless indoor outdoor stereo speaker with remote and dual power transmitter black,,679
amazon_14014,veho vcca002wpc waterproof case for muvi micro camcorder,cases bags,veho,vcca002wpc,27.05,veho vcca002wpc waterproof case for muvi micro camcorder,,678
amazon_16366,tops 99712 - classified colors notebook narrow rule 5-1 2 x 8-1 2 orchid 100 sheets,printer accessories,tops,,,tops 99712 - classified colors notebook narrow rule 5-1 2 x 8-1 2 orchid 100 sheets,,428
walmart_2543,cooler master 120mm silent blade master fan,electronics - general,coolermaster,r4-bmbs-20pk-r0,15.88,cooler master 120mm silent blade master fan,,623
amazon_1794,panasonic lumix dmc-ts3 12.1 mp rugged waterproof digital camera with 4.6 x wide angle optical image stabilized zoom and 2.7-inch lcd silver,point shoot digital cameras,panasonic,dmc-ts3s,,panasonic lumix dmc-ts3 12.1 mp rugged waterproof digital camera with 4.6 x wide angle optical image stabilized zoom and 2.7-inch lcd silver,,774
amazon_20843,new-uniden d2998 dect 6.0 loud clear big button corded cordless phone with caller id digital answering machine - unnd2998,cordless telephones,uniden,,93.99,new-uniden d2998 dect 6.0 loud clear big button corded cordless phone with caller id digital answering machine - unnd2998,,220
amazon_9226,xantech 29110dbkit designer hidden link infrared kit black,remote-control extenders,xantech,29110dbkit,,xantech 29110dbkit designer hidden link infrared kit black,,727
walmart_1209,polaroid i1237 pink 12mp digital camera w 3x optical zoom 2.7 lcd display,digital cameras,polaroid,cia-1237pc,68.0,polaroid i1237 pink 12mp digital camera w 3x optical zoom 2.7 lcd display,,435
amazon_19580,joby gp1-dten gorillapod flexible tripod orange,complete tripod units,joby,gp1 orange,14.88,joby gp1-dten gorillapod flexible tripod orange,,605
amazon_14930,hp color laserjet cb400a black print cartridge in retail packaging,laser printer toner,hp,cb400a,145.99,hp color laserjet cb400a black print cartridge in retail packaging,,795
amazon_19514,canon cli-226 cyan ink tank 4547b001,inkjet printer ink,canon,4547b001,11.99,canon cli-226 cyan ink tank 4547b001,,672
walmart_1988,stanley bostitch 00540 antijam extra heavy-duty stapler 215-sheet capacity black,stationery & office machinery,stanley bostitch,540,65.0,stanley bostitch 00540 antijam extra heavy-duty stapler 215-sheet capacity black,,329
amazon_5720,patriot lx series 16 gb class 10 sdhc flash memory card psf16gsdhc10 black,blank media,patriot,psf16gsdhc10,30.88,patriot lx series 16 gb class 10 sdhc flash memory card psf16gsdhc10 black,,785
walmart_1652,q-see qs408-811-5 8 channel h. 264 dvr surveillance system with 8 indoor outdoor cmos night vision cameras,garden - general,q-see,qs408-811-5,714.28,q-see qs408-811-5 8 channel h. 264 dvr surveillance system with 8 indoor outdoor cmos night vision cameras,,606
walmart_1218,v7 8gb sd card secure digital high capacity 8 gb memory card,usb drives,v7,vasdh8gcl4r-1n,10.26,v7 8gb sd card secure digital high capacity 8 gb memory card,,760
amazon_1649,sabrent cb-usbxt usb 2.0 type a male to type a female active extension cable 32 feet,usb cables,sabrent,cb-usbxt,16.99,sabrent cb-usbxt usb 2.0 type a male to type a female active extension cable 32 feet,,159
amazon_17302,bic mpep241 - ecolutions mechanical pencil 0.7 mm 24 per pack,computers accessories,bic,,,bic mpep241 - ecolutions mechanical pencil 0.7 mm 24 per pack,,321
amazon_3009,ifrogz it4lo-blu blk luxe original for ipod touch 4g - blue black,cases,ifrogz,it4lo-blu/blk,20.73,ifrogz it4lo-blu blk luxe original for ipod touch 4g - blue black,,689
walmart_1713,quality park classic style invitation envelope contemporary white,stationery & office machinery,,36226,52.94,quality park classic style invitation envelope contemporary white,,710
walmart_181,amzer 10 neoprene reversible sleeve carry case ebony black sea green,electronics - general,amzer,90805,16.88,amzer 10 neoprene reversible sleeve carry case ebony black sea green,,350
amazon_7705,pny micro slide attache 8 gb usb 2.0 flash drive p-fdu8 gbsl-ef sil silver,usb flash drives,pny,p-fdu8gbsl-ef / sils2,14.25,pny micro slide attache 8 gb usb 2.0 flash drive p-fdu8 gbsl-ef sil silver,,665
amazon_19669,pc treasures mighty mini mouse - 2.4 ghz wireless,mice,pc treasures,07227,14.69,pc treasures mighty mini mouse - 2.4 ghz wireless,,618
amazon_10434,1-pack 100 200gb lto ultrium data cart for surestore ultrium,data cartridges,hp,c7971a,21.99,1-pack 100 200gb lto ultrium data cart for surestore ultrium,,472
amazon_691,neatreceipts mobile scanner and digital filing system,scanners,neat receipts,00346,199.0,neatreceipts mobile scanner and digital filing system,,311
walmart_1391,inland pro 8-sheet paper shredder,stationery & office machinery,inland,05302,47.54,inland pro 8-sheet paper shredder,,314
amazon_18620,chicago cubs pink iphone 4 hard case,computers accessories,tribeca,,23.99,chicago cubs pink iphone 4 hard case,,629
walmart_194,san diego chargers pro grip mouse,mice,team pro mark,msnf25,26.99,san diego chargers pro grip mouse,,674
walmart_522,veho vcca002wpc waterproof case for muvi muviturin,camera and camcorder accessories,veho,vcca002wpc,29.98,veho vcca002wpc waterproof case for muvi muviturin,,678
amazon_18170,xantech 283dmw designer blink emitter single mini wire,printers,xantech,,,xantech 283dmw designer blink emitter single mini wire,,421
amazon_16398,new-xerox 108r00579 - 108r00579 transfer roller - xer108r00579,printer accessories,xerox,,228.05,new-xerox 108r00579 - 108r00579 transfer roller - xer108r00579,,628
amazon_11740,pelican storm im2306 case watertight padlockable case with multilayer cubed foam interior olive drab,accessories supplies,pelican,,69.95,pelican storm im2306 case watertight padlockable case with multilayer cubed foam interior olive drab,,604
amazon_19347,wanderlei silva mouse pad,mouse pads,wincraft,,18.99,wanderlei silva mouse pad,,717
walmart_2021,crown cushion-step rubber mat 36 x 72 marbleized black,home care,crown,cu3672bk,194.97,crown cushion-step rubber mat 36 x 72 marbleized black,,660
amazon_9456,storm im2306-30001 2306 case with foam olive drab cases outdoor products,printer ink toner,storm,,103.99,storm im2306-30001 2306 case with foam olive drab cases outdoor products,,604
walmart_1578,v7 3-button optical mouse usb,mice,v7,m30p10-7n,7.82,v7 3-button optical mouse usb,,652
amazon_11468,sony nsz-gt1 wifi-enabled 1080p blu-ray disc player featuring google tv,blu-ray disc players,sony,nsz-gt1,,sony nsz-gt1 wifi-enabled 1080p blu-ray disc player featuring google tv,,819
amazon_20251,optoma bl-fp200c replacement lamp for hd70 home theater projector,lamps,optoma,bl-fp200c,219.39,optoma bl-fp200c replacement lamp for hd70 home theater projector,,808
amazon_15684,peerless pt660 universal tilt wall mount for 32 to 60 displays black,tv mounts,peerless,pt660,71.87,peerless pt660 universal tilt wall mount for 32 to 60 displays black,,790
walmart_1628,sirius outdoor home antenna,satellite radio,sirius,sha1,42.64,sirius outdoor home antenna,,391
walmart_1774,crown cross-over indoor outdoor olefin poly wiper scraper mat 36 x 60 brown,home care,crown,cs0035br,59.97,crown cross-over indoor outdoor olefin poly wiper scraper mat 36 x 60 brown,,320
walmart_2482,3m porcelain marker board steel backed 6 x4 aluminum,stationery & office machinery,3m,,462.79,3m porcelain marker board steel backed 6 x4 aluminum,,491
amazon_10436,16gb secure digital sdhc hd video card class 6,blank media,edge,edgdm-222604-pe,31.21,16gb secure digital sdhc hd video card class 6,,786
walmart_362,xerox 108r00602 maintenance kit,printers,xerox,108r00602,110.84,xerox 108r00602 maintenance kit,,277
amazon_18512,s j paper s59720 - mla end tab classification folder straight tab letter six-section 25 box,printer accessories,s j paper,,,s j paper s59720 - mla end tab classification folder straight tab letter six-section 25 box,,337
walmart_2365,canon cli-226 black ink tank,printers,canon,4546b001,13.97,canon cli-226 black ink tank,,287
walmart_1703,cardinal holdit self-adhesive multi-punched binder insert strips 25 pack,stationery & office machinery,,21110,6.18,cardinal holdit self-adhesive multi-punched binder insert strips 25 pack,,537
amazon_17396,new-post-it flags ds420va - dispenser flags blue red yellow green 340 assorted-size flags pack - mmmds420va,label makers,post-it,,,new-post-it flags ds420va - dispenser flags blue red yellow green 340 assorted-size flags pack - mmmds420va,,610
amazon_1324,verbatim 97335 50 gb 6x blu-ray double layer recordable disc bd-r dl 10-disc spindle,bd-r discs,verbatim,97335,71.99,verbatim 97335 50 gb 6x blu-ray double layer recordable disc bd-r dl 10-disc spindle,,570
walmart_2397,itw dymon scrubs office wet wipes 50 sheets 6 ct,home care,itw dymon,90006,30.97,itw dymon scrubs office wet wipes 50 sheets 6 ct,,261
amazon_19007,lumiere l.a. 100w 3200k tungsten halogen video light kit,,lumiere la,vl100,79.88,lumiere l.a. 100w 3200k tungsten halogen video light kit,,513
walmart_2028,acer iconia tablet bluetooth keyboard,laptop computers,acer,a500k01,49.0,acer iconia tablet bluetooth keyboard,,269
walmart_938,viewsonic pro8500 dlp projector,electronics - general,viewsonic,pro8500,1518.0,viewsonic pro8500 dlp projector,,575
walmart_1037,planar 997-2797-00 pl series pl1910m lcd monitor,monitors,planar,997-2797-00,179.0,planar 997-2797-00 pl series pl1910m lcd monitor,,369
amazon_16437,new-sharp el1192bl - el1192bl two-color printing calculator 12-digit lcd black red - shrel1192bl,basic,sharp,,56.0,new-sharp el1192bl - el1192bl two-color printing calculator 12-digit lcd black red - shrel1192bl,,165
amazon_884,kingston 2 gb ddr2 sdram memory module 2 gb 1 x 2 gb 667mhz nonecc ddr2 sdram 200pin m25664f50,memory,kingston,m25664f50,28.34,kingston 2 gb ddr2 sdram memory module 2 gb 1 x 2 gb 667mhz nonecc ddr2 sdram 200pin m25664f50,,687
walmart_1151,quality park antistatic fiberboard disk mailer white recycled 25 box,stationery & office machinery,,64126,16.97,quality park antistatic fiberboard disk mailer white recycled 25 box,,241
amazon_556,corsair cm2x2048-6400c5 xms2 2gb pc2-6400 800mhz 240-pin ddr2 cl5 desktop memory module,memory,corsair,cm2x2048-6400c5,29.7,corsair cm2x2048-6400c5 xms2 2gb pc2-6400 800mhz 240-pin ddr2 cl5 desktop memory module,,48
walmart_264,rubbermaid rotary desk organizer w supplies black,stationery & office machinery,rubbermaid,25001,21.94,rubbermaid rotary desk organizer w supplies black,,495
amazon_18602,national brand 20122 - rip proof 20-lb . college ruled reinforced filler paper letter we 100 sheets pk,storage presentation materials,national,,29.87,national brand 20122 - rip proof 20-lb . college ruled reinforced filler paper letter we 100 sheets pk,,280
amazon_1025,hp universal heavyweight coated paper 36 inches x 100 feet roll,roll paper,hp,q1413a,31.24,hp universal heavyweight coated paper 36 inches x 100 feet roll,,609
walmart_1694,haier ptheatre 4gb pocket theater mp3 player,mp3,,ptheatre,46.26,haier ptheatre 4gb pocket theater mp3 player,,366
walmart_2164,belkin f1dd104l soho 4-port dvi usb kvm switch,networking,belkin,f1dd104l,188.84,belkin f1dd104l soho 4-port dvi usb kvm switch,,423
amazon_17905,new-wilson jones s490 - visitor register book red hardcover 112 pages 8 1 2 x 11 1 2 - wljs490,laminating supplies,wilson jones,,72.0,new-wilson jones s490 - visitor register book red hardcover 112 pages 8 1 2 x 11 1 2 - wljs490,,706
amazon_16092,rca 22la45rq 22-inch 720p lcd tv - black,tvs,rca,22la45rq,169.0,rca 22la45rq 22-inch 720p lcd tv - black,,712
walmart_2192,garmin fishfinder 140 with 4.7-inch display and dual-beam transducer,fish finder,garmin,fishfinder 140,90.8,garmin fishfinder 140 with 4.7-inch display and dual-beam transducer,,436
walmart_2236,roocase executive portfolio leather case w 2 screen protector for blackberry playbook,electronics - general,roocase,220761,35.99,roocase executive portfolio leather case w 2 screen protector for blackberry playbook,,749
walmart_2083,cables unlimited sata ii 3gbps to esata cable with straight connectors,electronics - general,cables unlimited,flt-6600-39,9.82,cables unlimited sata ii 3gbps to esata cable with straight connectors,,503
walmart_1810,microsoft comfort optical mouse 3000 silver blue,mice,microsoft,d1t00011,19.95,microsoft comfort optical mouse 3000 silver blue,,104
walmart_2088,targus red tg-6660tr tripod with 3-way panhead,photography - general,targus,tg-6660tr,29.98,targus red tg-6660tr tripod with 3-way panhead,,196
amazon_17162,new-bankers box 00371 - super stor drawer file storage box letter steel plastic black white 6 carton - fel00371,storage presentation materials,bankers box,,,new-bankers box 00371 - super stor drawer file storage box letter steel plastic black white 6 carton - fel00371,,390
amazon_7615,royal px70mx cross cut shredder with cd shred,shredders,royal,px70mx,54.95,royal px70mx cross cut shredder with cd shred,,425
amazon_8962,ilive ibp391b portable app-enhanced boombox am fm radio with dock for iphone ipod,speaker systems,ilive,ibp391b,41.24,ilive ibp391b portable app-enhanced boombox am fm radio with dock for iphone ipod,,198
amazon_8356,master caster 00972 - big foot doorstop no-slip rubber wedge 2-1 4w x 4-3 4d x 1-1 4h gray 2 pack,laminating supplies,master caster,,,master caster 00972 - big foot doorstop no-slip rubber wedge 2-1 4w x 4-3 4d x 1-1 4h gray 2 pack,,377
amazon_1270,x-acto school pro heavy-duty electric sharpener 1670,office electronics accessories,x-acto,1670,33.4,x-acto school pro heavy-duty electric sharpener 1670,,787
amazon_7800,ocz technology revodrive 110 gb pci express 4 gb-s slim solid state drive oczssdpx-1rvd0110,computer components,ocz,oczssdpx-1rvd0110,264.99,ocz technology revodrive 110 gb pci express 4 gb-s slim solid state drive oczssdpx-1rvd0110,,598
amazon_14437,cooler master hyper 212 plus 120mm sleeve cpu cooler rr-b10-212p-g1,computers accessories,cooler master,rr-b10-212p-g1,27.66,cooler master hyper 212 plus 120mm sleeve cpu cooler rr-b10-212p-g1,,498
amazon_1120,gear head cf3000u dual-cool usb laptop cooling fan silver,computers accessories,gear head,cf3000u,14.17,gear head cf3000u dual-cool usb laptop cooling fan silver,,318
walmart_1109,tomtoim via 1505t,gps,tomtom,1en501902,179.95,tomtoim via 1505t,,805
amazon_12116,siig superspeed usb 3.0 to sata 2.5 enclosure ju-sa0912-s1,cables interconnects,siig,ju-sa0912-s1,19.53,siig superspeed usb 3.0 to sata 2.5 enclosure ju-sa0912-s1,,304
amazon_843,levelone indoor antenna 5dbi omni-directional,networking products,cp technology,oan-0501,16.99,levelone indoor antenna 5dbi omni-directional,,466
amazon_15575,roocase executive leather portfolio red case cover with stand for samsung galaxy tab tablet p1000 wi-fi 3g,cases sleeves,roocase,,25.0,roocase executive leather portfolio red case cover with stand for samsung galaxy tab tablet p1000 wi-fi 3g,,455
amazon_3856,file folder labels on mini-sheets 3-7 16 x 2 3,printer accessories,avery,,,file folder labels on mini-sheets 3-7 16 x 2 3,,23
amazon_16173,chicago bears ipod touch 4g hard case,computers accessories,tribeca,,29.99,chicago bears ipod touch 4g hard case,,338
walmart_932,da-lite dual vision tensioned cosmopolitan electrol - av format 10 x 10 diagonal,electronics - general,da-lite,84992,2735.99,da-lite dual vision tensioned cosmopolitan electrol - av format 10 x 10 diagonal,,50
amazon_15825,logitech wireless headset f540 with stereo game audio,accessories supplies,logitech,,119.99,logitech wireless headset f540 with stereo game audio,,395
amazon_11617,samsung 33-0525-05 samsung fasciantetm i500 oem multimedia dock,mounts,samsung,ecr-d985beg,12.9,samsung 33-0525-05 samsung fasciantetm i500 oem multimedia dock,,446
walmart_1535,mercury luggage executive computer backpack,handbags,mercury luggage,,56.99,mercury luggage executive computer backpack,,203
walmart_2229,kodak easyshare c1550 purple 16mp digital camera bundle w 5x optical zoom 3.0 lcd display w 50 bonus prints,digital cameras,kodak,c1550 prpl bndl,89.0,kodak easyshare c1550 purple 16mp digital camera bundle w 5x optical zoom 3.0 lcd display w 50 bonus prints,,250
walmart_102,panasonic kx-tga660b dect 6.0 plus digital cordless handset black,phones,panasonic,kx-tga660b,40.88,panasonic kx-tga660b dect 6.0 plus digital cordless handset black,,519
walmart_2000,bower ss2477 digital wrist strap grey,camera and camcorder accessories,bower,relaunch ss2477g,7.98,bower ss2477 digital wrist strap grey,,512
amazon_15462,sony npfh50 h series actiforce hybrid infolithium battery for most sony camcorders and a230 a330 and a380 alpha dslr retail packaging,camcorder batteries,sony,np-fh50,30.0,sony npfh50 h series actiforce hybrid infolithium battery for most sony camcorders and a230 a330 and a380 alpha dslr retail packaging,,452
amazon_6031,vantec nexstar mx nst-400mx-s2 dual 3.5-inch sata to usb 2.0 with jbod external hard drive enclosure black,hard drive enclosures,vantec,nst-400mx-s2,44.99,vantec nexstar mx nst-400mx-s2 dual 3.5-inch sata to usb 2.0 with jbod external hard drive enclosure black,,383
walmart_2007,flip ultra u1120 white camcorder 2 hour recording time 4gb 2nd generation,camcorders,flip video,u1120w,109.0,flip ultra u1120 white camcorder 2 hour recording time 4gb 2nd generation,,101
walmart_1976,swann alpha d5 - aio 19 h. 264 4 channel security camera dvr,computers,swann,swa49-d5,749.54,swann alpha d5 - aio 19 h. 264 4 channel security camera dvr,,68
amazon_21511,chief ltmu - fusion series micro-adjustable universal tilt wall mount for 37 - 63 screens w controlzone,tv mounts,chief,ltmu,163.04,chief ltmu - fusion series micro-adjustable universal tilt wall mount for 37 - 63 screens w controlzone,,509
walmart_1237,hp q2429a maintenance kit,printers,hp,q2429a,234.54,hp q2429a maintenance kit,,21
amazon_7149,epson amer matte presentation paper 27 lbs . matte 8-1 2 x 11 100 sheets pack,computers accessories,epson,,20.45,epson amer matte presentation paper 27 lbs . matte 8-1 2 x 11 100 sheets pack,,493
walmart_1476,garmin etrex summit hc handheld gps receiver 010-00633-00,handheld gps,garmin,010-00633-00,166.88,garmin etrex summit hc handheld gps receiver 010-00633-00,,116
amazon_5010,hewlettpkr 1 2 ultrium lto-3 cartridge 2200ft 400gb native 800gb compressed capacity,data cartridges,hp,,28.09,hewlettpkr 1 2 ultrium lto-3 cartridge 2200ft 400gb native 800gb compressed capacity,,724
amazon_14873,ihome portable speaker system for apple ipad iphone and ipod - silver model id9svc,speaker systems,ihome,id9svc,92.7,ihome portable speaker system for apple ipad iphone and ipod - silver model id9svc,,189
walmart_975,startech.com pex13943 4 port pcie 1394a firewire adapter card,electronics - general,startech,pex13943,34.88,startech.com pex13943 4 port pcie 1394a firewire adapter card,,145
walmart_1657,guardian flexstep antifatigue polypropylene rubber mat 24 x 36 black,home care,guardian,24020300,36.97,guardian flexstep antifatigue polypropylene rubber mat 24 x 36 black,,209
amazon_2675,netgear xav5001 powerline av 500 adapter,powerline network adapters,netgear,xav5001-100nas,69.99,netgear xav5001 powerline av 500 adapter,,195
amazon_21661,benq projector ms612st,video projectors,benq,9h . j4177 .14 e,,benq projector ms612st,,294
walmart_2071,lexar media ljdff8gbasbna 4gb jumpdrive firefly usb 2.0 flash drive,usb drives,lexar media,ljdff8gbasbna,16.57,lexar media ljdff8gbasbna 4gb jumpdrive firefly usb 2.0 flash drive,,728
amazon_6913,incipio smart feather case for apple ipad 2 - lime ipad-228,cases sleeves,incipio,ipad-228,29.18,incipio smart feather case for apple ipad 2 - lime ipad-228,,560
walmart_144,case logic 16 value laptop briefcase black,computers,case logic,vnci116black,22.0,case logic 16 value laptop briefcase black,,526
walmart_455,wanderlei silva mouse pad,mice,wincraft,15042010,18.99,wanderlei silva mouse pad,,717
walmart_1949,bic ecolutions mechanical pencil 0.7 mm black 24-count,stationery & office machinery,bic,mpep241-blk,7.29,bic ecolutions mechanical pencil 0.7 mm black 24-count,,321
walmart_1145,kodak easyshare m531 red 14mp digital camera w 3x optical zoom 2.7 lcd display w 50 bonus prints,digital cameras,kodak,m531 red,89.0,kodak easyshare m531 red 14mp digital camera w 3x optical zoom 2.7 lcd display w 50 bonus prints,,557
amazon_5883,magnavox mdv3000 f7 up conversion dvd player black,upconverting dvd players,magnavox,mdv3000/f7,37.54,magnavox mdv3000 f7 up conversion dvd player black,,658
walmart_584,iogear solar bluetooth caller announce hands-free car kit,electronics - general,iogear,gbhfk331,41.88,iogear solar bluetooth caller announce hands-free car kit,,259
walmart_1426,elite screens maxwhite vmax2 plus2 series 82 overall height ezelectric motorized screen - 92 diagonal,electronics - general,elite screens,vmax92xwv2,379.0,elite screens maxwhite vmax2 plus2 series 82 overall height ezelectric motorized screen - 92 diagonal,,33
walmart_498,t-mobile samsung sgh-t249 prepaid slider camera phone with bluetooth,prepaid wireless phones,t-mobile,t249,49.84,t-mobile samsung sgh-t249 prepaid slider camera phone with bluetooth,,8
walmart_848,clarion half-din graphic equalizer with built-in crossover,car stereos,clarion,eqs746,99.99,clarion half-din graphic equalizer with built-in crossover,,569
amazon_11829,lg infinia 42lv5500 42-inch 1080p 120 hz led hdtv with smart tv,tvs,lg,42lv5500,,lg infinia 42lv5500 42-inch 1080p 120 hz led hdtv with smart tv,,515
walmart_1602,buddy products dr. pocket steel 3-pocket wall file black,stationery & office machinery,buddy products,52104,51.94,buddy products dr. pocket steel 3-pocket wall file black,,245
walmart_518,seal shield ssk107 medical grade keyboard - dishwasher safe black usb,computers,seal shield,ssk107,30.84,seal shield ssk107 medical grade keyboard - dishwasher safe black usb,,190
amazon_21942,usb twin serial adapter,connectors adapters,keyspan,usa-28xg,64.24,usb twin serial adapter,,94
walmart_2165,targus rg0315c pulse backpack notebook case,computers,targus,,38.88,targus rg0315c pulse backpack notebook case,,376
walmart_941,logitech hd 720p webcam c310,electronics - general,logitech,960-000585,48.88,logitech hd 720p webcam c310,,109
walmart_496,case logic universal pocket - camouflage,mp3 accessories,case logic,122245,9.59,case logic universal pocket - camouflage,,389
walmart_1803,irispen express 6 usb pen scanner for pcs macs by iris,electronics - general,iris,usoa400,109.82,irispen express 6 usb pen scanner for pcs macs by iris,,521
amazon_14834,iogear mobile scribe digital pen with flash memory gpen300 black,keyboards mice input devices,iogear,gpen300,59.99,iogear mobile scribe digital pen with flash memory gpen300 black,,429
amazon_13747,ocz technology 60 gb vertex 2 series sata ii 2.5-inch solid state drive ssd oczssd22vtxe60g,camcorders,ocz,oczssd2-2vtxe60g,94.99,ocz technology 60 gb vertex 2 series sata ii 2.5-inch solid state drive ssd oczssd22vtxe60g,,169
walmart_2237,verbatim 4.7 gb 16x dvd-r whilte inkjet printable 50 packs spindle disc,mp3 accessories,verbatim,95079,16.14,verbatim 4.7 gb 16x dvd-r whilte inkjet printable 50 packs spindle disc,,355
amazon_10872,iomega 34508 esata dvr 1tb expander drive,computers accessories,iomega,34508,89.99,iomega 34508 esata dvr 1tb expander drive,,148
walmart_396,epson s041062 presentation paper,stationery & office machinery,epson,s041062,19.88,epson s041062 presentation paper,,493
walmart_1727,hp touchpad - touchstone charging dock stand,electronics - general,hp,,35.0,hp touchpad - touchstone charging dock stand,,615
walmart_2538,brother tn450 black toner cartridge high yield toner,printers,brother,tn450,48.88,brother tn450 black toner cartridge high yield toner,,713
amazon_14881,ihome ih16 portable speaker system for ipod gray,speaker systems,ihome,ih16gxc,40.99,ihome ih16 portable speaker system for ipod gray,,227
walmart_872,verbatim 95407 2gb secure digital card,usb drives,verbatim,95407,11.88,verbatim 95407 2gb secure digital card,,845
walmart_805,apricorn 250gb padlock 256-bit hardware-encrypted portable drive,computers,apricorn,a25-pl256-250,109.84,apricorn 250gb padlock 256-bit hardware-encrypted portable drive,,401
amazon_13282,verbatim 97017 4.7 gb up to 16x datalifeplus shiny silver recordable disc dvd-r 100-disc spindle tape wrap,dvd-r discs,verbatim,97017,29.89,verbatim 97017 4.7 gb up to 16x datalifeplus shiny silver recordable disc dvd-r 100-disc spindle tape wrap,,135
amazon_3740,panasonic sdr-s70s camcorder silver,camcorders,panasonic,sdr-s70s,181.95,panasonic sdr-s70s camcorder silver,,483
amazon_20461,flip ultra video camera - white 4 gb 2 hours 2nd generation old model,camcorders,flip video,u1120w,69.99,flip ultra video camera - white 4 gb 2 hours 2nd generation old model,,101
amazon_13583,sabrent sbt-cps2 usb to dual ps 2 converter cable adapter,computers accessories,sabrent,sbt-cps2,4.69,sabrent sbt-cps2 usb to dual ps 2 converter cable adapter,,81
amazon_20395,new-hp 51644c - 51644c hp 44 ink 1600 page-yield cyan - hew51644c,,hp,,48.1,new-hp 51644c - 51644c hp 44 ink 1600 page-yield cyan - hew51644c,,714
amazon_4509,ape case digital camera case with fold out wallet ac252,cases bags,norazza,ac252,18.48,ape case digital camera case with fold out wallet ac252,,359
amazon_12949,d-link dgs 1008p - switch - unmanaged - 8 x 10 100 1000 - desktop - poe,switches,d-link,1008p,132.0,d-link dgs 1008p - switch - unmanaged - 8 x 10 100 1000 - desktop - poe,,200
amazon_12746,lowrance 000-10236-001 elite tm -5 dsi fishfinder base,gps system accessories,lowrance,,744.1,lowrance 000-10236-001 elite tm -5 dsi fishfinder base,,346
walmart_2339,motorola atrix navigation dock with vpa,electronics - general,motorola,89456n,59.98,motorola atrix navigation dock with vpa,,719
amazon_11704,plantronics headset to usb adapter da40,accessories supplies,plantronics,da40,27.98,plantronics headset to usb adapter da40,,546
amazon_13251,western digital my passport essential se 750 gb usb 3.0 2.0 ultra portable external hard drive silver,external hard drives,western digital,wdbacx7500asl-nesn,79.0,western digital my passport essential se 750 gb usb 3.0 2.0 ultra portable external hard drive silver,,281
amazon_10048,acer iconia tab a500-10s32u 10.1-inch tablet aluminum metallic,tablets,acer,a500-10s32u,449.0,acer iconia tab a500-10s32u 10.1-inch tablet aluminum metallic,,680
amazon_16640,rubbermaid 25001 - rotary desk organizer with supplies 10 diameter x 13 3 8 black,gps system accessories,rubbermaid,,53.45,rubbermaid 25001 - rotary desk organizer with supplies 10 diameter x 13 3 8 black,,495
amazon_17258,new-tops 7532 - paper pads legal rule letter size canary 50 sheet pads dozen - top7532,storage presentation materials,tops,,32.77,new-tops 7532 - paper pads legal rule letter size canary 50 sheet pads dozen - top7532,,497
amazon_15304,audio unlimited spk-24gx 2.4 ghz wireless indoor outdoor stereo speaker with remote and dual power transmitter black,speakers,cables unlimited,spk-24gx,152.1,audio unlimited spk-24gx 2.4 ghz wireless indoor outdoor stereo speaker with remote and dual power transmitter black,,679
walmart_1875,tp-link tl-ant2409b 2.4 ghz 9dbi outdoor directional antenna,networking,tp link,tl-ant2409b,27.88,tp-link tl-ant2409b 2.4 ghz 9dbi outdoor directional antenna,,752
walmart_1262,manfrotto unica v dslr messenger bag,photography - general,manfrotto,mb-sm390-5bc,89.99,manfrotto unica v dslr messenger bag,,535
amazon_16331,guardian eg030504 - ecoguard indoor wiper mats rubber 36 x 60 charcoal,storage presentation materials,guardian,,,guardian eg030504 - ecoguard indoor wiper mats rubber 36 x 60 charcoal,,103
walmart_465,verbatim store n go superspeed usb 3.0 portable hard drive 500gb,hard drives,verbatim,97397,69.98,verbatim store n go superspeed usb 3.0 portable hard drive 500gb,,18
walmart_80,vaultz lock mobile file chest storage box letter legal black,stationery & office machinery,vaultz,vz01270,59.94,vaultz lock mobile file chest storage box letter legal black,,382
walmart_1987,iluv icc790blk universal windshield smartphone mount kit black,electronics - general,iluv,icc790blk,24.88,iluv icc790blk universal windshield smartphone mount kit black,,253
amazon_15780,kenwood kfc-6993ps 6-inch x 9-inch performance series 5-way speaker system,coaxial speakers,kenwood,kfc-6993ps,45.19,kenwood kfc-6993ps 6-inch x 9-inch performance series 5-way speaker system,,697
amazon_15367,targus truss case stand for apple ipad 16gb 32gb 64gb wifi 3g ipad 2 thz06103us black blue,cases sleeves,targus,for ipad 1 2,45.27,targus truss case stand for apple ipad 16gb 32gb 64gb wifi 3g ipad 2 thz06103us black blue,,709
amazon_14223,sony infolithium h series np-fh50 - camcorder battery li-ion 900 mah,camcorder batteries,sony,npfh50.ce,24.99,sony infolithium h series np-fh50 - camcorder battery li-ion 900 mah,,452
amazon_16295,new-alera va353624my - valencia series reversible return bridge shell 35w x 23-5 8d mahogany - aleva353624my,laminating supplies,alera,,,new-alera va353624my - valencia series reversible return bridge shell 35w x 23-5 8d mahogany - aleva353624my,,669
amazon_15015,green onions supply glossy screen protector for apple ipad,screen protectors,green,rt-spipad01,18.36,green onions supply glossy screen protector for apple ipad,,46
amazon_17573,new-weyerhaeuser company 85781 - multiuse premium paper 98 brightness 24lb 8-1 2 x 14 white 500 sheets ream - dmr85781,storage presentation materials,weyerhauser,,33.79,new-weyerhaeuser company 85781 - multiuse premium paper 98 brightness 24lb 8-1 2 x 14 white 500 sheets ream - dmr85781,,656
walmart_1365,los angeles lakers ipod touch 4g hard case,electronics - general,tribeca,fva4614,29.99,los angeles lakers ipod touch 4g hard case,,439
walmart_2394,western digital 750gb my passport essential se usb 3.0 silver portable hard drive,hard drives,western digital,wdbacx7500asl-nesn,96.98,western digital 750gb my passport essential se usb 3.0 silver portable hard drive,,281
amazon_9156,ematic ea103 universal ebook reader accessory kit,chargers,ematic,ea103,11.41,ematic ea103 universal ebook reader accessory kit,,659
amazon_6526,vaultz vz01270 - lock mobile file chest storage box letter legal black,camcorder batteries,vaultz,,,vaultz vz01270 - lock mobile file chest storage box letter legal black,,382
amazon_3590,sandisk 8gb microsd card sdsdq 008g a11m,blank media,sandisk,sdsdq-008g-a11m,5.59,sandisk 8gb microsd card sdsdq 008g a11m,,121
amazon_15122,electrified bl-fp230c sp .85 r01gc01 replacement lamp with housing for optoma projectors,,electrified,bl-fp230c,134.44,electrified bl-fp230c sp .85 r01gc01 replacement lamp with housing for optoma projectors,,7
amazon_15893,caselogic pls-13 neoprene 13.3-inch neoprene laptop sleeve black,laptop netbook computer accessories,case logic,pls-13 black,18.36,caselogic pls-13 neoprene 13.3-inch neoprene laptop sleeve black,,158
amazon_7624,roocase ultra slim red leather case cover with stand for lg g-slate 8.9-inch 4g android tablet wi-fi 4g,cases sleeves,roocase,,32.93,roocase ultra slim red leather case cover with stand for lg g-slate 8.9-inch 4g android tablet wi-fi 4g,,298
amazon_5192,xerox printers imaging unit phaser 6300 6350 108 r00645,printer ink toner,xerox,108r00645,253.79,xerox printers imaging unit phaser 6300 6350 108 r00645,,193
amazon_19268,new-6-device voice activated universal remote control - cl4702,accessories,rca,,42.21,new-6-device voice activated universal remote control - cl4702,,625
walmart_1305,allsop clingo universal hands free mount,electronics - general,allsop,30272,34.99,allsop clingo universal hands free mount,,84
walmart_1966,cables unlimited 15 usb 2.0 a to b cable clear,electronics - general,cables unlimited,usb-5010-05m,8.88,cables unlimited 15 usb 2.0 a to b cable clear,,413
walmart_1656,logitech m315 wireless optical mouse blue,mice,logitech,m315,19.88,logitech m315 wireless optical mouse blue,,11
amazon_18402,new-crown cs0035br - cross-over indoor outdoor wiper scraper mat olefin poly 36 x 60 brown - cwncs0035br,laminating supplies,crown,,92.0,new-crown cs0035br - cross-over indoor outdoor wiper scraper mat olefin poly 36 x 60 brown - cwncs0035br,,320
walmart_555,da-lite radio frequency wireless remote for horizon,electronics - general,da-lite,85566,629.99,da-lite radio frequency wireless remote for horizon,,722
walmart_2101,elite m150xwv1 screens manual projection screen,electronics - general,elite screens,m150xwv1,187.84,elite m150xwv1 screens manual projection screen,,558
amazon_8990,hp lto-1 ultrium 100 200gb 609m tape cartridge 1-pack c7971a,batteries,hp,,46.72,hp lto-1 ultrium 100 200gb 609m tape cartridge 1-pack c7971a,,472
amazon_1592,scosche snapshield p2 polycarbonate case ipad 2 - smoke ipd2pcbk,laptop netbook computer accessories,scosche,ipd2pcbk,,scosche snapshield p2 polycarbonate case ipad 2 - smoke ipd2pcbk,,408
walmart_983,hp cb278an hp 57 ink 500 page-yield tri-color,stationery & office machinery,hp,cb278an,50.05,hp cb278an hp 57 ink 500 page-yield tri-color,,611
amazon_5527,sharp electronics pw-e550 electronic dictionary,english dictionaries,sharp,pw-e550,68.65,sharp electronics pw-e550 electronic dictionary,,754
walmart_1292,national brand heavyweight reinforced 11 filler paper 100 sheets,stationery & office machinery,national products ltd.,20122,7.47,national brand heavyweight reinforced 11 filler paper 100 sheets,,280
amazon_2717,pro click mobile bluetooth wireless notebook mouse for mac pc -- sugar pink,mice,razer,rp01-00050106-r1m1,22.94,pro click mobile bluetooth wireless notebook mouse for mac pc -- sugar pink,,828
walmart_463,startech 1 dvi-i analog to 2x vga video splitter cable,electronics - general,startech,dvispl1vv,14.57,startech 1 dvi-i analog to 2x vga video splitter cable,,340
amazon_21503,lg 42lk450 42-inch 1080p 60 hz lcd hdtv,tvs,lg,42lk450,,lg 42lk450 42-inch 1080p 60 hz lcd hdtv,,465
amazon_16277,new-c-line 62097 - top-load polypropylene sheet protectors heavy gauge letter 200 box - cli62097,storage presentation materials,c-line,,39.0,new-c-line 62097 - top-load polypropylene sheet protectors heavy gauge letter 200 box - cli62097,,95
walmart_2381,sony 30mm 37mm wide end conversion lens,photography - general,sony,vclhge08b,75.38,sony 30mm 37mm wide end conversion lens,,474
walmart_2037,corsair xms2 4 gb 2 x 2 gb pc2-6400 800 mhz 240-pin ddr2 dual-channel memory kit - twin2x4096-6400c5,memory,corsair,twin2x4096-6400c5,74.82,corsair xms2 4 gb 2 x 2 gb pc2-6400 800 mhz 240-pin ddr2 dual-channel memory kit - twin2x4096-6400c5,,123
amazon_10899,incipio kaddy nylon kindle case black fits 6 display latest generation kindle,covers,incipio,ak-334,29.99,incipio kaddy nylon kindle case black fits 6 display latest generation kindle,,639
amazon_2949,iomega ego 500 gb usb 2.0 portable external hard drive 34945,computers accessories,iomega,34945,74.84,iomega ego 500 gb usb 2.0 portable external hard drive 34945,,804
walmart_1029,sparco products storage file box ltr string button cls 12 x24 x10-1 4 white,storage,sparco,,84.99,sparco products storage file box ltr string button cls 12 x24 x10-1 4 white,,254
walmart_715,i-tec t1274b istereo round sound docking station for ipod iphone,electronics - general,i-tec electronics,t1274b,79.88,i-tec t1274b istereo round sound docking station for ipod iphone,,524
walmart_559,da-lite deluxe hinged screen joining clamp for fast fold screens,electronics - general,da-lite,89518,31.99,da-lite deluxe hinged screen joining clamp for fast fold screens,,236
amazon_8042,42lv5500 42 class 1080p 120hz led tv with smarttv,tvs,lg,,1029.99,42lv5500 42 class 1080p 120hz led tv with smarttv,,515
walmart_528,wintec filemate 4gb swivel usb flash drive black,usb drives,wintec,3fmusb4gwb-r,7.84,wintec filemate 4gb swivel usb flash drive black,,420
amazon_5458,cyan toner cartridge for kx-mc6020 6040 high yield,printer ink toner,panasonic,kx-fatc506,81.57,cyan toner cartridge for kx-mc6020 6040 high yield,,368
walmart_1951,incipio ipod touch 4g feather hard shell case matte black,mp3 accessories,incipio,ip-909,23.75,incipio ipod touch 4g feather hard shell case matte black,,127
amazon_14169,logitech wireless mouse m315 nano steel blue,mice,logitech,m315,,logitech wireless mouse m315 nano steel blue,,11
amazon_5782,nokia ac-3u travel charger,wall chargers,nokia,,2.14,nokia ac-3u travel charger,,643
amazon_7679,powermat one-position mat with iphone 3g 3gs hard case,cases,power mat,pmm-1pb-b2,20.38,powermat one-position mat with iphone 3g 3gs hard case,,229
walmart_1477,actiontec megaplug 85mbps powerline ethernet adapter kit two-pack,networking,actiontec,hle0850001k,69.99,actiontec megaplug 85mbps powerline ethernet adapter kit two-pack,,571
walmart_1559,paper mate mechanical pencil starter set,stationery & office machinery,paper mate,1739312,4.87,paper mate mechanical pencil starter set,,139
amazon_16658,new-zax 87303 pro series composite audio video cable 3 m - 87303,cables interconnects,zax,,9.93,new-zax 87303 pro series composite audio video cable 3 m - 87303,,464
amazon_21798,clarion ccaaux female 3.5 mm stereo mini-jack to male rca extension cable with integrated cover,audio video accessories,clarion,ccaaux,23.99,clarion ccaaux female 3.5 mm stereo mini-jack to male rca extension cable with integrated cover,,585
amazon_3446,slr camera sling pack,cases bags,sumdex,poc-484bk,44.59,slr camera sling pack,,192
walmart_1908,middle atlantic designer inspired ultra quiet fan panel,tv accessories,middle atlantic,uqfp-4dra,525.0,middle atlantic designer inspired ultra quiet fan panel,,396
walmart_853,da-lite matte white concord designer manual screen - 70 x 70 av format,electronics - general,da-lite,76454,923.99,da-lite matte white concord designer manual screen - 70 x 70 av format,,691
amazon_10672,microsoft arc touch mouse - black,mice,microsoft,rvf-00001,35.36,microsoft arc touch mouse - black,,725
amazon_7601,samsung electronics ht-d5300 home theater system,dvd home theater,samsung,htd5300,,samsung electronics ht-d5300 home theater system,,172
walmart_1862,sony zx series stereo headphones white,electronics - general,sony,mdrzx100/whi,24.88,sony zx series stereo headphones white,,379
walmart_199,simplism silicone case set ipad brown,mp3 accessories,simplism,trscipadbren,33.0,simplism silicone case set ipad brown,,641
walmart_694,zyxel es1100-16 16-port fe unmanaged switch,networking,zyxel,es1100-16,50.88,zyxel es1100-16 16-port fe unmanaged switch,,796
walmart_770,gear head 2.4 ghz wireless mini touchpad usb keyboard black,electronics - general,gear head,kb3800tpw,37.82,gear head 2.4 ghz wireless mini touchpad usb keyboard black,,66
amazon_12733,manhattan 150705 superspeed usb to sata adapter,computers accessories,manhattan,150705,41.84,manhattan 150705 superspeed usb to sata adapter,,110
walmart_1701,smead folders front interior pocket straight end tab letter manila 50 box,stationery & office machinery,,24117,45.94,smead folders front interior pocket straight end tab letter manila 50 box,,426
amazon_19976,night owl security products cam-cm01-245 wired color security camera with 60 of cable,bullet cameras,night owl optics,cam-cm01-245,39.99,night owl security products cam-cm01-245 wired color security camera with 60 of cable,,543
walmart_1508,canon cli-226 cyan ink tank,printers,canon,4547b001,13.97,canon cli-226 cyan ink tank,,672
amazon_11435,startech.com pci express to pci riser card x1 for intel 1u ipc server pex1pci1r,computer components,startech,pex1pci1r,46.34,startech.com pci express to pci riser card x1 for intel 1u ipc server pex1pci1r,,44
amazon_19291,lenovo performance backpack - notebook carrying backpack - 15.4,,lenovo,41u5254,24.98,lenovo performance backpack - notebook carrying backpack - 15.4,,711
walmart_903,scosche 1974-up ford chrysler jeep multi-purpose kit including 1999-up grand cherokee,automotive - general,scosche,fcj1276ab,11.37,scosche 1974-up ford chrysler jeep multi-purpose kit including 1999-up grand cherokee,,166
walmart_818,incipio ipod touch 4g silicrylic hard shell case with silicone core all black,mp3 accessories,incipio,ip-904,28.5,incipio ipod touch 4g silicrylic hard shell case with silicone core all black,,597
amazon_11714,pioneer cd-iu50v usb interface cable for ipod iphone,mp3 player cables adapters,pioneer,cd-iu50v,21.99,pioneer cd-iu50v usb interface cable for ipod iphone,,232
amazon_13258,wacom intuos4 medium pen tablet,graphics tablets,wacom,ptk640,,wacom intuos4 medium pen tablet,,61
walmart_491,pioneer adtva133 2-din installation kit,car stereos,pioneer,adt-va133,41.88,pioneer adtva133 2-din installation kit,,776
walmart_356,epson t008201 color ink cartridge for stylus color 780 870 875 dc 875dcs and 890,printers,epson,t008201,20.84,epson t008201 color ink cartridge for stylus color 780 870 875 dc 875dcs and 890,,506
amazon_9151,ep memory 16 gb usb 2.0 mobile swingdrive flash drive ep memorysw 16gb-2 .0,usb flash drives,ep memory,epsw/16gb -2.0,23.94,ep memory 16 gb usb 2.0 mobile swingdrive flash drive ep memorysw 16gb-2 .0,,813
amazon_1397,tomtom one carrying case,cases,tomtom,9n00 .181,4.99,tomtom one carrying case,,530
walmart_1512,uniden d1680 dect 6.0 with caller id and call waiting,electronics - general,uniden,d1680,33.84,uniden d1680 dect 6.0 with caller id and call waiting,,547
amazon_12544,cobra hg s300 highgear external noise-cancelling speaker,speakers,cobra,hg s300,17.03,cobra hg s300 highgear external noise-cancelling speaker,,624
walmart_916,iogear smartlink usb 2.0 adapter,networking,iogear,gun262wv,16.23,iogear smartlink usb 2.0 adapter,,422
walmart_1242,gear head 2.4 ghz wireless optical nano mouse black,mice,gear head,mp2800blk,15.82,gear head 2.4 ghz wireless optical nano mouse black,,701
walmart_2219,kensington wrist pillow foam keyboard platform wrist rest black,electronics - general,kensington,34801,22.0,kensington wrist pillow foam keyboard platform wrist rest black,,545
