id,brand,title,description,price,priceCurrency,cluster_id,label,unseen
53380330,,Garmin Fenix 5S Plus GPS Multisport Watch with HR - Black,,479,GBP,23040,23040,False
7916004,,Kingston Canvas 32GB Micro SDHC C10 U1,,17.95,USD,595102,595102,False
28179113,Hydro Flask,Hydro Flask 21oz Standard Mouth Flex Cap Olive,,32.95,USD,1446023,1446023,False
29688470,,Fujifilm instax mini film Rainbow 10 Sheets,"¡°instax mini¡± film is for all instax mini cameras and comes in a handy cartridge. It offers stunning instant pictures that you can fit into a purse, wallet or mini photo frame. instax film ensures sharp, clear reproduction, vivid color and natural skin tones.",199.00,ZAR,1374090,1374090,False
8680758,,Samsung MZ-V7S250 M.2 250 GB PCI Express 3.0 V-NAND MLC NVMe,"250GB, M.2, PCIe Gen 3.0 x 4, NVMe 1.3",107.78,EUR,993500,993500,False
51984550,Fujifilm,Fujifilm Instax Mini Monochrome Film (10 Pack),This Fuji Instax Mini Monochrome Film (10 Pack) allows you to be more creative with your Fujifilm Instax Instant Camera and explore life in black and white.,175.00,ZAR,165928,165928,False
23809182,,Samsung 970 EVO MZ-V7E500BW 500GB PCI Express Internal Solid State Drive,Staples.com: Samsung 970 EVO MZ-V7E500BW 500GB PCI Express Internal Solid State Drive with fast and free shipping on select orders.,90.99,USD,1929047,1929047,False
23836667,Blaze,"Blaze Built-In Natural Gas Grill with Lights (BLZ-4LTE-NG), 32-inch","Blaze introduces an affordable commercial style grill that was designed with your outdoor BBQ desires in mind. Blaze gas grills feature precision cut, 304 stainless steel components which bring the promise of lasting durability to your outdoor BBQ! This model takes things to the next level with it's signature SRL led accent lights and integrated halogen hood lighting. Blaze gas grills have a lifetime warranty that warrants against any defects in the manufacturing and workmanship of the main burners, cooking grids, body, flame tamers, heat zone separators, warming rack, and control valves. While ignition, electronic, and lighting systems are covered for one (1) year after the date of purchase.",1649.99,USD,1435805,1435805,False
53099378,,Zegarek Omega Seamaster Planet Ocean 600M Co-Axial Chronograph 45.5mm 215.30.46.51.01.001,Zegarek m?ski Omega Seamaster Planet Ocean 600M Co-Axial Chronograph 45.5mm215.30.46.51.01.001,28 413z?,PLN,27649829,27649829,False
85554698,,RAM Short Composite Clamp Arm B Size (RAP-B-201U-A),"Included:1 x RAM Short Composite Clamp Arm B Size (RAP-B-201U-A)The RAP-B-201U-Ashort length (6cm) plastic double socket arm features a socket at both endssuitable for B Size (1"") balls. RAM's socket technology allows for almost infinite adjustment to achieve the perfect viewing angle.SpecificationsMaterial:High Strength CompositeBall Size:1"" Rubber Ball ""B"" SizeLifetime WarrantyOverall Length: 2.42""Socket-To-Socket Length: 1.75""This item is high strength composite plastic. For aluminium check out theRAM-B-201U-A.Note:The ""U"" in the part number reflects product packaged in poly bag.Help(Product packaged in poly bag.)",16.25,AUD,3656260,3656260,False
64888074,,ROG Strix X570-F Gaming Socket AM4 ATX AMD X570,"Processor manufacturer: AMDCompatible processor series: AMD Ryzen 3 3rd Gen, 2nd Generation AMD Ryzen? 3, 2nd Generation AMD Ryzen? 5, 3rd Generation AMD Ryzen 5, 2nd Generation AMD Ryzen? 7, 3rd Generation AMD Ryzen 7, 3rd Generation AMD Ryzen 9Maximum number of SMP processors: 1Processor socket: Socket AM4Maximum resolution: 4096 x 2160 pixelsParallel processing technology support: 2-Way SLI, 3-Way CrossFireX, 2-Way CrossFireXMotherboard chipset: AMD X570Audio chip: SupremeFX S1220AAudio output channels: 7.1 channelsMotherboard form factor: ATXMotherboard chipset family: AMDComponent for: PCWindows operating systems supported: Windows 10 Education x64, Windows 10 Enterprise x64, Windows 10 Home x64, Windows 10 Pro x64, Windows 10 x64Maximum internal memory: 128 GBUnbuffered memory: YMemory channels: Dual-channelSupported memory types: DDR4-SDRAMNumber of memory slots: 4Memory slots type: DIMMWidth: 305 mmDepth: 244 mmLAN controller: Intel? I211-ATWake-on-LAN ready: YWi-Fi: NEthernet LAN: YEthernet interface type: Gigabit EthernetUSB 2.0 connectors: 2USB 3.2 Gen 1 (3.1 Gen 1) connectors: 1Number of SATA III connectors: 8Front panel audio connector: YATX Power connector (24-pin): YCPU fan connector: YNumber of chassis fan connectors: 2Front panel connector: YTPM connector: YNumber of EATX power connectors: 1USB 3.2 Gen 2 (3.1 Gen 2) connectors: 1RGB LED pin header: Y12V power connector: YBIOS type: UEFI AMIBIOS memory size: 256 MbitACPI version: 6.2Clear CMOS jumper: YSystem Management BIOS (SMBIOS) version: 3.2Cables included: SATADrivers included: YSupported storage drive interfaces: Serial ATA IIIRAID levels: 0, 1, 10S/PDIF out port: YDisplayPorts quantity: 1DisplayPort version: 1.2Ethernet LAN (RJ-45) ports: 1Digital audio optical out: 1USB 3.2 Gen 1 (3.1 Gen 1) Type-A ports quantity: 5, 4USB 3.2 Gen 2 (3.1 Gen 2) Type-A ports quantity: 3HDMI ports quantity: 1USB 3.2 Gen 2 (3.1 Gen 2) Type-C ports quantity: 1HDMI version: 2.0bNumber of M.2 (M) slots: 2Quick installation guide: Y",2768.50,DKK,80156,80156,False
43443246,RAM,UNPKG RAM DBL SOCKET ARM B BALL A LENGTH,,22.00,EUR,394619,394619,False
84771715,,Length double socket arm- RAM,"The RAM-B-201U-A, short double socket arm, has a socket at both ends that accommodates 1"" ball bases. RAM socket technology allows for almost infinite adjustment and perfect viewing angles.","10,83 ",EUR,394619,394619,False
80240194,,Kingston 32GB SDS2 Canvas Select Plus SD card Class10 UHS-I Flash Memory 80MB/s Read 10MB/s Write Full HD Photo Video Camera Waterproof Shock Proof,"Kingston 32GB SDS2 Canvas Select Plus SD card Class10 UHS-I Flash Memory 80MB/s Read 10MB/s Write Full HD Photo Video Camera Waterproof Shock Proofapacities232 GBPerformance1100 MB/s Read (32 GB-64 GB)Dimensions24 mm x 32 mm x 2.1 mmFormatFAT32 (32 GB), exFAT (64 GB-512 GB)Operating temperature-25 ¡ãC~85 ¡ãCStorage temperature-40 ¡ãC~85 ¡ãCVoltage3.3 VWarranty/support3 YearsKingston 32GB SDS2 Canvas Select Plus SD card Class10 UHS-I Flash Memory 80MB/s Read 10MB/s Write Full HD Photo Video Camera Waterproof Shock ProofWarranty: 12 months Size: 24x32x21 mm Weight: 0.1 Kg",17.08,AUD,1980656,1980656,False
31517280,Kingston,Kingston 4GB DDR3 1866MHz HyperX Fury Black Series,"DDR3, 4GB, 1866MHz, CL10",8829.04,HUF,1877306,1877306,False
54637257,,"SIGMA35mm/1.4 DG HSM | ART [Canon EF-mount]E67>  80,- cashback (geldig t/m 30 september 2020)",,,,704991,704991,False
42030416,,"LaCie Rugged IP54 2TB 2.5"" HDD Thunderbolt3 & /USB3.1 Type C w/integrated cable",,209,EUR,114602,114602,False
89749927,,Fujifilm 16531958 instant picture film 54 x 86 mm 10 pc(s),This single pack of FUJIFILM INSTAX Mini Monochrome Instant Film contains 10 sheets of instant black & white film that is compatible for use with the FUJIFILM INSTAX Mini series of cameras or INSTAX SHARE printers. This film features neutral gray tonality and normal contrast with natural shadow and highlight response when used under daylight or electronic flash lighting conditions. A refined grain structure provides high image sharpness and clarity as well as a versatile ISO 800 film speed for use with a wide variety of subjects. Each sheet of film produces a 2.4 x 1.8 glossy image area that is surrounded by a simple white border. Quick instant developing is possible when working in temperatures between 41-104?F. Product Feature? For FUJIFILM INSTAX Mini Cameras? Credit Card-Sized Prints? ISO 800/30?? Daylight-Balanced Film? Glossy Surface Type? Neutral Tonality and Normal Contrast? Excellent Sharpness and Grain StructureFeaturesColour of productWhiteISO sensitivity800,17.12,GBP,165928,165928,False
14864012,,MICRO SD - 128GB CLASS10 + ADATTATORE - KINGSTON SDCS/128GB,MICRO SD - 128GB CLASS10 + ADATTATORE - KINGSTON SDCS/128GB,23.90,EUR,854253,854253,False
68284224,,"RAM Composite Short Double Socket Arm for 1"" Balls","The RAP-B-201U-A, short double socket arm, has a socket at both ends that accommodates 1"" ball bases. This socket technology allows for almost infinite adjustment and perfect viewing angles.(This product does not include single spring)SpecificationsDimensions:Overall Length: 2.38""Socket-To-Socket Length: 2""Material: High Strength CompositeBall: B size 1"" rubberAccessoriesCompatibilityRelated ItemsNotesNote: The ""U"" in the part number reflects product packaged in poly bag.InstructionsVideos Warranty RAM Warranty",1.595E1,AUD,3656260,3656260,False
1901504,Hydro Flask,Hydro Flask Wide Mouth Drink Bottle - 946ml Hibiscus Flex Cap,Hydro Flask Wide Mouth Drink Bottle 946ml Hibiscus Flex Cap Available now for fast delivery. Same day dispatch. Free Shipping available. Lowest prices guaranteed.,64.00,AUD,929657,929657,False
43224065,,Seamaster Planet Ocean 600M Omega Co?Axial Master Chronometer 45.5 mm,,87600,SEK,27649829,27649829,False
66020255,,Omega Seamaster 215.30.46.51.03.001,,,,2193117,2193117,False
53299737,,"Johnnie Walker Blue Label Premium Scotch Whisky 40% vol. 0,7l",,155.82,EUR,56750,56750,False
89002970,,"Kingston HX316C10FK2/8 (DDR3, 2x 4 Gb, 1600 , CL10-10-10, DIMM)",,3630,RUB,288081,288081,False
52216082,Samsung,Samsung 970 EVO PLUS 2TB M.2 PCIe High Performance NVMe SSD/Solid State Drive,"2TB Samsung 970 EVO Plus, M.2 (2280) PCIe 3.0 (x4), NVMe SSD, MLC V-NAND, 3500MB/s Read, 3300MB/s Write, 620k/560k IOPS",388.99,GBP,1365371,1365371,False
23220008,,Samsung 970 EVO Plus Series 500GB PCIe NVMe-M.2 Internal SSD,Samsung 970 EVO Plus Series 500GB PCIe NVMe-M.2 Internal SSD,205.99,CAD,416703,416703,False
20148664,,Sigma ART 50mm f/1.4 DG HSM Lens for Canon,,1099.99,CAD,75956,75956,False
43900336,,"Kingston HyperX FURY schwarz DIMM Kit 8GB, DDR3-1600, CL10",CL10,41.44,EUR,702149,702149,False
75937316,,Cruzer Force USB flash drive 16 GB USB Type-A 2.0 Chrome,Product colour: ChromeForm factor: CapHousing material: MetalSecurity algorithms: 128-bit AESFingerprint reader: NPassword protection: YPIN-secured access: NOperating temperature (T-T): 0 - 45 ¡ãCStorage temperature (T-T): -10 - 70 ¡ãCWidth: 34.4 mmDepth: 12 mmHeight: 7.4 mmDevice interface: USB Type-AWindows operating systems supported: YMac operating systems supported: YMac compatibility: YUSB version: 2.0Plug and Play: YCapacity: 16 GB,57.00,DKK,199603,199603,False
16319132,,Sigma 35mm f/1.4 DG HSM Art Lens Canon,67mm Filter Size f/1.4 Aperture N/A Stabilized Canon EF Mount FIRMWARE UPDATE via Sigma Optimization Pro* The Sigma 35mm 1.4 DG HSM is a state of the art lens designed for full frame cameras but can also be used with APS-C sensors as well. The first addition to the Art...,699.00,USD,704991,704991,False
37805233,,USB 3.0 FLASH DRIVE 32GB SANDISK,,12.99,EUR,292826,292826,False
18451047,,SANDISK 32GB CZ73 ULTRA FLAIR USB3.0 FLASH DRIVE-WRTY 5YRS W/DISTRIBUTOR,Warranty : 5 Years with Local Distributor - Convergent,8.50,SGD,292826,292826,False
33760207,FUJIFILM,Fujifilm Instax Square Film (Plain 10's x2),For FUJIFILM INSTAX SQUARE CamerasBlack Frame BordersColorful Star-Like Pattern2.4 x 2.4,90.0,MYR,300521,300521,False
13469096,,"8ch, PoC, Hikvision DVR, up to 4MP TVI camera supported","8ch DVR, up to 4MP cameras supported(TVI/AHD, 2MP max for CVI) Power over Coax (PoC) model, allows the cameras to be powered by the DVR along the coax, no power pair required. Can be used with CAT5/6 UTP cable when used with our PoC video Baluns (product code - BAL01P-POC) Auto-detects whether the camera is PoC or not. Support HDTVI/AHD/CVI/CVBS/IP video input 1080p and 4MP Lite resolution recording Supported @12fps H.265 Pro+/H.265 Pro/H.265 video compression Up to 12 x cameras supported, 8 x HD-analogue + 4 x IP or up to 12 x IP Up to 10 TB capacity per HDD, 2 x HDD supported 1 x Audio input supported 4ch Line crossing supported Dimensions (W ¡Á D ¡Á H), 380 ¡Á 320 ¡Á 48 mm",114.00,GBP,28399,28399,False
60131715,Samsung,Samsung Solid State Drive 970 EVO Plus NVMe M.2 500GB - MZ-V7S500B/AM,"Featuring Samsung's latest V-NAND technology and a newly enhanced Phoenix controller, Samsung 970 EVO Plus Series NVMe M.2 SSDs deliver outstanding performance in Non-Volatile Memory Express (NVMe), with exceptionally fast sequential speeds outperforming",,,416703,416703,False
22638951,,HyperX Fury Blue 4GB [1x4GB 1600MHz DDR3 CL10 DIMM],,1.099E2,PLN,836466,836466,False
8122688,,Sigma 105mm f1.4 DG HSM ART lens for Canon EOS,,1229.00,,2161920,2161920,False
77697394,,RAM? Double Socket Arm C Ball B Length,"C Size 1.5"" Rubber BallCapacity: up to 1.8 kgPowder Coated Marine Grade Aluminum",28,EUR,93315,93315,False
28089276,Hydro Flask,Hydro Flask Standard Mouth Drink Bottle - 621ml Black Flex Cap,Hydro Flask Standard Mouth Drink Bottle 621ml Black Flex Cap Available now for fast delivery. Same day dispatch. Free Shipping available. Lowest prices guaranteed.,49.00,AUD,1558854,1558854,False
74155521,,Asus GeForce RTX 2060 Super Turbo Evo 8GB GDDR6 2*HDMI/2*DP PCi Ex 3.0 16x,Asus GeForce RTX 2060 Super Turbo Evo 8GB GDDR6 2*HDMI/2*DP PCi Ex 3.0 16x,491.00,EUR,320546,320546,False
52086898,RAM,RAM Long Double Clamp for B Size(RAM-B-201U-C),"RAM? Long Length Double Socket Arm for B Size 1"" BallsProvides an extended reach with an overall length of 6"" and a socket-to-socket length of 5.31""Attaches to any B size RAM? ball component, including mounting bases and device holders; double ball and socket technology allows for near-infinite adjustability of your RAM? mounting systemMade of powder-coated, marine-grade aluminum for durability and reliability in the most demanding environmentsBacked by a lifetime warrantyThe RAM-B-201U-C consists of a long double socket arm that accommodates 1"" B size ball bases, device holders, and adapters. With an overall length 6"",this is the longest B size RAM? double socket arm size and adds more reach to your favorite mounting solution. The easy to adjust knob allows fornear-infinite adjustability for your connected device.The standard clamp is RAM-B-201 (RAM-B-201).",33.00,AUD,1366684,1366684,False
85704324,,0000128899| Sigma 50mm f/1.4 DG HSM Art for Nikon,0000128899| Sigma 50mm f/1.4 DG HSM Art for Nikon,"1,288.99",AUD,393711,393711,False
71348936,HYDRO FLASK,HYDRO FLASK HYDRO FLASK 32OZ WIDE MOUTH BOTTLE-SUNFLOWER,"Big enough for a whole day on the river or trails, the Hydro Flask 32 oz Wide Mouth Bottle is made with professional-grade stainless steel and a wider opening for faster fill. The Color Last? powder coat is dishwasher safe for even more convenience. Cold",44.95,USD,489587,489587,False
78253269,,Ladies Daniel Wellington Sheffield Rose 36mm Watch DW00100036,Daniel Wellington Sheffield Rose 36mm DW00100036 is an incredible attractive Ladies watch. Material of the case is PVD rose plating and the Cream dial gives the watch that unique look. 30 metres water resistancy will protect the watch and allows it to be worn in scenarios where it is likely to be splashed but not immersed in water. It can be worn while washing your hands and will be fine in rain. The watch is shipped with an original box and a guarantee from the manufacturer.,149.00,GBP,48610,48610,False
6214990,,"RAM 6"" Double Socket Arm for 1"" Ball Bases","The RAM-B-201U-C RAM 6"" Double Socket Arm for 1"" Ball Bases from the RAM Mount Arms range is professionally powder coated with marine grade aluminum. It is built with a socket at either end, allowing for ball bases approximately 1¡±. The ball and socket connection can easily be pivoted with a spring within the arm that releases each of the end sockets, allowing for maximum adjustment potential.",$17.40 (AUD),AUD,1366684,1366684,False
86862565,,Pendrive Sandisk Cruzer Force 16 GB - SDCZ71-016G-B35,,21.90,PLN,199603,199603,False
75776258,,Blaze 40-Inch Grill Cart For Traditional/LTE Gas Grills,"Blaze Grill Cart For 40-Inch Traditional/LTE Gas GrillsThis Blaze stainless steel grill cart is specifically designed to house the Blaze 40-Inch 5 burner gas grill. The two stainless steel side shelves keep your BBQ tools at hand and provide a convenient work area while you cook.The Blaze grill cart also features two front doors with rounded handles to access the cabinet below the grill where you can store your propane tank, grill cover, and BBQ accessories.GRILL OVERVIEWStainless steel construction is durable in outdoor conditionsAdds practical storage for your BBQ accessories2 side shelves provide a convenient work area while grilling4 heavy duty casters allow you to reposition the grill as neededHolds BLZ-5-NG/LP and BLZ-5LTE2-NG/LP grill modelsSpecifications: Configuration: On Cart Size: 40 Inches Exterior Material: Stainless Steel Work Area: Yes Number of Side Shelves: 2 On Wheels: Yes Dimensions: 35 1/2¡å H x 63 3/8¡å W x 22 1/8¡å D Warranty: LifetimeAdditional Dimensions:Cart without Shelves - 35 5/8"" H x 41 3/8"" W x 22"" DSingle Shelf Dimensions - 11"" W x 22"" DPhysical Door Opening - 18 1/2 "" H x 36 1/8"" WBlaze Grill Cart For 40-Inch Traditional/LTE Gas Grills Installation ManualLifetime warranty to the original owner against defects in manufacturing and workmanship. This warranty extends to the original purchaser against manufacture defects for products purchased for ordinary single-family home use.",514.99,USD,4325250,4325250,False
5089485,Sigma,Sigma 105mm f1.4 DG HSM I Art Lens- Canon fit,"105mm F1.4 DG HSM | ATHE ¡°BOKEH MASTER¡±Category:Lenses, Telephoto Lenses, USB Dock CompatibleClass:ArtTypical Photography:Creative, Wedding & Events, Portrait, Sports & Action, SpecialtyOptical system delivering unsurpassed F1.4 performanceExceptional peripheral brightnessDust and splash-proof structureCompatible with full-frame Sony E-mount camerasCompatible with Canon Lens Aberration Correction",965.83,GBP,2161920,2161920,False
94788371,,Instax Mini Rainbow Film 10 Pack,Brighten the place up with this pack of rainbow coloured film! Top tip: one of these would look fab in our Instax Mini Acrylic Photo Block!Includes pack of 10 shots,14.99,GBP,1374090,1374090,False
98589662,SIGMA,Sigma 35mm f/1.4 DG HSM Art Lens for Nikon DSLR Cameras,"Aperture Range: f/1.4-16Hyper Sonic Motor (HSM)Floating Internal Focus SystemMinimum Focusing Distance: 11.8¡åAnti-Flare Super Multi-Layer CoatingSpecial & ¡°F¡± Low Dispersion ElementsFront Filter Thread Diameter: 67mm9x Circular Aperture BladesCompatible with Sigma USB DockSigma 35mm f/1.4 overviewThe 35mm f/1.4 DG HSM Art Lens for Nikon DSLR Cameras from Sigma is the first entry into Sigma's Art series of professional lenses, with an emphasis on artistic expression and the creative potential of the lens. With a bright f/1.4 maximum aperture, floating inner focusing system, and Hyper Sonic Motor (HSM) you'll have quick and accurate control over the artistic effects achieved by the lens' high quality elements.For wide angle photography, this 35mm lens and its circular 9-bladed f/1.4 aperture ensure excellent brightness and blurred background (bokeh) effects. The Super Multi-Layer Coating reduces flare and ghosting and provides sharp and high contrast images even in backlit conditions.The lens' Hyper Sonic Motor (HSM) and floating inner focusing system ensure that you experience quick, quiet and precise autofocusing whenever you need it. Adjust focus using either autofocus (AF), or full-time manual focus, without having to switch camera modes or change settings - just flick the switch from AF to MF.For greater build quality and strength, all metallic parts and the new Thermally Stable Composite compound material (TSC), are housed internally. Its brass made bayonet mount has both high accuracy and durability, and a special treatment is applied to its surface giving it greater strength and making it highly resistant to long-term daily use.Aperture Range: f/1.4-16With a bright maximum aperture of f/1.4 this lens allows you to capture images with beautiful defocused background bokeh effects in darker conditions - using faster shutter speeds and lower ISO sensitivities.Hyper Sonic Motor (HSM)This lens' motor is driven by ultrasonic waves to provide quiet, high speed autofocus. This Hyper Sonic Motor (HSM) ensures high speed and quiet AF as well as full-time manual focus override by rotating the focus ring.Floating Internal Focus SystemFor stable focusing, this lens moves its inner lens groups without changing the lens length. It also compensates for astigmatic aberration and provides extremely high optical performance for close-up photos.Minimum Focusing Distance: 11.8""This lens has a minimum focusing distance of 11.8"" so you can capture wide-angle close-ups from nearly a foot away.Anti-Flare Super Multi-Layer CoatingThis lens' coatings reduce lens flare, internal reflections and light scattering that can occur between the surfaces of its glass elements.USB Dock & SIGMA Optimization Pro SoftwareBecause of its redesigned series of lenses, Sigma developed proprietary software (SIGMA Optimization Pro) and an optional USB docking system that allows you to update the lens' firmware and adjust its parameters such as focus. The 35mm f/1.4 DG HSM A1 Lens is compatible with the USB Dock.Special & ""F"" Low Dispersion ElementsThis lens incorporates ""F"" Low Dispersion (FLD) glass elements, which have performance equal to that of fluorite, and Special Low Dispersion (SLD) glass elements. By optimizing the power alignment of the lens, chromatic aberration has been corrected, achieving high image quality through the entire focusing range.DG Lens for Digital & 35mm Film SLRsThis is a large-aperture lens with wide angles and a short minimum focusing distance. Because of its great peripheral illumination, or lack of vignetting, it is an ideal lens for DSLR Cameras and traditional 35mm SLRs alike.Sigma's Artistic A-Series LensSigma has organized all of its interchangeable lenses into three product lines: Contemporary, Art and Sports. The Art line delivers high-level artistic quality with a focus on sophisticated optical performance and abundant expressive power. The SIGMA 35mm f/1.4 DG HSM is the first lens from the Art line. Developed with an emphasis on artistic touch, Sigma's Art line lenses are designed to meet the expectations of users who value a creative, dramatic outcome above compactness and multifunction.Front Filter Thread Diameter: 67mmThe 67mm front filter thread is fixed, allowing rotating polarizing filters to be used with the lens.9x Circular Aperture BladesWith nine circular blades, the lens' diaphragm delivers very pleasant, soft bokeh background effects.Brass Bayonet MountThis lens incorporates a brass made bayonet mount which has both high accuracy and durability. A special treatment to reinforce it is applied to the surface, giving it greater strength and making it highly durable for long-term use.Ease Of UseFor better usability, the designs of the lens cap and AF/MF switch have been improved, as well as the rubberized lens hood attachment. In order to ensure accuracy and precision, all metallic parts and the new Thermally Stable Composite material are housed internally.Quality Control & Sigma's MTF ""A1"" Measuring SystemSigma used to measure lens performance with the standard MTF (modulation transfer function) measuring system, using conventional sensors. However, they have since developed a proprietary MTF measuring system - dubbed ""A1"" - using 46MP resolution Foveon direct image sensors. Previously undetectable high-frequency details are now within the scope of their quality control inspections.",0.0,USD,900968,900968,False
25830913,,RAM HyperX Fury Black DDR3 1600MHz 2 x 4Go,MEM D3 1600 8G 2x4G *HyperX Fury Black* HX316C10FBK2/8 *0420,71.28,EUR,702149,702149,False
65140446,Hiper X,Memoria RAM CL10 Kingston HyperX Fury 4GB 1866 MHz [HX318C10FB/4],QP-P01-280319,359.00,GTQ,1877306,1877306,False
7900674,Sigma,Sigma 50mm f1.4 DG HSM Art Nikon Fit Lens,"The Sigma 50mm f1.4 DG HSM A Nikon fit is a high-performance, large aperture lens that joins the Art line within Sigma's Global Vision series, ideally suited for creative and artistic applications for photo and video use. Designed with a focus on sophisticated optical performance, this fast standard-length prime employs Special Low Dispersion (SLD) glass and Sigma's Hyper Sonic Motor (HSM) system to achieve fast, silent AF and the highest resolution in the focus point and exceptional rendering performance, even near the edge of the image. Furthermore, the lens firmware and adjustment parameters such as focus can be updated with the use of the Sigma USB Dock (available separately)",569.00,GBP,393711,393711,False
34826703,,AF-S 24¨C85mm F/3.5¨C4.5G ED VR,A high quality G-type standard zoom lens.,999.00,BAM,21809,21809,False
34146981,,Garmin fenix 5S Plus - Silver with black band,,4.5E2,EUR,23040,23040,False
36658258,SAMSUNG ELECTRONICS GMBH,M.2 1TB Samsung 970 EVO NVMe PCIe 3.0 x 4 retail,read/write: 3400/2500MLC,,,106914,106914,False
71514700,Kingston,Kingston Canvas Select 64GB microSD k¨¢rtya,,6990,,53163,53163,False
29316472,,Ubiquiti UniFi AC High Density 5-pack UAP-AC-HD-5 Ubiquiti,,1219.00,EUR,980563,980563,False
61102697,,HyperX Fury Black Series 4GB DDR3 1600MHz CL10 DIMM Memory,HyperX Fury Black Series 4GB DDR3 1600MHz CL10 DIMM Memory,19.93,GBP,1824443,1824443,False
41834837,,32 Oz Wide Mouth With Flex Cap W32BTS650,32 Oz Wide Mouth With Flex Cap W32BTS650Product DescriptionBrand : Hydro FlaskStyle# : W32BTS650Product Type : Water BottleColor : HibiscusVolume : 32 oz,44.95,USD,929657,929657,False
13129556,,Nikon AF-S 24-85mm f3.5-4.5 G ED VR,"Perfect for FX format Nikon DSLRs, this Nikon 24-85mm f3.5-4.5 G ED VR lens is extremely flexible and useful for a big range of uses. Starting at a very wide 24mm this lens can easily be used for landscapes and group shots and with its 3.6X optical zoom taking you out to 85mm you can carry it to capture your portraits and everything in between. With a brilliant build and optical construction as well as a very respectable aperture range the Nikon 24-85mm is a very versatile high-performance everyday lens.3.6X Zoom rangeFast f3.5-4.5 max apertureVR Stabiliser ¨C Great for hand-held shootingFast and quiet ¡®SWM¡¯ AF motorAspherical elements & ED GlassView The Full Tech Sheet HERE",799.95,AUD,21809,21809,False
67877800,,32 oz. Wide Mouth Flex Cap,-Ideal size for all-day hydration-Fits most backcountry water filters-TempShield? insulation keeps beverages cold up to 24 hours and hot up to 12 hours-Durable 18/8 Pro-Grade Stainless Steel construction-Hydroflask's Wide Mouth refresh features a stainless-steel collar and curved radius at the bottom edge for an updated look-BPA-Free and Phthalate-Free-Dishwasher safe-Compatible with our Hydro Flip? Lid and Wide Mouth Straw Lid-Registered R has been removed on logo and wordmark-Lifetime Warranty,44.95,USD,489587,489587,False
32932210,,DDR3 HyperX Fury Black - 4 Go 1600 MHz CAS 10,M¨¦moire DDR3 - PC-12800 - Low-Profile,28.99,EUR,1824443,1824443,False
24300732,,Ubiquiti UniFi AC In-Wall 5-pack UAP-AC-IW-5 Ubiquiti,,410.00,EUR,1610496,1610496,False
54954273,Fujifilm,Fujifilm Instax Square Film for SQ10 Hybrid Cameras 20 Shot Pack,"EXTRA VALUE 2x 10 Shot Packs (giving you 20 shots in total). FRESH UK STOCKS AND LONG DATED. Fujifilm Instax ""SQUARE"" film is for use in only square format instant print cameras such as the new SQ10, SQ6 cameras...Note: Not for use in Fuji Instax ""Mini"" Cameras. This film offers stunning instant and colourful pictures that you can fit into a purse, wallet or photo frame.Fuji Instax film ensures sharp, clear reproduction, vivid colours and natural skin tones. Frame design white. Overall Film/paper size is W86 x H72mm and the actual picture size is W62 x H62mm. Number of prints 10 per packBring the instant fun of 'real' photos into your life. Instant photography is amazing and has a quality all of its own - VERY popular and trendy at this time!7dayshop stock a competitive range of products : photo, computer, memory, inkjet, audio, video, battery, gifts ideas, gadgets and much more.",,,1457721,1457721,False
50979472,,UBIQUITI UNIFI UAP-AC-PRO-5 (5-Pack),,3110.04,PLN,68127,68127,False
68374441,,"Instax SQUARE Film 20 shot pack, white border","Image Size - 62 mm x 62 mmFilm Size - 86 mm x 72 mmSuitable for all SQUARE cameras and SHARE printersCompatible with all instax SQUARE cameras and printersinstax SQUARE - 20 shotsColour instant film in a square-format.Square-format film compatible with the instax square printers and cameras has arrived.This film boasts the same professional high-quality instant photograph technology found in all instax film, but in a square-format. With assured accurate colour and sharpness, your memories will be preserved for years to come in a format that photographers love across the globe.Print size ¨C 8.6cm x 7.2cmImage size ¨C 6.2cm x 6.2cm",17.0,GBP,300521,300521,False
75916482,,Kingston Canvas Select 128GB MicroSDXC card 80MB/s,"Bring your HD videos to life. Kingston¡¯s Canvas Select? microSD card is designed to be reliable, making it ideal for filming in HD and shooting high-resolution photos. You can be confident that your memories will be safe when documenting life¡¯s adventures on your Android? smartphone or point-and-shoot camera. It¡¯s available in multiple capacities up to 256GB1, to provide plenty of space to capture an entire trip. Kingston Canvas cards are tested to be durable, so you can take them anywhere with the confidence that your photos, videos and other data will be protected, even in harsh or unstable conditions.2FEATURES/BENEFITSFull HD ¡ª The advanced UHS-I interface makes the card ideal for cinema-quality full HD (1080p) and 3D video.3 Made for video ¡ª Capture your holiday, football game or night on the town using this Class 10 card. Get your memories faster ¡ª Transfer and edit your memories quicker thanks to the incredible 8x read speeds over traditional Class 10 SD cards. Durable ¡ª For your peace of mind, the card has been extensively tested and proven to be waterproof, temperature proof, shock and vibration proof and X-ray proof.2SPECIFICATIONSCapacities1: 16GB, 32GB, 64GB, 128GB, 256GB Performance3: 80MB/s read and 10MB/s write, UHS-I Speed Class 1 (U1) Dimensions (microSD): 11mm x 15mm x 1mm Dimensions (with SD adapter): 24mm x 32mm x 2.1mm Format: FAT32 (SDHC 16GB-32GB), exFAT (SDXC 64GB-256GB) Operating temperatures: -25¡ãC to 85¡ãC Storage temperatures: -40¡ãC to 85¡ãC1 Some of the listed capacity on a Flash storage device is used for formatting and other functions and is thus not available for data storage. As such, the actual available capacity for data storage is less than what is listed on the products. 2 IEC/EN 60529 IPX7 certified for protection against continual water submersion for up to 30 min. and a depth of up to 1m. Withstands temperature range from -25 ¡ãC to 85 ¡ãC. Based on MIL-STD-883H, METHOD 2002.5 military standard test method. Protected against X-ray exposure based on ISO7816-1 guidelines. 3 Speed may vary due to host and device configuration.",13.37,GBP,854253,854253,False
4984777,,Dymo 53718 24mm x 7m Black on Yellow Tape,,19.43,GBP,103881,103881,False
63451176,,Omega Seamaster 215.32.46.51.01.001,,,,1476532,1476532,False
25138178,,Kingston Canvas 128GB Micro SDXC C10 U1 V10 A1,,39.95,USD,27477,27477,False
51758990,,Seamaster Planet Ocean 600m Automatic Chronometer Chronograph Men's Watch,,7140,GBP,2193117,2193117,False
65208205,,Audio-Technica Headphones - ATH-AD500X,"With a lightweight honeycomb aluminum casing and magnesium frame structure, these open-air headphones produce no sense of pressure on the ears, offering a completely natural listening experience. Newly designed 53mm drivers with CCAW voice coils reproduce remarkably natural sound, with impactful bass and outstanding vocal projection. The self-adjusting wing support automatically adjusts to your head size. Astraight OFC cable at the left earpiece terminates to a mini plug with included ?"" adapter.Features:Newly designed 53mm drivers with CCAW voice coils reproduce remarkably natural sound, with deep, impactful bass and outstanding vocal projectionOpen-air headphones produce no sense of pressure on the ears, resulting in a completely natural sensationLightweight honeycomb aluminum casingSelf-adjusting 3D Wing Support Housing provides comfortable support for a more enjoyable listening experienceFlexible raised-fabric earpads offer excellent wearing comfort and durabilityHighly conductive OFC (oxygen-free copper) single-sided cable with elastic TPE sheath to prevent tanglesGold-plated stereo 1/8"" (3.5mm) connector with 1/4"" (6.3mm) adapterSpecifications:Type: Open air dynamic typeDriver Diameter: 53mmFrequency Response: 5¨C 25,000HzMaximum Input Power: 500mWSensitivity: 100dB/mWImpedance: 48ohmsWeight: 235gCable: 3.0mConnector: 3.5mm(1/8"") mini stereo, gold-platedAccessory Included: Detachable 1/4"" (6.3mm) adapter",2.99E2,NZD,87840,87840,False
38415767,,Blaze Professional 34-Inch Grill Cart,"Blaze 34-Inch Burner Professional Grill CartThis Blaze stainless steel grill cart is specifically designed to house the Blaze Professional 3 burner gas grill. The two stainless steel side shelves keep your BBQ tools at hand and provide a convenient work area while you cook.The Blaze grill cart also features one front door with a rounded handle to access the cabinet below the grill where you can store your propane tank. It also features two drawers with rounded handles to store your grill cover and BBQ accessories.The cart is warranted for a lifetime to the original owner against defects in manufacturing and workmanship. This warranty extends to the original purchaser against manufacture defects for products purchased for ordinary single-family home use.GRILL OVERVIEWStainless steel construction is durable in outdoor conditionsTwo drawers add practical storage for your BBQ accessories2 folding side shelves provide a convenient work area while grilling4 heavy duty casters allow you to reposition the grill as neededSpecifications:WEIGHT: 119CONFIGURATION: On CartEXTERIOR MATERIAL: Stainless SteelMADE IN USA: YesWORK AREA: YesNUMBER OF SHELVES: 2ON WHEELS: YESDIMENSIONS: 34 3/4"" H x 65 1/2"" W x 26 3/4"" DWarranty: LifetimeAdditional Dimensions:Cart without Shelves - 35 1/4"" H x 33 3/4"" W x 23 7/8"" DSingle Shelf Dimensions - 15 3/4"" W x 23 7/8"" DDrawer Internal Dimensions - 5 7/8"" H x 12 7/8"" W x 19"" DPhysical Door Opening - 19 "" H x 14 1/8"" WBlaze 34-Inch Burner Professional Grill Cart Installation Manual",1099.99,USD,6140563,6140563,False
27897507,Sigma,Sigma 35mm F1.4 DG HSM 'A' Lens - Nikon Fit- ¡ê75 CASHBACK AVAILABLE FROM SIGMA,"Using a cutting-edge design and state-of-the-art production technology, Sigma honed the Nikon fit 35mm F1.4 DG HSM Lens' performance to the point where it can do full justice to the expressive power of the very latest digital cameras.",599,GBP,900968,900968,False
24366661,Daniel Wellington,Daniel WellingtonDW00100036 Classic Sheffield watch,Rose gold watch with black leather strap,94.40,GBP,48610,48610,False
69083604,,64GB MICROSDXC CANVAS SELECT 80R CL 10 UHS-I CARD + SD ADAPTER,,11.94,EUR,53163,53163,False
85472408,,"SRAM NX Eagle PG-1230 Cassette - 12 Speed, 11-50t, Black",,100.00,USD,70762,70762,False
37994614,,"Ubiquiti UAP-AC-PRO-5 Wi-Fi, 802.11 a/b/g/n/ac, 2.4/5.0 GHz, 2, Web-based management, 1.3 Gbit/s, Power over Ethernet (PoE), 10,",,2984.79,PLN,68127,68127,False
94500875,,Hydro Flask - 32 oz Wide Mouth,"Big enough for a whole day on the river or trails, the Hydro Flask 32 oz Wide Mouth Bottle is made with professional-grade stainless steel and a wider opening for faster fill. We couldn¡¯t think of a bottle more deserving of a refresh, so Hydro Flask elevated the silhouette and simplified design without compromising one degree of performance. And their Color Last? powder coat is dishwasher safe for even more convenience. Cold stays ice cold for 24 hours, and hot stays wickedly hot for 12 ¡ª just like always.BenefitsIdeal size for all-day hydrationFits most backcountry water filtersTempShield? insulation keeps beverages cold up to 24 hours and hot up to 12 hoursDurable 18/8 Pro-Grade Stainless Steel constructionOur Wide Mouth refresh features a stainless-steel collar and curved radius at the bottom edge for an updated lookBPA-Free and Phthalate-FreeDishwasher safeCompatible with ourHydro Flip? LidandWide Mouth Straw LidRegistered R has been removed on logo and wordmarkLifetime Warranty",4.495E1,USD,36023,36023,False
58597448,,Blaze 40-inch 5-Burner LTE Gas Grill With Rear Burner and Built-in Lighting System,"Blaze 40-Inch 5-Burner LTE Gas GrillBlaze introduces an affordable commercial style grill that was designed with your outdoor BBQ desires in mind. Blaze gas grills feature precision cut, 304 stainless steel components that bring the promise of lasting durability to your outdoor BBQ!This model takes things to the next level with our signature SRL led accent lights and integrated halogen hood lighting.GRILL OVERVIEW5 commercial quality 304 cast stainless steel burners14,000 BTUs of cooking power per burner, for a total cooking surface of 70,000 BTUs10,000 BTU infrared rear rotisserie burnerTotal grill BTUs equal 80,000Heavy 9mm triangular stainless steel cooking rods maximize durability and produce distinguished sear marks915 square inches of total cooking spacePush and turn flame-thrower primary ignition system delivers a fast start every timeFlash tube ignition and crossovers provide an alternate ignition optionRemovable warming rackHeat zone separators divide the cooking surface into individual temperature zonesFlame stabilizing grids minimize flare-ups while adding a grilled flavorFull-width drip tray for quick clean upIlluminated control knobs for evening gatherings creates a sophisticated appearanceInterior lights help navigate the grilling surface at nightDouble-lined grill hood protects outer layer from heat discoloration and maintains more heatBlaze Grills offers an impressive Lifetime WarrantySpecifications:Dimensions: Overall Dimensions: 21 1/4""H x 39 1/2""W x 25 3/4""D Cut Out Dimensions: 8 1/2""H x 38 3/8""W x 21 1/4""DCutout Dimensions:38 3/8¡±W x 21 1/4""D x 8 1/2¡±H* These dimensions create the required air gap underneath this appliance. This air gap serves multiple purposes, such as preventing a build-up of heat in the island cavity and helping provide proper airflow for combustion and/or cabinetry.BTU Output:14,000 BTU per Burner x5 Infrared Back Burner:10,000 BTUTotal BTU:82,000Primary Ignition:Push N¡¯ Turn Flame ThrowerSecondary Ignition:Flash TubeCooking Grid Dimensions:37"" X 18""Total Cooking Area:915 sq.in (includes warming rack)Flame Tamer:Flame Stabilizer GridZone Cooking:Removable Heat Zone SeparatorsRotisserie Kit (Motor & Forks):OptionalBurner:Commercial Quality Cast Stainless SteelGas Type:Each grill contains an NG/LP Orifice KitBlaze 40-Inch 5 Burner LTE Gas Grill With Rear Burner and Built-in Lighting System Installation ManualBlaze gas grills have a lifetime warranty that warrants against any defects in the manufacturing and workmanship of the main burners, cooking grids, body, flame tamers, heat zone separators, warming rack, and control valves. While ignition, electronic, and lighting systemsare covered for one (1) year after the date of purchase.",2199.99,USD,4825180,4825180,False
60334696,,Ubiquiti Networks UniFi AC HD 1700Mbit/s Power over Ethernet (PoE) Wit WLAN toegangspunt,"Build your Wi-Fi network with the UniFi? AC HD Access Point, part of the Ubiquiti Networks? UniFi Enterprise Wi-Fi System. The UAP-AC-HD, is an indoor/outdoor, high-performance, 802.11AC Wave 2 dual-band access point, capable of throughput speeds of up to 2533 Mbps and a maximum range of up to 122 meters. Engineered from the ground up to take advantage of 802.11AC Wave 2, the UAP-AC-HD provides unparalleled multi-user support.",1.65895E3,EUR,980563,980563,False
62825929,Blaze,Blaze Grill Cart for Blaze 3 Burner Pro SKU BLZ-3PRO-CART,Blaze Cart for Blaze 3 Burner Pro grill SKU BLZ-3PRO-CARTBlaze 3 Burner Pro Cart Only SKU BLZ-3PRO-CART Features:Folding side shelves for easier storage / mobilityStainless steel construction is durable in outdoor conditionsTwo drawers add practical storage for your BBQ accessories2 folding side shelves provide a convenient work area while grillingStainless Steel exterior for easy cleaning4 heavy duty casters allow you to re-position the grill for maximum mobilityBlaze 3 Burner Pro Cart Only SKU BLZ-3PRO-CART Description:Blaze 3 Burner Pro Cart Only SKU BLZ-3PRO-CART. BLZ-3PRO-CART.This Blaze stainless steel grill cart is specifically designed to house the Blaze Professional 3 burner gas grill. The two stainless steel side shelves keep your BBQ tools at hand and provide a convenient work area while you cook. The Blaze grill cart also features one front door with a rounded handle to access the cabinet below the grill where you can store your propane tank. It also features two drawers with rounded handles to store your grill cover and BBQ accessories. The cart is warranted for lifetime to the original owner against defects in manufacturing and workmanship. This warranty extends to the original purchaser against manufacture defects for products purchased for ordinary single-family home use.,1099.99,USD,6140563,6140563,False
84301060,Fuji,Instax Square film Black Frame,,?370,THB,1118780,1118780,False
22308275,,"Blaze 32"" 4 Burner Grill","Blaze 32"" 4 Burner GrillBlaze introduces an affordable commercial style grill that was designed with your outdoor BBQ desires in mind. Blaze gas grills feature precision cut, 304 stainless steel components which bring the promise of lasting durability to your outdoor BBQ!As of March 15, 2016 ¡ª Blaze gas grills have a lifetime warranty that warrants against any defects in the manufacturing and workmanship of the main burners, cooking grids, body, flame tamers, heat zone separators, warming rack, and control valves. While ignition, electronic, and lighting systemsare covered for one (1) year after the date of purchase. Grills must be registered within thirty days for the warranty to apply. 4 commercial qualitycast stainless steel burners14,000 BTUs of cooking power per burner, for a total cooking surface of 56,000 BTUs10,000 BTU infrared rear rotisserie burnerTotal grill BTUs equal 66,000Heavy 8mm stainless steel cooking rods maximize durability740 square inches of total cooking spacePush and turn flame-thrower primary ignition system delivers a fast start every timeFlash tube ignition and crossovers provide an alternate ignition optionRemovable warming rackHeat zone separators divide the cooking surface into individual temperature zonesFlame stabilizing grids minimize flare-ups while adding a grilled flavorFull-width drip tray for quick clean upDouble-lined grill hood protects outer layer from heat discoloration and maintains more heatBlaze Grills offers an impressive Lifetime Warranty",1849.99,USD,1435805,1435805,False
70225094,SAMSUNG,SSD SAMSUNG 970 EVO 500 Go,SSD SAMSUNG 970 EVO 500 Go- PCIe 3.0 x4 NVMe,89.99,EUR,1929047,1929047,False
39164471,,Blaze Professional 2-Burner 27-Inch With Rear Infrared Burner and Built-In Liquid Propane Gas Grill,"Blaze, as the leading manufacturer in grilling items, presents the Blaze Professional Grill with Rear Infrared Burner. This 27-inch burner from Blaze has maintained its undefeated title in terms of durabilityand effectiveness in cooking. With the precise mixture of fuel and oxygen, this burner can achieve exact searing temperatures with the most minimal consumption of gas as compared to any other brands. It's illumination and lighting system has serve its aesthetic purpose and surely aides in having the most convenient way of cooking even in dark outdoor places.OVERVIEW:304 stainless steel construction (2 Commercial Quantities)Liquid Propane Fuel TypeRotisserie kit includes a waterproof motor18,000 BTUs of cooking power per burner10,000 BTU infrared rear rotisserie burner withrotisserie kit630 square inches of total cooking spaceFlame stabilizing gridsRemovable warming rackDouble-lined grill hoodIlluminated control knobsInterior lightsDIMENSIONS: Width26.62 Inch Depth28.37 Inch Height24.12 InchMANUFACTURER'S DOWNLOADS Blaze Cutout Specification Blaze ProfessionalGrill Use and Care Guide Blaze Professional Infrared Burner Guide",2.49999E3,USD,6766905,6766905,False
25445188,Kingston,Kingston Canvas Select Plus 128GB Micro SD UHS-I (U1) Flash Card with Adapter,,35.99,EUR,27477,27477,False
10096449,Hydro Flask,21 oz Standard Mouth Water Bottle,"Your perfect travel companion.Keep life moving with our 21 oz bottle and Standard Flex Cap. It stashes easily into a small shoulder bag, your pack¡¯s side pocket, or your car cup holder, and holds enough ice cold goodness to keep you going for hours without weighing you down. No wonder it's one of our bestselling water bottles.DetailsFeaturesTempShield - Our unique double wall vacuum insulation protects temperature for hours. Cold drinks stay icy cold and hot drinks stay piping hot so you can stay refreshed for any adventure.Pro-Grade Stainless Steel - Made with 18/8 pro-grade stainless steel to ensure pure taste and no flavor transfer - and the durable construction stands up for whatever life brings.Proprietary Powder Coat - Our proprietary powder coat means an easy-grip, sweat-free, and extra-durable bottle that you can take anywhere.Versatile, middle-of-the-road sizeBPA-Free and Phthalate-FreeCompatible with Standard Mouth Insulated Sport CapLifetime WarrantySpecsVolume 621 mLMouth Diameter 1.91""Diameter 2.87""Height 9.4""Weight 11.3 ozFeaturesTempShield - Our unique double wall vacuum insulation protects temperature for hours. Cold drinks stay icy cold and hot drinks stay piping hot so you can stay refreshed for any adventure.Pro-Grade Stainless Steel - Made with 18/8 pro-grade stainless steel to ensure pure taste and no flavor transfer - and the durable construction stands up for whatever life brings.Proprietary Powder Coat - Our proprietary powder coat means an easy-grip, sweat-free, and extra-durable bottle that you can take anywhere.Versatile, middle-of-the-road sizeBPA-Free and Phthalate-FreeCompatible with Standard Mouth Insulated Sport CapLifetime WarrantySpecsVolume 621 mLMouth Diameter 1.91""Diameter 2.87""Height 9.4""Weight 11.3 ozdocument.addEventListener( 'DOMContentLoaded', function () {$('ul.tabs').each(function(){var active, content, links = $(this).find('a');active = links.first().addClass('active');content = $(active.attr('href'));links.not(':first').each(function () {$($(this).attr('href')).hide();});$(this).find('a').click(function(e){active.removeClass('active');content.hide();active = $(this);content = $($(this).attr('href'));active.addClass('active');content.show();return false;});});}, false );ul.tabs {border-bottom: 1px solid #DDDDDD;display: block;margin: 0 0 20px;padding: 0;}ul.tabs li {display: block;float: left;height: 30px;margin-bottom: 0;padding: 0;width: auto;}ul.tabs li a {-moz-border-bottom-colors: none;-moz-border-image: none;-moz-border-left-colors: none;-moz-border-right-colors: none;-moz-border-top-colors: none;background: none repeat scroll 0 0 #F5F5F5;border-color: #DDDDDD !important;border-style: solid;border-width: 1px 1px 0 1px;display: block;font-size: 13px;height: 29px;line-height: 30px;margin: 0;padding: 0 20px;text-decoration: none;width: auto;color: #303030;border-bottom:none !important;}ul.tabs li a.active {background: none repeat scroll 0 0 #FFFFFF;border-left-width: 1px;border-top-left-radius: 2px;border-top-right-radius: 2px;color: #111111;height: 30px;margin: 0 0 0 -1px;padding-top: 4px;position: relative;top: -4px;}ul.tabs li:first-child a.active {margin-left: 0;}ul.tabs li:first-child a {border-top-left-radius: 2px;border-width: 1px 1px 0;}ul.tabs li:last-child a {border-top-right-radius: 2px;}ul.tabs:before, ul.tabs:after {content: "" "";display: block;height: 0;overflow: hidden;visibility: hidden;width: 0;}ul.tabs:after {clear: both;}",32.95,USD,1446023,1446023,False
10899164,Cardrona,Cardrona Hydroflask 21oz Standard Mouth,"Your perfect travel companion.Keep life moving with the 21 oz bottle and Standard Flex Cap. It stashes easily into a small shoulder bag, your pack¡¯s side pocket, or your car cup holder, and holds enough ice cold goodness to keep you going for hours without weighing you down.Product BenefitsVersatile, middle-of-the-road sizeTempShieldTMinsulation eliminates condensation and keeps beverages cold up to 24 hours and hot up to 12 hoursDurable 18/8 Pro-Grade Stainless Steel constructionBPA-Free and Phthalate-FreeCompatible with the Standard Mouth Insulated Sports CapLifetime Warranty",69.0,NZD,1558854,1558854,False
18996777,Hikvision,Hikvision DS-7208HQHI-K2/P 8 Channel TVI POC DVR & NVR Tribrid CCTV Recorder with Network and Mobile phone remote viewing,,,,28399,28399,False
80827079,Dymo,Dymo Tape D1 24mm Sort/Gul,,165,DKK,103881,103881,False
70728429,Samsung,Samsung SSD970 Evo Plus 250GB NVME M.23500MB/s / 2300MB/s,"250GB, M.2, PCIe Gen 3.0 x 4, NVMe 1.3",83.95,EUR,993500,993500,False
30567166,Hydro Flask,Hydro Flask Wide Mouth Drink Bottle - 946ml Black Flex Cap,Hydro Flask Wide Mouth Drink Bottle 946ml Black Flex Cap Available now for fast delivery. Same day dispatch. Free Shipping available. Lowest prices guaranteed.,64.00,AUD,36023,36023,False
42858288,,Logitech H151 Multi-device stereo headset with in-line controls,"EASY-TO-USE HEADSET THAT SOUNDS GREAT ON ALL YOUR DEVICESEssential stereo headset works on all operating systems and platforms via the standard 3.5mm audio jack connection. Just plug your headset into the 3.5mm port on your computer, tablet or smartphone and it¡¯s ready to go. In-line controls let you control volume or mute calls without disruption. Convenient noise-cancelling microphone reduces background noise.STEREO SOUNDFull stereo sound for crisp, clear voice and video calls, music, games and more. An essential stereo headset for either personal use or the office.ROTATING MICROPHONEBoom can rotate 180¡ã to be worn on the left or right. Flexible mic can be positioned for better voice capture and background noise reduction. Boom can be tucked out of the way when you¡¯re not using it.IN-LINE CONTROLSConvenient in-line controls on the headset cord let you adjust the volume or mute calls without disruption.ADJUSTABLE HEADBANDSturdy yet lightweight stereo headset has a broad range of adjustment. Ultra-soft foam ear cushions provide hours of comfort.3.5MM AUDIO JACK CONNECTIONSimply plug the 3.5mm audio jack into your computer, smartphone or tablet and you¡¯re ready to talk.DIMENSIONSHeight x Width x Depth:7.87 in (200 mm) x 9.65 in (245 mm) x 2.56 in (65 mm)Weight: 2.82 oz (0.08 Kg)",1.1E2,AED,122031,122031,False
47959304,,Epson C13T865140 WF-51xx/56xx Cartridge XXL Mono,,549,PLN,193507,193507,False
26102262,,Instax Square Black Border Film 10 Shot Pack,This Fujifilm Instax Square Film is designed for use in your Fujifilm Instax Square Camera. This pack contains 10 sheets of film in a handy cartridge that's quick and easy to install in your camera.EXP: 10/2020,19.95,AUD,1118780,1118780,False
1773920,,Johnnie Walker Blue Label - > 25 J. - 40%,,154.99,EUR,56750,56750,False
54697856,FUJI,FUJI FUJI INSTAX SQUARE FILM 10 PACK,,16.99,USD,1457721,1457721,False
25758185,OMEGA,Omega Seamaster Planet Ocean Chrono for Men,Omega Seamaster Planet Ocean Chrono for Men - this product is manufactured by OMEGA in Switzerland (and maybe in other countries),,,5409130,5409130,False
82025603,,HyperX FURY Blue 8GB (2x4GB) 1600MHz DDR3 Memory Kit,"HyperX brand featuring Intel XMP profile support, large 8GB DDR3 module kit, with CL10 latency timing, featuring 1.5V and fast 1600MHz or PC3-12800",,,288081,288081,False
72910194,SRAM,Sram NX Eagle kassette - 11-50T,12 speed kassette til Sram NX Eagle.,869,DKK,70762,70762,False
19039759,,LOGITECH | H151 Stereo Headset with Noise-Cancelling Mic | 981-000589,"EASY-TO-USE HEADSET THAT SOUNDS GREAT ON ALL YOUR DEVICESEssential stereo headset works on all operating systems and platforms via the standard 3.5mm audio jack connection. Just plug your headset into the 3.5mm port on your computer, tablet or smartphone and it¡¯s ready to go. In-line controls let you control volume or mute calls without disruption. Convenient noise-cancelling microphone reduces background noise.STEREO SOUNDFull stereo sound for crisp, clear voice and video calls, music, games and more. An essential stereo headset for either personal use or the office.ROTATING MICROPHONEBoom can rotate 180¡ã to be worn on the left or right. Flexible mic can be positioned for better voice capture and background noise reduction. Boom can be tucked out of the way when you¡¯re not using it.IN-LINE CONTROLSConvenient in-line controls on the headset cord let you adjust the volume or mute calls without disruption.ADJUSTABLE HEADBANDSturdy yet lightweight stereo headset has a broad range of adjustment. Ultra-soft foam ear cushions provide hours of comfort.3.5MM AUDIO JACK CONNECTIONSimply plug the 3.5mm audio jack into your computer, smartphone or tablet and you¡¯re ready to talk.TECHNICAL SPECIFICATIONSInput Impedance: 22 OhmsSensitivity (headphone): 122 dB +/-3 dBSensitivity (microphone): -44 dBV/Pa +/- 2.5 dBFrequency response (Headset): 20 Hz - 20 kHzFrequency response (Microphone): 100 Hz - 6.50 kHzCable length: 1.8 mDIMENSIONSHeight x Width x Depth: 200 mm x 245 mm x 65 mmWeight: 0.08 Kg",69,QAR,122031,122031,False
14287942,Omega,Planet Ocean 600M Omega Co-Axial Chronograph 45.5mm 232.30.46.51.01.002,"Planet Ocean 600M Omega Co-Axial Chronograph 45.5mm It was with OMEGA's maritime legacy in mind that the brand launched its Planet Ocean line in 2005. The stylish OMEGA Seamaster Planet Ocean 600M pays homage to OMEGA's dive watch heritage.This model, with its scratch-resistant sapphire crystal, features a black dial with a small seconds dial, a date window and a central chronograph hand. Sixty-minute and 12-hour counters are found on the same dial at the 3 o'clock position, allowing for intuitive reading of the elapsed time. The orange unidirectional rotating divers' bezel is mounted on a 45.5 mm stainless steel case on a stainless steel bracelet.The OMEGA Seamaster Planet Ocean 600M is water resistant to 600 metres / 2000 feet / 60 bar, and has a helium-escape valve. This certified chronometer timepiece is powered by the OMEGA Co-Axial calibre 9300 which can be seen through the transparent caseback.",8000,USD,5409130,5409130,False
27758157,,Samsung 970 EVO Plus M.2 2000 GB PCI Express 3.0 V-NAND MLC NVMe,,4.4395E2,EUR,1365371,1365371,False
2493882,,3M - DESKTOP LCD LW FRAMED FILTER F-FEEDS,3M DESKTOP LCD LW FRAMED FILTER F-FEEDS (PF220W1F) - Type: Annet Tilbeh?r,3499.00,NOK,196841,196841,False
29035504,,Ubiquiti Networks UAP-AC-IW 5-pack WLAN toegangspunt 1000 Mbit/s Power over Ethernet (PoE) Wit,"Easier Than You ThinkIdeal for new and retrofit installations, the UniFi? AC In-Wall is designed to convert an Ethernet wall jack into a dual-band 802.11ac Wi-Fi access point with two Gigabit Ethernet ports.The Power of PoETurn existing wiring into per-room Wi-Fi with the UniFi PoE Switch series.** Requires Cat5e or higherVersatile Data and PoE OutputAn Ethernet wall jack becomes an access point, a gigabit switch, and a PoE power source.Wire a workstation and power a VoIP phone. Or power a US-8 for even more Ethernet ports.Simple and Scalable Device ManagementThe UniFi? Controller provides a graphical user interface for easyconfiguration and monitoring of the UniFi Switch and other UniFi devices.",4.8295E2,EUR,1610496,1610496,False
45125692,,"RAM-201U-B RAM Mounts Short Double Socket Arm for C Size 1.5"" Balls","RAM Mounts793442020124RAM-201U-B RAM Mounts Short Double Socket Arm for C Size 1.5"" BallsNOTE: THIS ITEM FEATURES SOCKETS FOR 1.5"" (ONE AND ONE HALF INCH) BALLS. IT IS NOT COMPATIBLE WITH RAM MOUNTS B-SIZED 1"" (ONE INCH) BALLS. NO REFUNDS FOR FAILURE TO READ DESCRIPTION!The RAM-201U-B, short double socket arm, has a socket at both ends that accommodates 1.5"" ball bases. This socket technology allows for almost infinite adjustment and perfect viewing angles.Dimensions: Overall Length: 3.5"" Socket-To-Socket Length: 2.25""Material: Powder Coated Marine Grade AluminumBall Size: 1.5"" Rubber Ball SizeNote: The ""U"" in the part number reflects product packaged in poly bag. THIS ITEM FEATURES SOCKETS FOR 1.5"" (ONE AND ONE HALF INCH) BALLS. IT IS NOT COMPATIBLE WITH RAM MOUNTS B-SIZED 1"" (ONE INCH) BALLS. NO REFUNDS FOR FAILURE TO READ DESCRIPTION!Weight: 0.51 lbs.",19.49,USD,93315,93315,False
23981399,,"Cartus cerneala Epson T8651, capacitate 10000 pagini","Cartus cerneala Epson T8651, capacitate 10000 pagini, pentru Workforce WP-M5190DW, Workforce M5690DWF",550.4202,RON,193507,193507,False
53119290,Audio Technica,"Audio Technica ATH-AD500X Headphones, 3.5mm (1/8 inch), Over-ear, Noice canceling, Black","Audio Technica ATH-AD500X Headphones, 3.5mm (1/8 inch), Over-ear, Noice canceling, Black",157.14,EUR,87840,87840,False
64191452,Samsung,Samsung 970 EVO MZ-V7E1T0BW - Solid state drive - krypteret - 1 TB - intern - M.2 2280 - PCI Express 3.0 x4 (NVMe) - 256-bit AES - TCG Opal Encryption 2.0,,1068,DKK,106914,106914,False
25817481,Omega,Seamaster Planet Ocean 600 M Omega Co-Axial Master Chronometer Chronograph 215.32.46.51.01.001,"It was with OMEGA¡¯s maritime legacy in mind that the brand launched its Planet Ocean line in 2005. Today, the stylish OMEGA Seamaster Planet Ocean 600M Master Chronometer pays homage to OMEGA¡¯s dive watch heritage.This model, with its scratch-resistant sapphire crystal, features a black ceramic dial with Arabic numerals and a date window at the 6 o¡¯clock position. The dial presents a small seconds sub-dial, as well as 60-minute and 12-hour counters on one dial for intuitive reading of elapsed time. Mounted on the 45.5 mm stainless steel case, is the world's premiere black ceramic bezel with orange rubber. The diving scale of the bezel is crafted with Liquidmetal?.Other features include an alveol screw-in caseback and a black structured rubber strap with orange stitching and lining.The OMEGA Seamaster Planet Ocean 600M Master Chronometer Chronograph is water resistant to 60 bar (600 meters / 2000 feet), and has a helium-escape valve. The OMEGA Master Chronometer calibre 9900 at the heart of this timepiece can be seen through the transparent caseback. To achieve Master Chronometer status, it has passed the 8 rigorous tests set by METAS (The Swiss Federal Institute of Metrology).","8,350.00",USD,1476532,1476532,False
46153456,,"3M - Privacy filter framed lightweight 20"""" to 23"""" widescreen","3M Privacy filter framed lightweight 20"""" to 23"""" widescreen (7000059523) - Type: Skjermbeskyttelse",1506.25,NOK,196841,196841,False
11113121,,RAM? Double Socket Arm C Size,"C Size 1.5"" Rubber BallCapacity: up to 1.8 kgPowder Coated Marine Grade Aluminum",43,EUR,1764013,1764013,False
82148801,,Kingston microSDHC Canvas Select 32GB 80R/10W Class 10 UHS-I,,3.29E1,PLN,595102,595102,False
87251130,,"SIGMA 50/1,4 DG HSM A CA",,8.191E2,EUR,75956,75956,False
14035013,,LaCie 2TB Rugged Thunderbolt USB-C + USB 3.0,LaCie 2TB Rugged Thunderbolt USB-C + USB 3.0,156.15,GBP,114602,114602,False
94886095,,"5 Burner Blaze LTE Grill with Lights (40"") - LP","5 Burner Blaze LTE Grill with Lights (40"")",2.19999E3,USD,4825180,4825180,False
23158552,,Asus Nvidia RTX 2060 SUPER Turbo EVO OC 8Gb GDDR6,ASUS Turbo GeForce? RTX 2060 SUPER? EVO 8GB GDDR6 with a blower-style design for AAA gaming performance and ray tracing,439,EUR,320546,320546,False
30711697,,DDR3 4GB / 1600 KINGSTON HX316C10F/4,HyperX FURY Blue 4GB DDR3-1600MHz CL10 Scendi in campo,20.78,,836466,836466,False
87653966,,Blaze 5 Burner Basic Cart Only,Blaze 5 Burner Basic Cart Only,5.1499E2,USD,4325250,4325250,False
89362627,Asus,Asus ROG Strix X570-F Gaming AMD AM4 X570 Chipset ATX Motherboard - Ryzen 3 Ready,"ATX, Dual Channel DDR4, 3 x PCIe 4.0 x16, 2 x PCIe 4.0 x1, 2 x M.2, 8 x Sata 3, Intel Lan, Asus Aura",249.98,GBP,80156,80156,False
66806426,RAM,RAM Long Clamp RAM Standard Balls(RAM-201U-D),"RAM? Long Double Socket ArmProvides an extended reach with an overall length of 9.125"" and a socket-to-socket length of 8""Attaches to any C size RAM? ball component, including mounting bases and device holders; double ball and socket technology allows for near-infinite adjustability of your RAM? mounting systemMade of powder-coated, marine-grade aluminum for durability and reliability in the most demanding environmentsBacked by a lifetime warrantyThe RAM-201U-D consists of a long double socket arm that accommodates 1.5"" C size ball bases, device holders, and adapters.With an overall length of 9.125"", this is the longest C size RAM? double socket arm size and adds more reach to your favoritemounting solution. The easy to adjust knob allows for near-infinite adjustability.",72.00,AUD,1764013,1764013,False
37261757,,"Kingston Canvas Select Plus 32GB SDHC Card 100MB/s, V30","Canvas Select Plus SD Capture cinematic Full HD and 4K UHD videos Kingston¡¯s Canvas Select Plus SD card is designed with exceptional performance, speed and durability for heavy workloads such as transferring and developing high-resolution photos or capturing and editing full HD videos. It can reach Class 10 UHS-I speeds up to 100 MB/s* for easy storage and quick transfers along with an advanced UHS-I interface that can record cinematic Full HD and 4K Ultra HD videos. The Canvas Select Plus SD card is built to perform in the harshest environments and conditions so you can take it anywhere knowing that your files, photos and videos are protected. Available in multiple capacities up to 512 GB** and with a lifetime warranty.? Class 10 UHS-I speeds up to 100 MB/s*? Capture images and videos in Full HD (1080p) and 4K UHD? Capacities up to 512 GB**? Durable? Lifetime Warranty * Speed may vary due to host hardware, software and usage. ** Some of the listed capacity on a Flash storage device is used for formatting and other functions and thus is not available for data storage. As such, the actual available capacity for data storage is less than what is listed on the products. For more information, go to Kingston¡¯s Flash Memory Guide at kingston.com/flashguide.",6.69,GBP,1980656,1980656,False
68075793,,"Blaze Professional 27"" 2 Burner Grill","Blaze Professional 27"" 2 Burner Built-In Gas GrillBlaze presents the Blaze Professional Grill as a leader in the industry regarding the thickness of its components resulting in irrefutable durability while providing an effective cooking system. By the precision mixing of fuel and oxygen, Blaze Professional achieves extraordinary searing temperatures while maintaining low gas consumption per burner when compared to the top performing grill brands. The Professional¡¯s Illumination system compliments its unmistakable style giving an appearance to catch every admiring eye!As of March 15, 2016 ¡ª Blaze gas grills have a lifetime warranty that warrants against any defects in the manufacturing and workmanship of the main burners, cooking grids, body, flame tamers, heat zone separators, warming rack, and control valves. While ignition, electronic, and lighting systemsare covered for one (1) year after the date of purchase. Grills must be registered within thirty days for the warranty to apply? 2 commercial quality 304 cast stainless steel H burners? 18,000 BTUs of cooking power per burner, for a total of 36,000 BTUs? 10,000 BTU infrared rear rotisserie burner? Rotisserie kit includes a waterproof motor? Heavy 12mm stainless steel hexagon cooking rods maximize durability? 630 square inches of total cooking space? Push and turn flame-thrower primary ignition system delivers a fast start every time? Individual flash tube secondary ignition? Removable warming rack? Heat zone separators divide the cooking surface into individual temperature zones? Flame stabilizing grids minimize flare-ups while adding a grilled flavor? Full-width drip tray and removable baffles for quick clean up? Double-lined grill hood protects outer layer from heat discoloration and maintains more heat? Illuminated control knobs for evening gatherings creates a sophisticated appearance? Interior lights help navigate the grilling surface at night? Blaze Grills offers an impressive Lifetime Warranty",2499.99,USD,6766905,6766905,False
71915407,,Kingston Canvas Select 32GB MicroSDHC card 80MB/s,"Bring your HD videos to life.Kingston¡¯s Canvas Select? microSD card is designed to be reliable, making it idealfor filming in HD and shooting high-resolution photos. You can be confidentthat your memories will be safe when documenting life¡¯s adventures on yourAndroid? smartphone or point-and-shoot camera. It¡¯s available in multiplecapacities up to 256GB1, to provide plenty of space to capture an entire trip.Kingston Canvas cards are tested to be durable, so you can take them anywherewith the confidence that your photos, videos and other data will be protected,even in harsh or unstable conditions.2FEATURES/BENEFITSFull HD ¡ª The advanced UHS-I interface makes the card ideal for cinema-quality full HD (1080p) and 3D video.3Made for video ¡ª Capture your holiday, football game or night on the town using this Class 10 card.Get your memories faster ¡ª Transfer and edit your memories quicker thanks to the incredible 8x read speeds over traditional Class 10 SD cards.Durable ¡ª For your peace of mind, the card has been extensively tested and proven to be waterproof, temperature proof, shock and vibration proof and X-ray proof.2SPECIFICATIONSCapacities1: 16GB, 32GB, 64GB, 128GB, 256GBPerformance3: 80MB/s read and 10MB/s write, UHS-I Speed Class 1 (U1)Dimensions (microSD): 11mm x 15mm x 1mmDimensions (with SD adapter): 24mm x 32mm x 2.1mmFormat: FAT32 (SDHC 16GB-32GB), exFAT (SDXC 64GB-256GB)Operating temperatures: -25¡ãC to 85¡ãCStorage temperatures: -40¡ãC to 85¡ãC1 Some of the listed capacity on a Flash storage device is used for formatting and other functionsand is thus not available for data storage. As such, the actual available capacity for data storageis less than what is listed on the products.2 IEC/EN 60529 IPX7 certified for protection against continual water submersion for up to 30 min. and adepth of up to 1m. Withstands temperature range from -25 ¡ãC to 85 ¡ãC. Based on MIL-STD-883H,METHOD 2002.5 military standard test method. Protected against X-ray exposure based onISO7816-1 guidelines.3 Speed may vary due to host and device configuration.",4.90,GBP,595102,595102,False
57742292,,Samsung SSD 970 EVO Plus 250GB,"Samsung SSD 970 EVO Plus 250GB NVMe M.2,3500MB/s read,2300MB/s write","190,10KM",BAM,993500,993500,False
18365395,SRAM,"SRAM NX Eagle PG-1230, Cassette, Speed: 12, 11-50T",,143.00,CAD,70762,70762,False
31210232,Kingston,Kingston microSDHC 128GB Canvas Select 80R CL10 UHS-I Card + SD Adaptador,Kingston microSDHC 128GB Canvas Select 80R CL10 UHS-I Card + SD Adaptador,16.99,EUR,854253,854253,False
74456310,ASUS,ASUS ROG Strix X570-F Gaming moederbord Socket AM4 ATX AMD X570,"ROG Strix X570-F Gaming, AMD X570, 4x DIMM DDR4, HDMI, DP, PCIe 4.0 x16, M.2, SATA III, 1G LAN, USB 3.2, S/PDIF, ATX, 305x244 mm",278.99,EUR,80156,80156,False
86849327,,Kingston microSDXC Canvas Select Plus 128GB 100R Class 10 UHS-I,,8.19E1,PLN,27477,27477,False
27426123,,Sigma 35mm f/1.4 DG HSM Art Lens for Canon EF,,42.9,USD,704991,704991,False
19906097,,Ram Mount Double Socket Arm Long for 1 Ball,"Ram Mount Double Socket Arm Long for 1 BallThe RAM-B-201-C, long double socket arm, has a socket at both ends that accommodates 1"" ball bases. A single spring inside the arm opens the end sockets, allowing you to pivot the ball and socket connection. This socket technology allows for almost infinite adjustment and perfect viewing angles. Details:Overall Length: 6""Socket-To-Socket Length: 5.1875"" Powder Coated Marine Grade Aluminium 1"" Rubber Ball ""B"" Size",2.899E1,GBP,1366684,1366684,False
39924028,,"RAM? Double Socket Arm (Short 1.75"")","The RAM-B-201U-A consists of a short double socket arm that accommodates 1"" B size ball bases, device holders, and adapters. With an overall length 2.42"", this is the lowest profile RAM? double socket arm size. The easy to adjust knob allows for near-infinite adjustability for your connected device.FEATURES- Low-profile design with an overall length of 2.42"" and socket-to-socket length of 1.75""- Attaches to any B size RAM? ball component, including mounting bases and device holders; double ball and socket technology allows for near-infinite adjustability of your RAM? mounting system- Made of powder-coated, marine-grade aluminum for durability and reliability in the most demanding environments- Backed by a lifetime warranty",14.99,USD,394619,394619,False
96712384,,KINGSTON MICRO SD CARD CANVAS SELECT PLUS 128GB 100MB/S LIMITED LIFETIME,,,,27477,27477,False
78504454,,LOGITECH Stereo Headset H151 ¨C EMEA - One Plug,LOGITECH Stereo Headset H151 ¨C EMEA - One Plug,0.001,,122031,122031,False
65827191,,Ubiquiti Unifi AC In-Wall AP Wireless Access Point 5 Pack UAP-AC-IW-5 (No PoE Injector),UAP-AC-IW-5 - Ubiquiti Unifi AC In-Wall AP Wireless Access Point 5 PackThe Ubiquiti UniFi AC In-Wall Access Point 5 Pack (UAP-AC-IW-5) is perfect for both retrofit and new installations. These compact units will enable users to convert any Ethernet wall jack into a dual-band 802.11ac WiFi access point featuring 2 Gigabit Ethernet ports.For those ...,444.00,GBP,1610496,1610496,False
1970598,RAM Mounts,"RAM Long Double Socket Arm 1"" Balls",,34.95,AUD,1366684,1366684,False
10551504,,Samsung M.2 SSD 1TB 970 EVO NVMe,,148.89,,106914,106914,False
10548789,,Kingston SDHC Canvas Select Plus 32GB 100R Class 10 UHS-I,,3.29E1,PLN,1980656,1980656,False
41462410,,"Card de memorie Kingston MicroSDXC, 64GB, Canvas Select 80R, Class 10, UHS-I si Adaptor",CARACTERISTICI GENERALETip memorieMicroSDXCCapacitate (GB)64Clasa de vitezaClass 10Standard UHSUHS-I U1Rata de transfer la citire (MB/s)80Rata de transfer la scriere (MB/s)10Voltaj (V)3.3AdaptorAdaptor SD,50.00,RON,53163,53163,False
76893002,,Blaze 34-Inch Grill Cart For: 3 Burner Professional Blaze Grill,"Stainless steel construction is durable in outdoor conditionsTwo drawers add practical storage for your BBQ accessories2 folding side shelves provide a convenient work area while grilling4 heavy duty casters allow you to reposition the grill as needed?¨ºDescriptionThis Blaze stainless steel grill cart is specifically designed to house the Blaze Professional 3 burner gas grill. The two stainless steel side shelves keep your BBQ tools at hand and provide a convenient work area while you cook. The Blaze grill cart also features one front door with a rounded handle to access the cabinet below the grill where you can store your propane tank. It also features two drawers with rounded handles to store your grill cover and BBQ accessories. The cart is warranted for lifetime to the original owner against defects in manufacturing and workmanship. This warranty extends to the original purchaser against manufacture defects for products purchased for ordinary single-family home use.?¨ºAdditional informationWEIGHT119CONFIGUATIONOn CartEXTERIOR MATERIALStainless SteelMADE IN USAYesWORK AREAYesNUMBER OF SHELVES2ON WHEELSYESDIMENSIONS34 3/4"" H x 65 1/2"" W x 26 3/4"" DWARRANTYLifetimeADDITIONAL DIMENSIONSCart without Shelves ¡ë?¨° 35 1/4"" H x 33 3/4"" W x 23 7/8"" DSingle Shelf Dimensions ¡ë?¨° 15 3/4"" W x 23 7/8"" DDrawer Internal Dimensions ¡ë?¨° 5 7/8"" H x 12 7/8"" W x 19"" DPhysical Door Opening ¡ë?¨° 19 "" H x 14 1/8"" W",1.09999E3,USD,6140563,6140563,False
11665937,Hydro Flask,Hydro Flask 32 oz Wide Mouth Flex Cap Bottle in Sunflower,32 oz Wide Mouth Flex Cap Bottle in Sunflower,48.00,CAD,489587,489587,False
87046884,,Blaze 40-Inch 5-Burner LTE Built-In Liquid Propane Gas Grill With Rear Infrared Burner & Grill Lights,"Blaze introduces an affordable commercial style grill that was designed with your outdoor BBQ desires in mind. Blaze gas grills feature precision cut, 304 stainless steel components which bring the promise of lasting durability to your outdoor BBQ! This model takes things to the next level with our signature SRL led accent lights and integrated halogen hood lighting.OVERVIEW:5 commercial quality 304 cast stainless steel burners14,000 BTUs of cooking power per burner, for a total cooking surface of 70,000 BTUs10,000 BTU infrared rear rotisserie burnerTotal grill BTUs equal 80,000Heavy 9mm triangular stainless steel cooking rods maximize durability and produce distinguished sear marks915 square inches of total cooking spacePush and turn flame-thrower primary ignition system delivers a fast start every timeFlash tube ignition and crossovers provide an alternate ignition optionRemovable warming rackHeat zone separators divide the cooking surface into individual temperature zonesFlame stabilizing grids minimize flare-ups while adding a grilled flavorFull-width drip tray for quick clean upIlluminated control knobs for evening gatherings creates a sophisticated appearanceInterior lights help navigate the grilling surface at nightDouble-lined grill hood protects outer layer from heat discoloration and maintains more heatDIMENSIONS: Overall Dimensions: Width:39.50 Inch Depth:25.75 Inch Height:21.25 Inch Cut-Out Dimensions: Width:38.38Inch Depth:21.25 Inch Height:08.50InchMANUFACTURER'S DOWNLOADS Blaze LTE Grill Manual Blaze Infrared Sear Burner Instructions Blaze Cutout Specifications",2.19999E3,USD,4825180,4825180,False
88773659,Fuji,Fuji Fuji Instax Square Film 1-Pack,Instax Square Film 1-Pack,16.99,USD,1457721,1457721,False
31585097,Sigma,Sigma Sigma 35mm F1.4 ART DG HSM - Nikon AF mount,This item may qualify for an Instant Rebate. Any current manufacturer rebate will be refunded to your card after purchase. Please email shop@lookingglassphoto.com if you have any questions.,899.99,USD,900968,900968,False
51544284,,LOGITECH H151 STEREO HEADSET - ANALOGUE,LOGITECH H151 STEREO HEADSET - ANALOGUE,329.00,NAD,122031,122031,False
10141837,SanDisk,SanDisk 32GB Ultra Flair USB 3.0 Flash Drive,,23.0,AED,292826,292826,False
30382185,,Hydro Flask Standard 21oz - Black,"Keep life moving with our 21 oz bottle and Standard Flex Cap.It stashes easily into a small shoulder bag, your pack¡¯s side pocket, or your car cup holder, and holds enough ice cold goodness to keep you going for hours without weighing you down. No wonder it's one of our bestselling water bottles. TempShield? double wall vacuum insulation is used to keep your water refreshingly ice cold for up to 24 hours. Plus, it resists condensation, so the sides of your bottle stay dry.The Hydro Flask is made of Durable 18/8 Pro-Grade Stainless Steel construction and is BPA-Free and Phthalate-Free. Lifetime Warranty.",4.995E1,AUD,1558854,1558854,False
88812865,Sigma,Sigma 50MM F1.4 DG HSM Art series Canon Fit Lens,"Large aperature, standard prime lens offering superior peripheral brightnessStandard lens with large maximum aperture of F1.4Super multi-layer lens coating reduces flare and ghostingIncludes fast and near silent HSM autofocusIncorporates Aspherical and SLD Glass",474.17,GBP,75956,75956,False
94512766,Epson,Epson Cartouche d'encre C13T865140 (T8651),XXL ~10000 pages,136.24,EUR,193507,193507,False
57937744,,Fujifilm Instax Mini Mono Black & White (10 sheets) Film,"Fujifilm instax mini film is for all instax mini cameras and comes in a handy cartridge. It offers stunning instant pictures that you can fit into a purse, wallet or mini photo frame. instax film ensures sharp, clear reproduction, vivid color and natural skin tones.",1.295E1,EUR,165928,165928,False
85173141,,"Instax SQUARE Film 10 shot pack, white border","Image Size - 62 mm x 62 mmFilm Size - 86 mm x 72 mmSuitable for all SQUARE cameras and SHARE printersCompatible with all instax SQUARE cameras and printersinstax SQUARE - 10 shotsColour instant film in a square-format.Square-format film compatible with the instax square printers and cameras has arrived.This film boasts the same professional high-quality instant photograph technology found in all instax film, but in a square-format. With assured accurate colour and sharpness, your memories will be preserved for years to come in a format that photographers love across the globe.Print size ¨C 8.6cm x 7.2cmImage size ¨C 6.2cm x 6.2cm",10.0,GBP,1457721,1457721,False
54500223,,HyperX 8GB (2x4GB) 1600MHz CL10 Fury Blue,,289,PLN,288081,288081,False
22194288,RAM MOUNTS,"RAM Long Length Double Socket Arm for C Size 1.5"" Balls - RAM-201U-D","Description Specs & Features Videos Compatible BasesThe RAM-201U-D, Long length double socket arm, has a socket at both ends that accommodates C Size 1.5"" balls. A single spring inside the arm, keeps the socket open, allowing you to insert the ball in to the socket connection. RAM's socket technology allows for almost infinite adjustment to achieve the perfect viewing angle.Material:Powder Coated Marine Grade AluminumBall Size:1.5"" Rubber Ball SizeNote:The ""U"" in the part number reflects product packaged in poly bag.Weight:1.64 lbs.Dimensions:Overall Length: 9.125""Socket-To-Socket Length: 8""RAM Long Double Socket Arm for 1.5"" Ball BasesRAM? Mounts: Ball Sizes & Weight CapacitiesRAM 2.5"" Round Plate with AMPs Hole Pattern & C Size 1.5"" Ball - RAM-202URAM 2.43"" x 1.31"" Diamond Base with 1.5"" - Ball - RAM-238URAM Double U-Bolt Base with 1.5"" Ball for Rails from .75"" to 1.25"" in Diameter - RAM-235URAM Triple Suction Cup Base with 1.5"" Ball - RAM-224-3URAM Medium Tough-Claw? with 1.5"" Diameter Rubber Ball - RAP-404URAM 3.68"" Round Base with 1.5"" Ball - RAM-240URAM Rail Base with Zinc Coated U-Bolt & 1.5"" Ball for Rails from 0.5"" to 1.25"" in Diameter - RAM-231ZURAM Rail Base with ""Rust-Proof"" Stainless Steel U-Bolt & 1.5"" Ball - RAM-231URAM 1.25"" to 1.875"" Rail Clamp Base with 1.5"" Ball - RAM-271U-12RAM 1.5"" Ball Base with Strap 1"" to 2.1"" Diameter - RAM-108BURAM 3"" Max Width Clamp Base with 1.5"" Ball - RAM-247U-3RAM C Size 1.5"" Ball on Rectangular Plate with 1.5"" x 2"" 4-Hole Pattern - RAM-202U-225RAM 4.75"" Square Base with VESA (4 X 75mm) (4 X 100mm) Hole Patterns & 1.5"" Ball - RAM-246URAM 75mm X 75mm VESA 3.625"" Plate with 1.5"" Ball - RAM-2461URAM 3.6"" X 2.1"" 35mm x 75mm VESA Base with 1.5"" Ball - RAM-2462URAM 6.25"" x 2"" Universal Electronics Base with 1.5"" Ball - RAM-111BU",39.49,USD,1764013,1764013,False
65129957,,LaCie Rugged Thunderbolt USB-C 2TB,,,,114602,114602,False
78196838,Kingston,KINGSTON 8GB 1600MHz DDR3 CL10 DIMM (Kit of 2) HyperX Fury Series,,41.65,EUR,288081,288081,False
59936386,,Hydro Flask 21oz Standard Mouth with Flex Cap - Olive,"Its time to unwind and enjoy your favorite beverage with Hydro Flask¡¯s 21oz Standard Mouth bottle with Flex Cap. Specifically engineered to keep your hots hot and your colds cold, this cup is a must-have for runners, tennis players, and everything in between.Hydro Flask? has created a reusable bottle that truly performs in any environment. They are made from 18/8 pro grade stainless steel and feature double-wall vacuum insulation that ensures the temperature of the liquid inside never mingles with the temperature of the environment outside. Your hots will stay hot for up to 12 hours, and your colds will stay cold for up to 24. This bottle is perfect for the campsite, the gym, or out on the road with its convenient Flex Cap and carry handle. Includes Flex Cap lid with swivel handle.Double wall vacuum insulated.BPA-Free.18/8 stainless steel.Signature, easy grip matte finish (except for Stainless Steel colorway). Narrow design fits into most cup holders. Lifetime Warranty through Hydro Flask?.Limited Lifetime Warranty through Hydroflask",3.295E1,USD,1446023,1446023,False
62898389,Kingston,Kingston Canvas Select Plus MicroSD 100MBs Class 10 128GB,The Kingston Canvas Select Plus MicroSDXC Class 10 128GB with SD Adapter included has a Read Speed of 100MB/s and is compatible with Android devices,16.89,GBP,27477,27477,False
92704095,,"Blaze 40"" Stainless Steel 5 Burner LTE Built-In Gas Grill w/ Rear Burner BLZ-5LTE2","40"" Stainless Steel 5 Burner LTE Built-In Gas Grill w/ Rear Burner and Built-In Lightning System BLZ-5LTE2 by Blaze GrillIntroducing a sizzling choice for the affordable, commercial-style grill of your dreams from Blaze. The BLZ-FLTE2 is designed for outdoor use, with sturdy, durable, precision cut 304 stainless steel components.Take your grilling prowessto the next level withBlaze's signature SRLLED accent lights andbuilt-in halogen hood lighting, ensuring you get the perfect cook day or night.With a lifetime warranty against defects in the manufacturing and workmanship of the main burners, cooking grids, body, flame tamers, heat zone separators, warming rack, and control valves, feel confident in your purchase of this Blaze grill. Plus, you'll receive an additional one-year warranty on theignition, electronic, and lighting systemsare covered for one year after the date of purchase.Register your grill withinthirty days of purchase for the warranty to apply.Built-In Gas Grill Features5 stainless steel commercial quality 304 castburnersTotal cooking surface of 70,000 BTUs (14,000 BTUs of cooking power per burner)Total grill BTUs of 80,000 with 10,000 BTU infrared rear rotisserie burnerEnjoy maximumdurability and distinguished sear marks with heavy 9mm triangular stainless steel cooking rodsProvides roomy 915 square inches of total cookingareaFast start in a flash with push and turn flame-thrower primary ignitionAlternative ignition option with flash tube ignition and crossoversRemovable warming rack to port dishes right to the tableFire up different foods at once with divided different temperature zones and heat zone separatorsMinimize flare-ups while adding a grilled flavor with flame stabilizing gridsEasy cleanup with full-width drip traySophisticated appearance with illuminated control knobs for evening gatherings and cookoutsBuilt-in interior lightsmake it easy to see the grilling surface at nightDouble-lined grill hoodprovides heat discoloration protection while maintaining heat levels betterBlaze Grills offers an impressive complimentary Lifetime WarrantyOrder your40"" Built-In Gas Grill Today and enjoy FREE Shipping with no tax or fees! Buy Now!Blaze Grill VideoTo watch a video onBlaze Outdoor Products click hereTo watch a video onBlaze LTE Gas Grill Overview click hereBlaze Grill SpecificationsDimensions:21 1/4""H x 39 1/2""W x 25 3/4""DCut-Out Dimensions:8 1/2""H x 38 3/8""W x 21 1/4""D (See manual for information on additional space needed for grill hood to open)Total grill BTUs equal 80,000915 square inches of total cooking space5 commercial quality 304 cast stainless steel burnersBlaze Grill ResourcesDownload Blaze Grill 5 Burner LTE Gas Grill Manual",2199.99,USD,4825180,4825180,False
73823909,,UBIQUITI UAP-AC-HD-5 5pk,"Build your Wi-Fi network with the UniFi? HD Access Point, part of the Ubiquiti Networks? UniFi Enterprise Wi-Fi System. The UAP-AC-HD, is an indoor/outdoor, high-performance, 802.11AC Wave 2 dual-band access point, capable of throughput speeds of up to 2533 Mbps and a maximum range of up to 122 mete",1964.95,CAD,980563,980563,False
86176880,,Sigma ART 50mm f/1.4 DG HSM Lens for Nikon,,1099.99,CAD,393711,393711,False
72379446,,Johnnie Walker - Blue Label - 700ml,For bulk orders please do not hesitate to contact us - 01428 727744 or 01730 235923Country:ScotlandRegion:Sub-Region:Main Grape:Second Grape:Third Grape:This is the pinnacle of blended whisky. This follows the Walker family belief that neither whisky age alonenor whisky from a single locationis enough to achieve the creation of an unrivalled masterpiece today. Layers of big flavourdeep richness and smokelayers of honey and fruit and an incredibly smooth finish.,169.95,GBP,56750,56750,False
619357,,Nikon AF-S NIKKOR 24-85mm f/3.5-4.5 G ED VR Lens,,679.99,CAD,21809,21809,False
18123170,,Sram Cassette 12sp 11-50 PG-1230,,216.00,NZD,70762,70762,False
67358569,KINGSTON,Memoire SDXC KINGSTON 32GB Canvas Select microSDHC (microSD) + Adapter SD,Memoire SDXC KINGSTON 32GB Canvas Select microSDHC (microSD) + Adapter SD,9.99,EUR,595102,595102,False
54296266,,SRAM PG-1230 12-speed Cassette for NX Eagle,"Ride anywhere with the wide-range PG-1230, 11- to 50-tooth Eagle cassette. The NX cassette gives riders every bit of the climbing range that the Eagle? ecosystem affords with a simple upgrade to splined-drive body wheels.SPECIFICATIONSApplication: Cross Country, Trail, All Mountain, Enduro, E-BikeGearing: 12-speedGradation: 11-50 tSprocket Material: steelFreehub Body Compatibility: Shimano MTB not for Shimano Micro Spline, 12-speedTechnical Information:Series: SRAM NX EagleSpider: 1 / aluminiumRecommended Chain: SRAM PC NX EagleContents:- 1 x SRAM PG-1230 Eagle cassetteFAQWill this work on my bike?See our infographic for help choosing an upgrade kit for your bike.What type of freehub do I need for this cassette?An HG (Shimano) freehub is required for this cassette.Do I need to replace my chain when I replace the cassette?Use a chain wear tool to check the wear on your chain. If the chain is more than 0.5% worn it is recommendable to replace the chain as it will accelerate the wear on the cassette.Is this product suitable for e-bike use?Yes","90,00",EUR,70762,70762,False
24990804,LACIE,Rugged Mobile Storage 2TB Thunderbolt Usb-C HDD Extern,,151,CHF,114602,114602,False
1286250,,3M - DESKTOP LCD LW FRAMED FILTER,3M DESKTOP LCD LW FRAMED FILTER (PF220W1F) - Type: Andet tilbeh?r,1931.25,DKK,196841,196841,False
70986060,,Carto de memria micro SD Kingston 32Gb classe 10 Canvas Select,,0.00,BRL,595102,595102,False
2808350,,SD KINGSTON 32GB MICRO SDHC CANVAS SELECT 80R CL10 UHS-I CARD C/ADAPTER,"Kingston Technology Canvas Select, 32 GB, MicroSD, Cl¨¢ss 10, UHS-I, 80 MB/s, Preto",8.20,EUR,595102,595102,False
69487298,Hydro Flask,Hydro Flask 32 oz. Wide Mouth 2.0 Flex Cap Sunflower,"Hydro Flask 32 oz. Wide Mouth 2.0 Flex Cap Sunflower in Medicine Hat, Alberta, Canada",40.79,CAD,489587,489587,False
18843058,Hydro Flask,Hydro Flask 32oz Wide Mouth Flex Cap Sunflower,,44.95,USD,489587,489587,False
47115585,,UAP-AC-HD-5Ubiquiti UniFi AP ac HD 802.11ac Wave 2 4x4 5-Pack,,184.19,KES,980563,980563,False
10080614,RAM Mounts,"RAM-201U-D - RAM Long Length Double Socket Arm for 1.5"" Balls",,,,1764013,1764013,False
70349654,RAM MOUNTS,"RAM Short Double Socket Arm for C Size 1.5"" Balls - RAM-201U-B","Description Specs & Features Videos Compatible BasesThe RAM-201U-B, short double socket arm, has a socket at both ends that accommodates 1.5"" ball bases. A single spring inside the arm opens the end sockets, allowing you to pivot the ball and socket connection. This socket technology allows for almost infinite adjustment and perfect viewing angles.Material:Powder Coated Marine Grade AluminumBall Size:1.5"" Rubber Ball SizeNote:The ""U"" in the part number reflects product packaged in poly bag.Weight:0.51 lbs.Dimensions:Overall Length: 3.5""Socket-To-Socket Length: 2.25""RAM Short Double Socket Arm for 1.5"" Ball Bases (Overall Length: 3.5"")RAM? Mounts: Ball Sizes & Weight CapacitiesRAM 2.5"" Round Plate with AMPs Hole Pattern & C Size 1.5"" Ball - RAM-202URAM 2.43"" x 1.31"" Diamond Base with 1.5"" - Ball - RAM-238URAM Double U-Bolt Base with 1.5"" Ball for Rails from .75"" to 1.25"" in Diameter - RAM-235URAM Triple Suction Cup Base with 1.5"" Ball - RAM-224-3URAM Medium Tough-Claw? with 1.5"" Diameter Rubber Ball - RAP-404URAM 3.68"" Round Base with 1.5"" Ball - RAM-240URAM Rail Base with Zinc Coated U-Bolt & 1.5"" Ball for Rails from 0.5"" to 1.25"" in Diameter - RAM-231ZURAM Rail Base with ""Rust-Proof"" Stainless Steel U-Bolt & 1.5"" Ball - RAM-231URAM 1.25"" to 1.875"" Rail Clamp Base with 1.5"" Ball - RAM-271U-12RAM 1.5"" Ball Base with Strap 1"" to 2.1"" Diameter - RAM-108BURAM 3"" Max Width Clamp Base with 1.5"" Ball - RAM-247U-3RAM C Size 1.5"" Ball on Rectangular Plate with 1.5"" x 2"" 4-Hole Pattern - RAM-202U-225RAM 4.75"" Square Base with VESA (4 X 75mm) (4 X 100mm) Hole Patterns & 1.5"" Ball - RAM-246URAM 75mm X 75mm VESA 3.625"" Plate with 1.5"" Ball - RAM-2461URAM 3.6"" X 2.1"" 35mm x 75mm VESA Base with 1.5"" Ball - RAM-2462URAM 6.25"" x 2"" Universal Electronics Base with 1.5"" Ball - RAM-111BU",19.49,USD,93315,93315,False
70291557,Kingston,Kingston Canvas Select Plus SDHC Memory Card UHS-I 4K FULL HD 100MB/s - 32GB,"100% Genuine Kingston. Supplied brand new in sealed retail packaging with a superb Manufacturers Lifetime Warranty. Full HD - The advanced UHS-I interface makes the card ideal for cinema-quality 4k, full HD (1080p) and 3D video.Shoot more high-density image files like RAW or JPEG with Read Speeds up to 100MB/sTough and Dependable: Waterproof, shock and vibration proof, X-Ray and temperature proof too! Supports continuous burst mode and ensures video integrity by reducing stutterThis superb Kingston SD memory card is ideal for multi-device-use including with many digital cameras. This full size SD memory card (Secure Digital) is also known as a SDHC (Secure Digital High Capacity). A SD card measures L32 x W24 x D2.1 mm7dayshop stock a competitive range of products : photo, computer, memory, inkjet, audio, video, battery, gifts ideas, gadgets and much more.We have been selling online since the year 2000. Buy with confidence.",,,1980656,1980656,False
97573369,Kingston,Kingston 128GB Canvas Select Plus MicroSDHC Class 10/ UHS-1 Flash Memory Card w/ Adapter,"128GB Canvas Select Plus MicroSDHC Class 10/ UHS-1 Flash Memory Card w/ Adapter. Kingstons Canvas Select plus SD card is designed with exceptional performance, speed and durability for heavy workloads such as transferring and developing high resolution photos or capturing and editing full HD videos. It can reach Class 10 UHS-I speeds up to 100MB/s for easy storage and quick transfers along with an advanced UHS-Iinterface that can record cinematic Full HD and 4K Ultra HD videos. The Canvas Select plus SD card is built to perform in the harshest environments and conditions so you can take it anywhere knowing that your files, photos and videos are protected.",22.99,USD,27477,27477,False
55002512,,LaCie 2TB HDD Rugged Thunderbolt USB-C External Portable Drive,"Pros Trust the Rugged FamilySince 2005, LaCie Rugged portable drives have thrived where only the toughest survive ¡ª the film sets, photo shoots, and music studios of the world¡¯s most influential creative pros. Why? Because LaCie Rugged products are the industry¡¯s most trusted way to capture and transport data in the field.Thunderbolt & USB-C ReadyA common scenario: You need to edit and deliver a project to a client, but you use a USB-C MacBook Pro and they use a USB 3.0 computer. What do you do? Simple ¡ª go for Rugged. This family of drives embraces a wide array of interface compatibilities so that you can edit, collaborate and share seamlessly.Super SpeedTheLaCie Rugged Thunderbolt External HDDprovides 2TB of high-speed storage to virtually every type of system that sports a Thunderbolt, USB Type-A, or USB Type-C port. This LaCie Rugged is armed with an integrated Thunderbolt cable capable of transferring data at rates of up to 10 Gb/s. For non-Thunderbolt systems, it comes with one USB 3.0 Type-C port with 5 Gb/s speeds.Rugged Drives for All-Terrain ReliabilityAside from providing high-speed storage, the LaCie Rugged is designed to survive 6.6' drops and 1-ton weights. It is IP54 rated, which protects the SSD from dust and water spills. Moreover, AES 256-bit software encryption is available to safeguard your sensitive data from unauthorised access.",179.99,GBP,114602,114602,False
84528711,,Omega Seamaster Planet Ocean Automatic Chronograph Two-Tone Rubber Watch 215.32.46.51.01.001,"stainless steel case, with a black dial. Two-Tone rubber Strap. automatic movement. sapphire crystal. 45.5mmx 45.5mmx 18.8mm case. 22mm band width. 600 meters water resistant. Omega Seamaster Planet Ocean Automatic Chronograph Two-Tone Rubber Watch 215.32.46.51.01.001 Omega has made innumerable contributions to watch-making history, including the first watch on the moon, followed by five subsequent lunar landings, the first divers' watch, the world's only certified marine chronometer watch, the inventor of the James Bond watch, and more records for accuracy than any other watch company. Omega has also been the official timekeeper of the Olympic Games since 1932.",6.15425E3,USD,1476532,1476532,False
98849797,,Ubiquiti UniFi AP AC HD (5-pack),,136930,RUB,980563,980563,False
45633828,,Omega Seamaster Planet Ocean Automatic Chronograph Stainless Steel Watch 232.30.46.51.01.002,"stainless steel case, with a black dial. Silver stainless steel Bracelet. automatic movement. sapphire crystal. 45.5mmx 45.5mmx 19.5mm case. 20mm band width. 600 meters water resistant. Omega Seamaster Planet Ocean Automatic Chronograph Stainless Steel Watch 232.30.46.51.01.002 Omega has made innumerable contributions to watch-making history, including the first watch on the moon, followed by five subsequent lunar landings, the first divers' watch, the world's only certified marine chronometer watch, the inventor of the James Bond watch, and more records for accuracy than any other watch company. Omega has also been the official timekeeper of the Olympic Games since 1932.",7.15799E3,USD,5409130,5409130,False
10457886,,"3M - Privacy filter framed lightweight for LCD 20"""" to 23"""" Wide","3M Privacy filter framed lightweight for LCD 20"""" to 23"""" Wide (98-0440-4913-2) - Type: Sk?rmbeskytter",2412.24,DKK,196841,196841,False
51520804,Omega,Planet Ocean 600M Omega Co-Axial Master Chronometer Chronograph 45.5mm 215.30.46.51.03.001,"It was with OMEGA's maritime legacy in mind that the brand launched its Planet Ocean line in 2005. The stylish OMEGA Seamaster Planet Ocean 600M Master Chronometer Chronograph pays homage to OMEGA's dive watch heritage.This model, with its scratch-resistant sapphire crystal, features a blue ceramic dial with Arabic numerals and a date window at the 6 o'clock position. The dial presents a small seconds sub-dial, as well as 60-minute and 12-hour counters on one dial for intuitive reading of elapsed time. The blue ceramic unidirectional rotating divers' bezel, with its Liquidmetal diving scale, is mounted on a 45.5 mm stainless steel case.Other features include an alveol screw-in caseback and a stainless steel bracelet with patented extendable foldover clasp.The OMEGA Seamaster Planet Ocean 600M Master Chronometer Chronograph is water resistant to 60 bar (600 metres / 2000 feet), and has a helium-escape valve. The OMEGA Master Chronometer calibre 9900 at the heart of this timepiece can be seen through the transparent caseback. To achieve Master Chronometer status, it has passed the 8 rigorous tests set by METAS (The Swiss Federal Institute of Metrology).",8450,USD,2193117,2193117,False
94700735,,"Asus TURBO-RTX2060S-8G-EVO NVIDIA, 8 GB, GeForce RTX 2060 SUPER, GDDR6",,2593.00,PLN,320546,320546,False
26301462,Sigma,Sigma 35mm F1.4 DG Art HSM EOS Mount Lens,Sigma 35mm F1.4 DG Art HSM EOS Mount Lens,1059,AUD,704991,704991,False
23708769,,Samsung 970 EVO Plus M.2 2280 PCIe SSD 250GB,"Last updated:18/06/2020 SSD 970 EVO Plus 250GB, Samsung V-NAND, M.2 (2280), NVMe, R/W(Max) 3,500MB/s/2,300MB/s, 250K/550K IOPS, 5 Years Warranty",259,NZD,993500,993500,False
70894718,,CARTO DE MEMRIA CLASSE 10 KINGSTON SDCS/64GB MICRO SDXC 64GB 80R/10W UHS-I U1 CANVAS SELECT,,,,53163,53163,False
21506250,Audio-Technica,Casti Hi-Fi Audio-Technica ATH-AD500X,,599,RON,87840,87840,False
56574761,,Audio Technica Headphones Air Dynamic Series ATH-AD500X,"Product details of AUDIO TECHNICA - ATH-AD500X Professional Monitor Headphone (AD500X)- Newly designed 53 mm drivers- Open-air headphones produce no sense of pressure on the ears- Self-adjusting 3D Wing Support Housing- Flexible raised-fabric earpads offer excellent wearing comfort- Highly conductive OFC (oxygen-free copper) single-sided cable- Gold-plated stereo 1/8"" (3.5 mm) connector with 1/4"" (6.3 mm) adapter",529,MYR,87840,87840,False
34388814,,Fujifilm Instax Square Film 20 Pack,,39.0,NZD,300521,300521,False
80250895,,"RAM Long Double Socket Arm for 1"" Ball Bases - Overall Length: 6""","The RAM-B-201U-C, long double socket arm, has a socket at both ends that accommodates 1"" ball bases. A single spring inside the arm opens the end sockets, allowing you to pivot the ball and socket connection. This socket technology allows for almost infinite adjustment and perfect viewing angles.SpecificationsDimensions:Overall Length: 6""Socket-To-Socket Length: 5.1875""Material: Powder Coated Marine Grade AluminiumBall: B size 1"" rubberAccessoriesCompatibilityRelated ItemsNotesThe ""U"" in the part number reflects product packaged in poly bag.InstructionsVideos Warranty RAM Warranty",3.595E1,AUD,1366684,1366684,False
34446457,,Fujifilm - Instax Square SQ10 Refill Film - White (Pack of 10),,189.00,ZAR,1457721,1457721,False
87259085,,RAM Double Socket Arm MC201C LONG,"The RAM-MC-201-C, Long double socket arm, has a socket at both ends that accommodates 1"" ball bases. A single spring inside the arm opens the end sockets, allowing you to pivot the ball and socket connection. This socket technology allows for almost infinite adjustment and perfect viewing angles.",2.899E1,GBP,1366684,1366684,False
97657130,Sigma,Sigma 105mm F1.4 Art DG HSM EOS Mount Lens,Sigma 105mm F1.4 Art DG HSM EOS Mount Lens,2595,AUD,2161920,2161920,False
72558082,,RAM-201U-D RAM Mounts C-Size Double-Socket Long Arm with 1.5-Inch Sockets,"RAM-201U-D RAM Mounts C-Size Double-Socket Long Arm with 1.5-Inch SocketsSPECIAL NOTE: This item is much larger in real life than it appears to be in the photos. Please be sure to see all measurements and weights listed in the description. ABSOLUTELY NO REFUNDS FOR FAILURE TO PROPERLY VIEW ALL SPECIFICATIONS. If you receive this item and it is too large for your project, no return will be allowed and no refund will be given.The RAM-201U-D, Long length double socket arm, has a socket at both ends that accommodates C Size 1.5"" balls. A single spring inside the arm, keeps the socket open, allowing you to insert the ball in to the socket connection. RAM's socket technology allows for almost infinite adjustment to achieve the perfect viewing angle.Dimensions:Overall Length: 9.125""Socket-To-Socket Length: 8""Material:Powder Coated Marine Grade AluminumBall Size:C Size 1.5"" Rubber BallNote:The ""U"" in the part number reflects product packaged in poly bag.Weight:1.64 lbs.Product video:",39.49,USD,1764013,1764013,False
26086635,,"Blaze 34"" 3-Burner Professional Grill Cart",This Blaze stainless steel grill cart is specifically designed to house the Blaze Professional 3 burner gas grill. The two stainless steel side shelves keep your BBQ tools at hand and provide a convenient work area while you cook. The Blaze grill cart also features one front door with a rounded handle to access the cabinet below the grill where you can store your propane tank. It also features two drawers with rounded handles to store your grill cover and BBQ accessories. The cart is warranted for lifetime to the original owner against defects in manufacturing and workmanship. This warranty extends to the original purchaser against manufacture defects for products purchased for ordinary single-family home use.,1.099E3,USD,6140563,6140563,False
10484796,,Kingston Technology Canvas Select memory card 64 GB MicroSDXC Class 10 UHS-I,"Bring your HD videos to life.Kingston?s Canvas Select? microSD card is designed to be reliable, making it ideal for filming in HD and shooting high-resolution photos. You can be confident that your memories will be safe when documenting life?s adventures on your Android? smartphone or point-and-shoot camera. It?s available in multiple capacities up to 256GB*, to provide plenty of space to capture an entire trip. Kingston Canvas cards are tested to be durable, so you can take them anywhere with the confidence that your photos, videos and other data will be protected, even in harsh or unstable conditions.**- Class 10 UHS-I speeds up to 80MB/s read***- Multiple capacities up to 256GB*- Built and tested to withstand harsh environments* Some of the listed capacity on a Flash storage device is used for formatting and other functions and is thus not available for data storage. As such, the actual available capacity for data storage is less than what is listed on the products. For more information, go to Kingston?s Flash Guide at kingston.com/flashguide.** IEC/EN 60529 IPX7 certified for protection against continual water submersion for up to 30 min. and a depth of up to 1m. Withstands temperature range from -25 ?C to 85 ?C. Based on MIL-STD-883H, METHOD 2002.5 military standard test method. Protected against X-ray exposure based on ISO7816-1 guidelines.*** Speed may vary due to host and device configuration.",7.99,GBP,53163,53163,False
23836628,,Epson T8651 Patron Black 10K (Eredeti),WP-M5690DWF/WP-M5190DW,52042,,193507,193507,False
8499589,,Daniel Wellington Sheffield Classic DW00100036,,,,48610,48610,False
49517221,Logitech,Logitech H151 Stereo Headset (981-000589),,173.43,TRY,122031,122031,False
53519314,,Sigma 50mm f1.4 DG HSM ART Lens (Canon EF Fit),"EF-Mount Lens/Full Frame FormatAperture Range: f/1.4 to f/16One Moulded Glass Aspherical ElementThree Special Low Dispersion ElementsSuper Multi-Layer CoatingFloating System & Large Diameter DesignHyper Sonic AF MotorRounded Nine-Blade DiaphragmThermally Stable Composite MaterialBrass Bayonet MountCompatible with Sigma USB DockIntroducing the new benchmark large-aperture standard lens.In 2008, Sigma released a large diameter standard lens designed for digital SLRs, ¡°SIGMA 50mm F1.4 EX DG HSM¡±. At that time, products for film cameras were prevalent, yet we spent enormous effort to set a new benchmark for the 50mm lens that optimizes the characteristics of digital cameras, such as compensating peripheral brightness, controlling the point images in the corners, and improving the image drawing, not only around the focusing point, but also other areas in the image.In recent years, as the DSLR evolves, development of image sensors for higher pixel size has created the photographers' desire for the lenses with superior performance. In 2012, Sigma has announced the ¡°Art¡± line that achieves unsurpassed expressive performance to fulfill the higher requirement of photographers. The first lens from the ¡°Art¡± line ¡°SIGMA 35mm F1.4 DG HSM [A012]¡± sought for uncompromising performance, and it resulted in great reviews as well as a lot of awards from all over the world. Based on the accumulated wisdom and know-how to establish the standard for our ¡°Art¡± line series, we are proud to announce the development of the new high performance standard lens with a large diameter for this new era of superb image quality.Art line delivers high-level artistic expressionSIGMA is organizing all its interchangeable lenses into three product lines; Contemporary, Art, and Sports, where each line has a distinctive concept. Designed with a focus on sophisticated optical performance and abundant expressive power, our Art line delivers high-level artistic expression. With the astonishing rendering performance that meets the high standard, along with landscapes, portraits still-life, close-up, and casual snaps, they are perfect for the kind of photography that unleashes the inner artist. Ideal for studio photography, they offer just as much expressive scope when capturing architecture and starry skies and many other scenes.Astonishing rendering performanceUtilizing know-how and the latest design technology accumulated through the past developments, it corrects the aberration thoroughly and achieves high resolution and astonishing rendering performance even near the edge of the image.Achieving both high resolution and beautiful bokehWhile pursuing a high level of resolution on the focused point, bokeh in front and behind the point of focus is carefully maintained to have soft rendering. Aberrations including sagittal coma flare and color distortion that affect the image quality are thoroughly corrected. From open aperture, high-definition rendering without blur is achieved. Moreover, by ensuring vignetting at the minimum and preventing color blur around the front and back of the focus point, it also achieves natural bokeh.Excellent correction of sagittal coma flareIt is ideal for a wide aperture standard lens to have a high rendering performance from open aperture throughout the entire image. For instance, the molded glass aspherical lens elements provide excellent correction to sagittal coma flare. It is perfect for astronomical photography and shooting of illumination because of the reduced blur on the point light sources near the edge of the image. It also creates an attractive bokeh in portraits and indoor shooting.Correction of axial chromatic aberrationFor axial chromatic aberration that is hard to correct even during the image processing, SLD (Special Low Dispersion) glass elements are incorporated, ensuring high image quality throughout the entire focusing range. The lens achieves sharp and high contrast image rendering.Minimized distortionIt is not possible to compensate for distortion just by changing the aperture values. Thus, the lens development stage was vital in ensuring minimized distortion. The ¡°SIGMA 50mm F1.4 DG HSM¡± has positioned each glass element to optimize the power layout at respective positions, and succeeded in minimizing distortion.Rich peripheral brightnessIt secures very rich brightness in the peripheral areas, which can be a common problem for a lens with a large diameter. By positioning wide elements in the front group, it has improved the efficiency at large apertures. Since it is capable of minimizing vignetting, very clear depiction across the image is ensured.Designed to minimize flare and ghostingFlare and ghosting were thoroughly measured and monitored from the lens development stage to establish an optical design which is resistant to strong incidental light such as backlight. The Super Multi-Layer Coating reduces flare and ghosting and provides sharp and high contrast images even in backlit conditions.Minimum focusing distance of 40cmThe lens incorporates a floating system that adjusts the distance between lens groups while focusing, thereby reducing the amount of lens movement required. This achieves a minimum focusing distance of 40cm and maximum magnification ratio of 1:5.6. As there is less variation in aberration at different shooting distances, the lens delivers high rendering performance throughout the entire focusing range.Hyper Sonic Motor ensures High AF SpeedThe HSM (Hyper Sonic Motor) ensures a silent, high-speed AF function. Optimizing AF algorithm, smoother AF is achieved. Also, this lens can offer full-time MF function by rotating the focus ring of the lens while auto focusing. Without changing the AF/MF Focus Mode Switch, it allows faster focus adjustment.New Additional function added to ¡°SIGMA USB DOCK(optional)¡±With the optional SIGMA USB DOCK, you can update your lens firmware, adjust focus points and customize the setting of Full-time MF function and the timing to operate the Full-time MF function. By attaching this lens to a SIGMA USB DOCK, which is connected to a computer, the dedicated software ¡°SIGMA Optimization Pro¡± offers various types of customization and adjustment.Incorporating Rounded DiaphragmThe 9 blade-rounded diaphragm creates an attractive blur to the out-of-focus areas of the image.Design ConceptWith the new product lines, supplied hoods incorporate rubber for the connected part. Lens caps and AF/MF switches are also newly designed in order to improve usability. For the parts inside, metals and a new material called TSC (Thermally Stable Composite), which works well with metals, are located to achieve products with high accuracy. The lens barrel includes the year of release, engraved for users to recognize when the lens was released.Brass made bayonet mountThis lens incorporates a brass made bayonet mount which has both high accuracy and durability. A special treatment to reinforce its strength is applied to the surface giving it greater strength and making it highly resistant to long-term use.",494,GBP,75956,75956,False
35809370,Hydro Flask,Hydro Flask 32oz Wide Mouth Flex Cap Hibiscus,,44.95,USD,929657,929657,False
27976942,Fujifilm,Fujifilm Instax Square SQ Film,,9.99,GBP,1457721,1457721,False
33563667,Samsung,Samsung 970 Evo Plus 250GB PCIe M.2 SSD,"Product InformationProduct OverviewThe ultimate in performance, upgraded. Faster than the 970 EVO, the 970 EVO Plus is powered by the latest V-NAND technology and firmware optimization. It maximizes the potential of NVMe bandwidth for unbeatable computing. The 970 EVO Plus reaches sequential read/write speeds up to 3,500/3,300 MB/s, up to 57% faster than the 970 EVO. The latest V-NAND technology - which brings greater NAND performance and higher power efficiency - along with optimized firmware, a Phoenix controller, and Intelligent TurboWrite boost speedShow more;",80.97,EUR,993500,993500,False
65860213,,Ubiquiti Networks UniFi AP AC PRO 5-pack Reference: UAP-AC-PRO-5,Ubiquiti Networks UniFi AP AC PRO 5-pack Reference: UAP-AC-PRO-5,577.484821,EUR,68127,68127,False
75488221,RAM,RAM Short Double Socket Arm B Size (RAM-B-201U-A),"RAM? Short Double Socket Arm for B Size 1"" BallsLow-profile design with an overall length of 2.42"" and socket-to-socket length of 1.75""Attaches to any B size RAM? ball component, including mounting bases and device holders; double ball and socket technology allows for near-infinite adjustability of your RAM? mounting systemMade of powder-coated, marine-grade aluminum for durability and reliability in the most demanding environmentsBacked by a lifetime warrantyThe RAM-B-201U-A consists of a short double socket arm that accommodates 1"" B size ball bases, device holders, and adapters. With an overall length 2.42"", this is thelowest profile RAM? double socket arm size. The easy to adjust knob allows for near-infinite adjustability for your connected device.The standard clamp is RAM-B-201 (RAM-B-201).Note:This product does not include the pin spring.",22.00,AUD,394619,394619,False
10049858,Audio Technica,Audio Technica ATH-AD500X Headphones,,139.00,GBP,87840,87840,False
11528260,,"Card de Memorie MicroSDXC Kingston Canvas Select 80R, 32GB, Clasa 10 UHS-I, 80/10 MB/s, adaptor SD","MicroSDXC Kingston, 32GB, Canvas Select 80R, Clasa 10 UHS-I, 80/10 MB/s, adaptor SD",29.4118,RON,595102,595102,False
64417774,,"MB ASUS ROG STRIX X570-F GAMING AM4 4DDR4 HDMI,DP 3*PCIE Optical S/PDIF OUT, AURA, M.2 ATX",,306.71,EUR,80156,80156,False
54689761,Nikon,Nikon AF-S NIKKOR 24-85mm f/3.5-4.5G ED VR Lens,"The Nikon AF-S NIKKOR 24-85mm f/3.5-4.5G ED VR Lens features a wide to medium tele 3.5x zoom and VR image stabilization. It's an excellent standard lens that can be used for everyday shooting. The 24 - 85mm focal length can cover everything from wide-angle shots to portrait shooting. It lets you shoot up to four shutter speeds slower, thanks to the VR Image Stabilization. And, it affords superior close focusing at 1.25 feet away from every focal length. In addition to the obvious advantages a reliable everyday lens provides, it also employs a 7-blade rounded diaphragm opening, three aspherical lens elements and one extra-low dispersion ED element. The 7-bladed rounded diaphragm allows for beautiful bokeh and blurred background effects in photos with a shallow depth of field.",778,AUD,21809,21809,False
57298257,,Samsung 970 EVO 500GB - NVMe PCIe M.2 2280 SSD | MZ-V7E500BW,"The SSD that goes furtherAccelerate into next-gen computing. The Samsung 970 EVO delivers breakthrough speeds, best-in-class reliability, and a broad range of capacity options up to 2TB*. The latest V-NAND, new Phoenix controller, and Intelligent TurboWrite technology enhance high-end gaming and 4K & 3D graphic editing.At a Glance:Superior NVMe Read/Write performanceSamsung's V-NAND reliability",5.1975E2,AED,1929047,1929047,False
37065951,,Kingston Canvas Select (32GB) MicroSD Card Class 10 UHS-1 U1 with Adaptor,"Bring your HD videos to life.Kingston¡¯s Canvas Select? microSD card is designed to be reliable, making it ideal for filming in HD and shooting high-resolution photos. You can be confident that your memories will be safe when documenting life¡¯s adventures on your Android? smartphone or point-and-shoot camera. It¡¯s available in multiple capacities up to 256GB*, to provide plenty of space to capture an entire trip. Kingston Canvas cards are tested to be durable, so you can take them anywhere with the confidence that your photos, videos and other data will be protected, even in harsh or unstable conditions.*** Some of the listed capacity on a Flash storage device is used for formatting and other functions and is thus not available for data storage. As such, the actual available capacity for data storage is less than what is listed on the products. For more information, go to Kingston¡¯s Flash Guide at kingston.com/flashguide.** IEC/EN 60529 IPX7 certified for protection against continual water submersion for up to 30 min. and a depth of up to 1m. Withstands temperature range from -25 ¡ãC to 85 ¡ãC. Based on MIL-STD-883H, METHOD 2002.5 military standard test method. Protected against X-ray exposure based on ISO7816-1 guidelines.*** Speed may vary due to host and device configuration.",,,595102,595102,False
96132128,,Kingston Canvas Select microSDXC 128GB UHS-I Class 10 + SD Adapter,,4.125E1,EUR,854253,854253,False
46246978,,Fujifilm Instax mini Rainbow film 10 pack,"¡° instax mini ¡± film is for all instax mini cameras and comes in a handy cartridge. It offers stunning instant pictures that you can fit into a purse, wallet or mini photo frame. instax film ensures sharp, clear reproduction, vivid color and natural skin tones. Highly stable, the new emulsion performs at temperatures as low as 5¡ãC and as high as 40¡ãC.",149.95,ZAR,1374090,1374090,False
63529922,Ubiquiti Networks,"Ubiquiti Networks 2,4/5Ghz 450/1300Mbps 122m 5Pk Indoor/Outdoor, UAP-AC-PRO_5 (Indoor/Outdoor 196.7 x 35 mm)","Important -5-Pack Does Not Include PoE Power Injectors.Assumes use of PoE Switch or Must Purchase 802.3af PoE Separate. The UniFi AC Pro AP features the latest Wi-Fi 802.11ac, 3x3 MIMO technology in a refined industrial design and is ideal for deployment of maximum?performance wireless networks.Ubiquiti 5-PACK UAP-AC-PRO (P/N UAP-AC-PRO-5-US). Important -5-Packs Do Not Include PoE Power Injectors. Assumes use of PoE Switch or Must Purchase 802.3af PoE Separate. 3x3 11AC MIMO Dual Band 5 and 2.4GHz.",739.00,USD,68127,68127,False
66740059,,"Samsung 970 EVO M.2 500GB Internal SSD,V-NAND 3bit MLC,5 Years Limited Warranty","Samsung 970 EVO M.2 500GB Internal SSD,V-NAND 3bit MLC,5 Years Limited Warranty",159.99,CAD,1929047,1929047,False
56666942,,LaCie 2TB Rugged Thunderbolt & USB-C Portable Drive (STFS2000800),"Legendary Rugged toughness meets USB-C compatibility and blazing-fast Thunderbolt speeds of up to 130Mbps with the LaCie 2TB Rugged Thunderbolt & USB-C Portable Drive.Massive 2TB for large project storageThunderbolt speeds of up to 130MbpsUSB-C for universal connectivityBus powered for complete mobilityIP54 rated shock, dust and waterproofFeaturing a tethered cable and IP54 rated resistance to the elements, the LaCie 2TB Rugged Thunderbolt & USB-C Portable Drive means you don¡¯t have to compromise between durability, mobility and speed.",285,AUD,114602,114602,False
3889666,,0000012890| Sigma 50mm f/1.4 DG HSM Art for Canon,0000012890| Sigma 50mm f/1.4 DG HSM Art for Canon,"1,289.00",AUD,75956,75956,False
71957793,RAM Mount,RAM Double Socket Clamp Arm SHORT,"RAM Mount Double Socket Clamp Arm for 1"" B size BallsThe double socket arms, have a socket at both ends that accommodates 1"" ball bases.A single spring inside the arm opens the end sockets, allowing you to pivot the ball and socket connection.This socket technology allows for almost infinite adjustment and perfect viewing angles.This listing is for one double socket Clamp Arm only.SHORT: RAM-B-201U-A , Overall Length: 6 cmFeaturesMaterial: Powder Coated Marine Grade AluminumBall Size: 1"" Rubber Ball ""B"" Size",32.00,AUD,394619,394619,False
23802255,,AAA Replica Omega Seamaster Planet Ocean 600M Chronometer Chronograph Orange Watch 215.32.46.51.01.001,AAA Replica Omega Seamaster Planet Ocean 600M Chronometer Chronograph Orange Watch 215.32.46.51.01.001 for sale from China with good prices.,,,1476532,1476532,False
24360041,BLAZE Outdoor Products,"Blaze 2 Burner Professional Built-In Propane Gas Outdoor Grill, BLZ-2PRO-LP","Blaze 2 Burner Professional Built-In Propane Gas Outdoor Grill, BLZ-2PRO-LP Also Available in Natural Gas (BLZ-2PRO-NG) Blaze presents the Blaze Professional Grill as a leader in the industry regarding the thickness of its components resulting in irrefutable durability while providing an effective cooking system. By the precision mixing of fuel...",2499.99,USD,6766905,6766905,False
95707907,,Sigma 50mm F1.4 DG HSM Art Lens [Canon],"The Canon EF mountSigma 50mm f/1.4 DG HSM Lensis a fast standard-length prime designed to achieve high optical performance through the incorporation of both three Special Low Dispersion glass elements and one molded glass aspherical element. These elements, coupled with an advanced optical design, work to minimize sagittal coma flare and chromatic aberrations in order to provide high image sharpness and clarity. The lens' large diameter and floating system also help to correct for vignetting to ensure maintained peripheral brightness. A Super Multi Coating has been applied to lens elements, too, to reduce flare and ghosting for higher contrast and color fidelity.A Hyper Sonic AF Motor, along with an optimized AF algorithm, produces quiet, smooth, and fast autofocus performance that benefits this lens' use in a wide variety of situations. This AF motor also permits full-time manual focusing control for refined precision by simply turning the focus ring at any time.Sigma Global Vision - ArtAs part of the Art line within Sigma's Global Vision series, this lens' is designed to achieve truly notable optical performance and is ideally suited for creative and artistic applications.Molded Glass Aspherical ElementThis lens has been designed using an advanced optical structure to achieve both high resolution and sharpness along with an aesthetic out-of-focus quality for greater subject separation. A molded glass aspherical element corrects for sagittal coma flare and enables full use of the fast f/1.4 maximum aperture with maintained sharpness and clarity. This design also works to minimize vignetting, color blur, and other distortions help to produce natural and pleasing bokeh for selective focus and shallow depth of field techniques. By reducing these aberrations, this lens is also well-suited to astrophotography or other situations with point-light sources due to its ability to suppress blur near the edges of the frame.Special Low Dispersion Glass ElementsThree SLD (Special Low Dispersion) glass elements have been incorporated within the lens design to correct for axial chromatic aberration throughout the entire focusing range. This helps to ensure maintained image sharpness, clarity, and contrast regardless of focus point or aperture setting.Large Diameter LensIn designing the lens with a large 85.4mm diameter, and placing the widest elements within the front group, greater peripheral brightness is more easily attained when working with larger apertures. This design also lends itself to minimizing vignetting throughout the aperture range for greater clarity and detail across the image frame.Super Multi-Layer CoatingA Super Multi-Layer Coating has been applied to lens elements in order to minimize lens flare and ghosting and contribute to producing contrast-rich and color-neutral imagery, even in backlit conditions.Floating SystemBy employing a floating system, the distance between glass elements is adjusted during focusing in order to limit the amount of lens movement required when shooting. This floating system helps to realize a minimum focusing distance of 1.3' with a maximum magnification of 1:5.6. Additionally, this design also contributes to high detail rendering capabilities throughout the entire focusing range.Hyper Sonic AF MotorThe integrated HSM (Hyper Sonic Motor) realizes quick and quiet autofocusing, which is further complemented by an optimized AF algorithm to produce smoother focusing performance. The HSM also permits full-time manual focus control simply by rotating the focus ring at any time.Other Lens FeaturesA rounded nine-blade diaphragm helps to produce an attractive out-of-focus quality.The lens is constructed using a Thermally Stable Composite (TSC) material, along with traditional metals, for greater precision and use in wide temperature variations. The outside of the lens barrel is also engraved with the year of production.The bayonet mount is constructed from brass for ensured accuracy and durability.The included lens hood is fitted with a rubber connection for a secure fit.This lens is compatible with the optional Sigma USB Dock for fine-tuning different lens characteristics and updating its firmware.",9.49E2,USD,75956,75956,False
13253151,,Kingston SDCS Canvas Select Class10 microSD Memory Card - 64GB With Adapter,"Buy Kingston SDCS Canvas Select Class10 microSD Memory Card - 64GB With Adapter online at Rs. 2100 Buy complete range of MicroSD Cards on Vmart.pk, We Offer home delivery all over Pakistan.Kingston SDCS Canvas Select Class10 microSD Memory Card - 64GBWith AdapterCanvas SelectBring your HD videos to lifeKingston¡¯s Canvas Select? microSD card is designed to be reliable, making it ideal for filming in HD and shooting high-resolution photos on your Android? smartphone. This card is tested to be durable2, so you can take it anywhere with the confidence that your photos, videos and other data will be protected. It¡¯s available in multiple capacities up to 256GB3, to provide plenty of space to capture life¡¯s adventures. Class 10 UHS-I speeds up to 80MB/s read Multiple capacities up to 256GB3 Built and tested to withstand harsh environmentsSpecificationsCapacities: 16GB, 32GB, 64GB, 128GB, 256GBPerformance: 80MB/s read and 10MB/s write, UHS-I Speed Class (U1) Dimensions (microSD): 11mm x 15mm x 1mm Dimensions (with SD adapter): 24mm x 32mm x 2.1mmFormat: FAT32 (SDHC 16GB-32GB), exFAT (SDXC 64GB-256GB) Operating Temperature: -25¡ãC to 85¡ãC Storage Temperatures: -40¡ãC to 85¡ãC Voltage: 3.3VOnline prices, specifications, description and images generally match actual, but may vary and are subject to change without notice. Vmart cannot be held liable for errors or omissions.Please verify the specifications at the time of purchase. No claim whatsoever would be accepted in case of specification error/mismatch, once the product is sold.",1990,PKR,53163,53163,False
39417365,,"RAM Long Length Double Socket Arm for 1.5"" Balls","The RAM-201U-D, long double socket arm, has a socket at both ends that accommodates 1.5"" ball bases. A single spring inside the arm opens the end sockets, allowing you to pivot the ball and socket connection. This socket technology allows for almost infinite adjustment and perfect viewing angles.SpecificationsDimensions:Overall Length: 9.125""Socket-To-Socket Length: 8""Material: Powder Coated Marine Grade AluminiumBall: C size 1.5"" rubberAccessoriesCompatibilityRelated ItemsNotesThe ""U"" in the part number reflects product packaged in poly bag.InstructionsVideos Warranty RAM Warranty",7.395E1,AUD,1764013,1764013,False
75372170,Sigma,Sigma Sigma 35mm F1.4 ART DG HSM - CANON AF mount,This item may qualify for an Instant Rebate. Any current manufacturer rebate will be refunded to your card after purchase. Please email shop@lookingglassphoto.com if you have any questions.,899.99,USD,704991,704991,False
7871753,Garmin,Garmin Fenix 5S Plus GPS Watch Silver with Black Band,Garmin Fenix 5S Plus GPS Watch Silver with Black Band - 010-01987-21,529,GBP,23040,23040,False
75582659,,Kingston Canvas Select Plus 128GB MicroSDXC card 100MB/s with Adapter,"Canvas Select Plus microSDPowerful performance, speed, and durability.Kingston¡¯s Canvas Select Plus microSD is compatible with Android devices and designed with A1-rated performance. It offers improved speed and capacity for loading apps faster and capturing images and videos. Powerful in performance, speed and durability, the Canvas Select Plus microSD is designed for reliability when shooting and developing high-resolution photos or filming and editing full HD videos. Kingston Canvas cards are tested to be durable in the harshest environments and conditions so you can take them anywhere with confidence that your photos, videos and files will be protected. Available with a lifetime warranty. ? Class 10 UHS-I speeds up to 100 MB/s* ? Optimised for use with Android devices ? Durable* Speed may vary due to host hardware, software and usage. ** Some of the listed capacity on a Flash storage device is used for formatting and other functions and thus is not available for data storage. As such, the actual available capacity for data storage is less than what is listed on the products.",15.64,GBP,27477,27477,False
65110774,,"RAM Long Clamp Arm C Size 1.5"" (RAM-201U-D)","Included:1 x RAM Long Clamp Arm C Size 1.5"" (RAM-201U-D)TheRAM-201U-Dlong length (23cm) double socket arm features a socket at both endssuitable for C Size (1.5"") balls.Inside the RAM-201U-D arm, a single spring keeps the socket open, allowing you to insert the ball in to the socket connection. RAM's socket technology allows for almost infinite adjustment to achieve the perfect viewing angle.SpecificationsMaterial:Powder Coated Marine Grade AluminumBall Size:1.5"" Rubber Ball ""C"" SizeOverall Length: 9.125"" (23.17cm)Socket-To-Socket Length: 8"" (20.32cm)Weight:1.64 lbs.Lifetime warrantyNote:The ""U"" in the part number reflects product packaged in poly bag.Help",70.4,AUD,1764013,1764013,False
87426005,FUJIFILM,Fujifilm Instax Square Film ( Black Frame 10's ),For FUJIFILM INSTAX SQUARE CamerasBlack Frame BordersColorful Star-Like Pattern2.4 x 2.4,55.0,MYR,1118780,1118780,False
73325934,,Sigma 50mm f/1.4 DG HSM Art Lens,"The staple Sigma 50mm 1.4 DG HSM has been redesigned and reengineered to set a new standard for the Art line. With a large 1.4 aperture, the Sigma 50mm 1.4 prime lens is a pro level performer for shooting everything including portrait photography, landscape photography, studio photography and street photography. A Hyper Sonic Motor (HSM) ensures quiet, smooth and accurate autofocusing and paired with Special Low Dispersion (SLD) glass and Super Multi-Layer coating, the 50mm 1.4 is a high performance lens for the modern DSLR sensors. 13 elements in 8 groups allow for unsurpassed performance even at wide apertures and close-up photography is easily managed with a minimum focusing distance of 40cm. The Sigma 50mm 1.4 lens is the new exceptional standard, standard prime.*77mm Front Filter*",9.4999E2,USD,75956,75956,False
40963162,Blaze Outdoor Products,Blaze Grill Cart For 40-Inch 5-Burner Gas Grill,"This Blaze stainless steel grill cart is specifically designed to house the Blaze 40-Inch 5 burner gas grill. The two stainless steel side shelves keep your BBQ tools at hand and provide a convenient work area while you cook. The Blaze grill cart also features two front doors with rounded handles to access the cabinet below the grill where you can store your propane tank, grill cover and BBQ accessories",514.99,USD,4325250,4325250,False
54038893,,MK ASUS ROG STRIX X570-F GAMING,MK ASUS ROG STRIX X570-F GAMING,3436.00,SEK,80156,80156,False
24693281,,Kingston Canvas Select Plus SD - 32GB,Kingston Canvas Select Plus SD - 32GB,7.95,EUR,1980656,1980656,False
3699761,HYDRO FLASK,HYDRO FLASK 21 oz Standard Mouth Bottle,"Your perfect travel companion.Keep life moving with our 21 oz bottle and Standard Flex Cap. It stashes easily into a small shoulder bag, your pack¡¯s side pocket, or your car cup holder, and holds enough ice cold goodness to keep you going for hours witho",32.95,USD,1558854,1558854,False
72164444,,Kingston Canvas Select Plus microSD 128GB,"Flash-Hukommelse, Class 10",126.00,DKK,27477,27477,False
15194153,Ubiquiti,Ubiquiti UniFi AC High Density 5-pack (UAP-AC-HD-5),"UniFi AC High Density 5-pack, UBIQUITI, MU?MIMO Technology, 2.4GHz Radio Rate - 800 Mbps, 5GHz Radio Rate - 1733 Mbps",1316.7400,USD,980563,980563,False
36040842,,SRAM NX Eagle PG-1230 Cassetta Pignoni 11-50T 12v 2019,,89.90003,EUR,70762,70762,False
11199708,,BLAZE PROFESSIONAL 27-INCH 2 BURNER BUILT-IN GAS GRILL WITH REAR INFRARED BURNER,"DescriptionBlaze presents the Blaze Professional Grill as a leader in the industry regarding the thickness of its components resulting in irrefutable durability while providing an effective cooking system. By the precision mixing of fuel and oxygen, Blaze Professional achieves extraordinary searing temperatures while maintaining low gas consumption per burner when compared to the top performing grill brands. The Professional¡¯s Illumination system compliments its unmistakable style giving an appearance to catch every admiring eye!As of March 15, 2016 -- Blaze gas grills have a lifetime warranty that warrants against any defects in the manufacturing and workmanship of the main burners, cooking grids, body, flame tamers, heat zone separators, warming rack, and control valves. While ignition, electronic, and lighting systemsare covered for one (1) year after the date of purchase. Grills must be registered within thirty days for the warranty to apply.Blaze Professional Grill ManualDimensions:24 1/8"" H x 26 5/8"" W x 28 3/8"" DCutout Dimensions:10 1/2"" H x 24 7/8"" W x 23 5/8"" D (See manual for information on additional space needed for grill hood to open)GRILL OVERVIEW? 2 commercial quality 304 cast stainless steel H burners? 18,000 BTUs of cooking power per burner, for a total of 36,000 BTUs? 10,000 BTU infrared rear rotisserie burner with included rotisserie kit? Rotisserie kit includes a waterproof motor? Heavy 12mm stainless steel hexagon cooking rods maximize durability? 630 square inches of total cooking space? Push and turn flame-thrower primary ignition system delivers a fast start every time? Individual flash tube secondary ignition? Removable warming rack? Heat zone separators divide the cooking surface into individual temperature zones? Flame stabilizing grids minimize flare-ups while adding a grilled flavor? Full-width drip tray and removable baffles for quick clean up? Double-lined grill hood protects outer layer from heat discoloration and maintains more heat? Illuminated control knobs for evening gatherings creates a sophisticated appearance? Interior lights help navigate the grilling surface at night? Blaze Grills offers an impressive Lifetime Warranty",4.599E3,CAD,6766905,6766905,False
52438681,FUJIFILM,Fujifilm Instax Square Film (Plain 10's),For FUJIFILM INSTAX SQUARE CamerasBlack Frame BordersColorful Star-Like Pattern2.4 x 2.4,50.0,MYR,1457721,1457721,False
41944826,,FujiFilm Instax Square (20 sheets) Film Pack,"Highlights? 20 Square shots in a pack? Full colour film? Compatible with the instax SQUARE SQ6, SQ20 camera, SP-3 Printer? Print size - 8.6cm x 7.2cm? instax SQUARE format film",2.3E1,EUR,300521,300521,False
62429594,,Samsung 970 EVO M.2-2280 1TB,Huge 1TB storage capacity and super Smooth 3400Mbps read speed and amazingly Fluid 2500Mbps write speed.,1.4922E2,GBP,106914,106914,False
47070583,Kingston Digital,Kingston Digital Canvas Select 128GB microSD Card w/ Adapter (SDCS-128GB),"Kingston's Canvas Select microSD card is designed to be reliable, making it ideal for filming in HD and shooting hi-resolution photos. You can be confident that your memories will be safe when documenting life's adventures on your Android smartphone or point and shoot camera. This card has a 128GB capacity to provide plenty of space to capture an entire trip. Kingston Canvas cards are tested to be durable, so you can take them anywhere with confidence that your photos, videos, and other data will be protected, even in harsh or unstable conditions.Key Features128 GB storage capacity80MB/s read and 10MB/s write, UHS-I Speed Class 1Built and tested to withstand harsh environmentsIdeal for the wireless workforceIncludes adapter",,,854253,854253,False
27166337,Omega,Omega Horloge Seamaster 46mm Planet Ocean 600M Co-Axial Master ChronometerChronograph 215.32.46.51.01.001,Horloge Seamaster 46mm Planet Ocean 600M Co-Axial Master ChronometerChronograph 215.32.46.51.01.001,7600.00,EUR,1476532,1476532,False
85887866,,LaCie - Lacie Rugged USB-C Hard Drives - 2TB & 5TB,"The Lacie Rugged hard drive brings USB-C compatibility, blazing-fast speeds, & toughness all in a portable sized drive. No more needing to compromise.",1.7249E2,USD,114602,114602,False
24424619,ASUS,"ROG STRIX X570-F GAMING, Mainboard",,97119,,80156,80156,False
13552579,,Ubiquiti UniFi AP AC HD Wave2 5-pack bez PoE-Injektor,,7700.89,PLN,980563,980563,False
70233715,RAM Mount,"RAM Mount Double Socket Clamp Arm - LONG - for 1.5"" C Size Balls","RAM Mount Double Socket Clamp Arm - LONG - for 1.5"" C Size BallsThe RAM-201U-D, Long length double socket arm, has a socket at both ends that accommodates C Size 1.5"" balls.A single spring inside the arm, keeps the socket open, allowing you to insert the ball in to the socket connection.The ball and socket technology allows for infinite viewing anglesRAM Double Socket Clamp Arm C Size for 1.5"" ball bases;LONG (RAM-201U-D) Overall Length: 23.1cm Socket-To-Socket Length: 20.3cm* Any device/s shown are for illustration purposes ONLY and are NOT included in purchase.",85.00,AUD,1764013,1764013,False
96789323,Garmin,Garmin F¨¥nix? 5S Plus Silver with Black Band 010-01987-21 smartwatch,"For athletes and outdoor adventurers, the f¨¥nix 5 Plus Series watches are the high-performance way to beat yesterday and bring your maps and music along. These rugged, premium-crafted watches feature routable color mapping, wrist-based heart rate, storage for up to 500 songs and our Garmin Pay contactless payment solution.",583.25,EUR,23040,23040,False
7580852,,"3M - Privacy Filter 22"""" WideS","3M Privacy Filter 22"""" WideS (PF322W) - Type: Andet tilbeh?r",1977.50,DKK,196841,196841,False
12476892,Samsung,MZ-V7S500B/AM Samsung Evo Plus Series 500GB M.2 PCIE Express 3.0 X4 Nvme Internal Solid State Drive. New Retail Factory Sealed With Full Manufacturer Warranty.,"Main Specifications: Type : Solid State Drive - Internal Capacity : 500 GB Hardware Encryption : Yes Encryption Algorithm : 256-Bit Aes Nand Flash Memory Type : Multi-Level Cell (Mlc) Form Factor : M.2 2280 Interface : Pci Express 3.0 X4 (Nvme) Data Transfer Rate : 600 Mbps Buffer Size : 512 Mb Features : Trim Support, Sleep Mode, Auto Garbage Collection Algorithm, V-Nand Technology, Nvm Express (Nvme) 1.3, Samsung Phoenix Controller, S.M.A.R.T. Dimensions (Wxdxh) : 0.9 In X 3.2 In X 0.1 In Weight : 0.28 Oz Performance: Ssd Endurance : 300 Tb Internal Data Rate : 3500 Mbps (Read) / 3200 Mbps (Write) 4kb Random Read : 19000 Iops 4kb Random Write : 60000 Iops Maximum 4kb Random Write : 550000 Iops Maximum 4kb Random Read : 480000 Iops",138,USD,416703,416703,False
98424047,Kingston,Kingston microSDHC 64GB Canvas Select 80R CL10 UHS-I Card + SD Adaptador,Kingston microSDHC 64GB Canvas Select 80R CL10 UHS-I Card + SD Adaptador,10.99,EUR,53163,53163,False
35351309,,Unifi AP AC PRO 5 Pack no PoE incl.,"The UniFi AC Pro AP features the Wi-Fi 802.11AC, 3x3 MIMO technology in a refined industrial design and is ideal for deployment of maximum-performance wireless networks",982.99,CAD,68127,68127,False
77564821,,Kingston 128GB microSDXC Canvas Select 80MB/s C10 UHS-I,,90,PLN,854253,854253,False
34532774,,"Ubiquiti UniFi AP, AC, In Wall, 5-Pack","UAP-AC-IW - 5 Pack, Indoor, 802.11ac, 5GHz MIMO 2x2, 867Mbps, PoE, 3x 10/100/1000",3768,HKD,1610496,1610496,False
90806148,,AAA Replica Omega Seamaster Planet Ocean 600M Chronograph Stainless Steel Blue Watch 215.30.46.51.03.001,AAA Replica Omega Seamaster Planet Ocean 600M Chronograph Stainless Steel Blue Watch 215.30.46.51.03.001 for sale from China with good prices.,,,2193117,2193117,False
42341716,Samsung,Samsung 970 Evo 500GB NVME M.2 High Speed Solid State Drive with V-Nand,"Designed for tech savvy users, gamers and professionals with frequent high workloads such as video production/editing or simulations Read/write speeds of 3400/2300 MB/S Dynamic Thermal Guard technology TBW-300 TB",10399.00,INR,1929047,1929047,False
24121431,,KINGSTON - HyperX/4GB 1600MHz DDR3 CL10 DIMM HyperX Fury Black Series,KINGSTON HyperX/ 4GB 1600MHz DDR3 CL10 DIMM HyperX Fury Black Series (HX316C10FB/4) - ECC: Nej - Minnesstorlek: 4GB - Registered: Nej - Typ: DDR3 - Kit: Nej - Hastighet MHz: 1600MHz,361.25,SEK,1824443,1824443,False
92817369,Fujifilm,Fujifilm Instax Mini Instant Film - Monochrome (10 Shots),Monochrome (Black & White) Instant Film for Fujifilm Mini Instant Cameras10 Shots per PackISO 800High Gloss FinishSuperb Grain QualityFast Image FormationGreater Resistance to Age-Induced ChangesSingle-plastic Composition for Easier Disposal,159,ZAR,165928,165928,False
20991412,,Sigma ART 35mm f/1.4 DG HSM Lens for Canon,,999.99,CAD,704991,704991,False
78136051,,Hydro Flask 21 oz Standard Mouth Water Bottle - Black- N/S,,39.99,CAD,1558854,1558854,False
29914496,,Epson - Ink Cartridge Black 10K,,3905.00,CZK,193507,193507,False
67106226,,Samsung 970 EVO NVMe M.2 SSD 500 GB,970 EVO NVMe M.2 SSD 500 GB,136.36,EUR,1929047,1929047,False
61868091,,1 Fujifilm Instax Square Film white frame,,3400,HUF,1457721,1457721,False
63223933,,Kingston 64GB microSDXC Canvas Select 80MB/s C10 UHS-I,,40,PLN,53163,53163,False
81969240,,DYMO D1 Tape 24mm Black on Yellow,"Roll (2.4 cm x 7 m), Black on yellow",17.49,GBP,103881,103881,False
24052138,,HK DVR TURBOHD 8ch DS-7208HQHI-K2/P,"DVR Hikvision TurboHD 8 canale DS-7208HQHI-K2/P; 3MP; PoC - Power over coax; 8 Turbo HD/AHD/Analog interface input, 8-ch video and 1-ch audio input, H.265/H.265+ compression, 2 SATA interfaces, CH01 and 02: 3MP @ 15fps, CH03-08:1920-1080P @15 fps/ch, support CVBS output, 380 1U case, built-in PoC.",651.22,RON,28399,28399,False
50809231,,Kingston Micro Sd Card Canvas Select Plus 128 Gb 100 Mb/S Limited Lifetime,KINGSTON MICRO SD CARD CANVAS SELECT PLUS 128GB 100MB/S LIMITED LIFETIME,4.89E2,ZAR,27477,27477,False
91698192,,Sigma 35mm F1.4 DG HSM Art Lens for Nikon,"The Sigma 35mm 1.4 DG HSM is a state of the art lens designed for full frame cameras but can also be used with APS-C sensors as well. The first addition to the Art category in Sigma¡¯s Global Vision, the 35mm 1.4 DG HSM includes new features based around a unique lens concept and design. The 35mm is a staple focal length in the world of photography, and paired with Sigma technology, this lens can take artistic expression to the next level. The lens is equipped with technology including a Hyper Sonic Motor (HSM), floating internal focusing system, SLD and FLD Glass elements. The HSM ensures quiet, high speed, accurate autofocusing while the floating focusing system allows for superior optical performance with subjects at a closer shooting distance. The SLD glass elements along with the FLD glass elements, which are equal to fluorite, help correct both axial and chromatic aberration. The large 1.4 aperture make it ideal in low light and the lens is compatible with the Sigma USB dock and Optimization Pro software to adjust and fine tune focusing parameters. The Sigma 35mm 1.4 DG HSM is a must have for any camera bag. Lens Consliuction -- 13 Elements in 11 GroupsAngle of View -- 63.4Number of Diaphragm Blades -- 9Mininum Aperture -- f16Minimum Focusing Distance -- 30 cm / 11.8 inFilter Size (mm) -- 67mmMaximum Magnifications -- 1:5.2Dimensions(Diameter x Length) -- 77mm x 94mm mm/3in x 3.7in inCorresponding MountsSigma -- HSM, DGNikon -- HSM, DGCanon -- HSM, DGSony/Minolta -- HSM ,DGPentax -- HSM ,DGHSM - Hyper-Sonic Motor -- DG - DG for Digital",699.00,USD,900968,900968,False
77650984,,Sigma 35mm F1.4 DG HSM Art Lens [Canon],"An optically advanced wide-angle prime, the Canon EF 35mm f/1.4 DG HSM Art Lens from Sigma mixes a comfortable focal length with an especially fast design. The bright f/1.4 maximum aperture helps to achieve shallow depth of field and selective focus effects, and also suits working in difficult lighting conditions. The optical layout incorporates both low dispersion and aspherical elements, which help to improve sharpness and clarity by controlling both spherical and chromatic aberrations. A floating elements system is also used to maintain performance throughout the focusing range. A Super Multi-Layer Coating is also featured, and helps to minimize flare and ghosting for greater contrast and color accuracy when working in strong lighting conditions.Complementing the imaging capabilities, the lens sports a Hyper Sonic Motor to produce quick, smooth, and quiet autofocus performance with full-time manual focus override. The physical design features a brass bayonet mount, which offers rigidity and mounting precision along with a seal to guard against dust and moisture. Additionally, a rounded nine-blade diaphragm contributes to a pleasing bokeh quality.As part of the Art line within Sigma's Global Vision series, this lens is designed to achieve truly notable optical performance and is ideally suited for creative and artistic applications.Wide-angle prime is designed for full-frame Canon EF-mount cameras, however is also suitable for APS-C models where it provides a 56mm equivalent focal length.Impressively bright f/1.4 maximum aperture is well-suited for working in low-light conditions and also provides greater control over the focus position when using shallow depth of field techniques.One F Low Dispersion (FLD) element and four Special Low Dispersion (SLD) elements are featured in the optical design, and help to reduce color fringing and chromatic aberrations for improved clarity and color accuracy.Two aspherical elements are used to help limit distortion and spherical aberrations and also contributes to greater overall sharpness and accurate rendering.Floating elements system helps to realize consistent optical performance throughout the focusing range, from 11.8"" to infinity.A Super Multi-Layer Coating has been applied to lens elements in order to minimize lens flare and ghosting and contribute to producing contrast-rich and color-neutral imagery, even in backlit conditions.Rounded nine-blade diaphragm contributes to a smooth and pleasing bokeh quality.The integrated HSM (Hyper Sonic Motor) realizes quick and quiet autofocusing, which is further complemented by an optimized AF algorithm to produce smoother focusing performance. The HSM also permits full-time manual focus control simply by rotating the focus ring at any time.The bayonet mount is constructed from brass for ensured accuracy and durability.Additionally, rubber sealing is incorporated in the mount design to render it dust- and splash-resistant.This lens is compatible with the optional Sigma USB Dock for fine-tuning different lens characteristics and updating its firmware.",6.99E2,USD,704991,704991,False
65028129,,"Ceas Garmin Garmin fenix5S Plus Silver, Black Band",,2132,RON,23040,23040,False
5843382,,Samsung 970 EVO SSD M.2 2280 - 500GB,"SSD (Solid state drive), 500 GB, intern, Datahastighed: 3400 MBps (l?s) / 2300 MBps (skriv), IOPS: 370000 (l?s) / 450000 (skriv), 512MB LPDDR4 cache, M.2 2280 (80mm), M.2 2280 (80mm), PCI-Express 3.0 x4 NVMe 1.2 (Non-Volatile Memory Express), 256-bit AES kryptering, TCG Opal Encryption - Samsung Phoenix Controller",608.00,DKK,1929047,1929047,False
70326774,,Kingston 128GB Micro SD Canvas Select 100MB/S,Kingston 128GB Micro SD Canvas Select 100MB/S,"R 619,99 incl tax",ZAR,27477,27477,False
2860056,,Samsung 970 EVO PLUS 250GB M.2 PCIe NVMe SSD,Buy this Samsung 970 EVO PLUS 250GB M.2 PCIe NVMe SSD by SAMSUNG. Model MZ-V7S250BW coming as NEW,88.76,GBP,993500,993500,False
77489008,Ubiquiti Networks (UBNT),Ubiquiti UniFi AP AC Pro Access Point (5 Pack),"Ubiquiti UniFi AP AC Pro Access Point - UAP-AC-PRO-5 (2/5GHz 3dBi, 3x3 MIMO 802.11a/b/g/n/ac) - 5 Pack",628.62,GBP,68127,68127,False
68731207,,HyperX FURY - DDR3 - 8 GB: 2 x 4 GB - DIMM 240-pin - unbuffered,"HyperX FURY DDR3 memory delivers hassle-free, Plug-and-Play functionality that gets you in the game faster and instant performance that helps you win it. Its asymmetric, aggressive design lets you stand out from the crowd of ""squared"" designs and features quality aluminum and a diamond-cut finish.",115.99,CAD,702149,702149,False
47988383,,RAM mount short plastic socket arm,"RAM mount short plastic socket arm- RAM mount short double socket arm- It has a socket at both ends that accommodates all ball bases- Made from high strength composite material- RAM socket technology allows for almost infinite adjustment and perfect viewing angles- Overall Length: 60mm (2.38"")",13,EUR,3656260,3656260,False
92782071,Sigma,Sigma Sigma 50mm F1.4 ART DG HSM(A) F/CANON,,949.99,USD,75956,75956,False
65813186,,Sigma 35mm F1.4 DG HSM Art Lens [Nikon],"An optically advanced wide-angle prime, the Nikon F 35mm f/1.4 DG HSM Art Lens from Sigma mixes a comfortable focal length with an especially fast design. The bright f/1.4 maximum aperture helps to achieve shallow depth of field and selective focus effects, and also suits working in difficult lighting conditions. The optical layout incorporates both low dispersion and aspherical elements, which help to improve sharpness and clarity by controlling both spherical and chromatic aberrations. A floating elements system is also used to maintain performance throughout the focusing range. A Super Multi-Layer Coating is also featured, and helps to minimize flare and ghosting for greater contrast and color accuracy when working in strong lighting conditions.Complementing the imaging capabilities, the lens sports a Hyper Sonic Motor to produce quick, smooth, and quiet autofocus performance with full-time manual focus override. The physical design features a brass bayonet mount, which offers rigidity and mounting precision along with a seal to guard against dust and moisture. Additionally, a rounded nine-blade diaphragm contributes to a pleasing bokeh quality.As part of the Art line within Sigma's Global Vision series, this lens is designed to achieve truly notable optical performance and is ideally suited for creative and artistic applications.Wide-angle prime is designed for FX-format Nikon F-mount cameras, however is also suitable for DX models where it provides a 52.5mm equivalent focal length.Impressively bright f/1.4 maximum aperture is well-suited for working in low-light conditions and also provides greater control over the focus position when using shallow depth of field techniques.One F Low Dispersion (FLD) element and four Special Low Dispersion (SLD) elements are featured in the optical design, and help to reduce color fringing and chromatic aberrations for improved clarity and color accuracy.Two aspherical elements are used to help limit distortion and spherical aberrations and also contributes to greater overall sharpness and accurate rendering.Floating elements system helps to realize consistent optical performance throughout the focusing range, from 11.8"" to infinity.A Super Multi-Layer Coating has been applied to lens elements in order to minimize lens flare and ghosting and contribute to producing contrast-rich and color-neutral imagery, even in backlit conditions.Rounded nine-blade diaphragm contributes to a smooth and pleasing bokeh quality.The integrated HSM (Hyper Sonic Motor) realizes quick and quiet autofocusing, which is further complemented by an optimized AF algorithm to produce smoother focusing performance. The HSM also permits full-time manual focus control simply by rotating the focus ring at any time.The bayonet mount is constructed from brass for ensured accuracy and durability.Additionally, rubber sealing is incorporated in the mount design to render it dust- and splash-resistant.This lens is compatible with the optional Sigma USB Dock for fine-tuning different lens characteristics and updating its firmware.",6.99E2,USD,900968,900968,False
55718937,,"SDS2/32GB, 32GB SDHC Canvas Select Plus 100R C10 UHS-I U1 V10",,,,1980656,1980656,False
50155742,,ASUS ROG Strix X570-F Gaming scheda madre Presa AM4 ATX AMD X570,"ROG Strix X570-F Gaming, AMD X570, 4x DIMM DDR4, HDMI, DP, PCIe 4.0 x16, M.2, SATA III, 1G LAN, USB 3.2, S/PDIF, ATX, 305x244 mm",361.37,EUR,80156,80156,False
2187806,,Zegarek Omega Seamaster Planet Ocean 600M Co-Axial Chronograph 45.5mm 215.30.46.51.03.001,Zegarek m?ski Omega Seamaster Planet Ocean 600M Co-Axial Chronograph 45.5mm215.30.46.51.03.001,28 413z?,PLN,2193117,2193117,False
61794834,,"RAM? 3"" Double Ball Arm for 1.5"" Ball","The RAM-201U-B, short double socket arm, has a socket at both ends that accommodates 1.5"" ball bases. A single spring inside the arm opens the end sockets, allowing you to pivot the ball and socket connection. This socket technology allows for almost infinite adjustment and perfect viewing angles.",19.49,USD,93315,93315,False
74955932,,MEMORIA DDR3 KINGSTON HYPERX FURY BLACK 4GB 1600MHZ,HYPERX FURY BLACK 4GB 1600MHZ,603.7,MXN,1824443,1824443,False
21463573,Kingston,Kingston HyperX Fury 4GB DDR3 1600MHz CL10 Ram,Bellek TipiDDR3Bellek Soket TipiDIMMalma HzPC-12800 (1600Mhz)Kapasitesi4 GBKullanmPCGaranti Sresi24 AyPin Says240 Pin DIMMSoutucuVar,248.51,TRY,1824443,1824443,False
10196461,,"Ubiquiti UniFi AP, AC PRO 5 Pack No PoE World","UAP-AC-PRO - Indoor/Outdoor, 2.4GHz/5GHz, 802.11 a/b/g/n/ac, 2x 10/100/1000, 1x USB 2.0, 5pk",12008.541501,ZAR,68127,68127,False
56959522,,"Card de memorie KINGSTON Canvas Select microSDHC 32GB, clasa 10 UHS-I, 80 MBs, adaptor",,,,595102,595102,False
5842252,,Ubiquiti Networks Ubiquiti UAP-AC-HD-5 Unifi Access Point (5-Pack),"UAP-AC-HD-5-US, ATTENTION: PoE Injectors NOT INCLUDED Build your Wi-Fi network with the UniFi HD Access Point, part of the Ubiquiti Networks UniFi Enterprise Wi-Fi System. The UAP-AC-HD, is an indoor/outdoor, high-performance, 802.11AC Wave 2 dual-band access point, capable of throughput speeds of up to 2533 Mbps and a maximum range of up to 122 meters. Engineered from the ground up to take advantage of 802.11AC Wave 2, the UAP-AC-HD provides unparalleled multi-user support. Ubiquiti Networks UAP-AC-HD-5-US High Density Wave 2 802.11ac 5-PACK Dual Band 2.4/5GHz Radio with Integrated Antennas Dual Port 10/100/1000Gb Ethernet 802.3AF/AT Power Over Ethernet Support **Very Important Note: PoE Injectors NOT INCLUDED with 5-Pack.***",1390.04,USD,980563,980563,False
36022457,,Fujifilm Instax Black Square Film (10 Pack),Key FeaturesTo suit FujifilmSqaureInstax Camera10 Prints86mm x 72mm Film Size62mm x 62mm Image SizeISO800 Sensitivity,28,AUD,1118780,1118780,False
70069582,,Hydro Flask 21oz Standard Mouth w/ Standard Flex Cap Black,"""Our 21 oz is the perfect go-anywhere companion on your busiest days. It stashes easily in a small shoulder bag, your packs side pocket, or your car cup holder, and holds enough to keep you going for hours without weighing you down. The 21 oz Standard Mouth is one of our bestselling vacuum insulated water bottles because of it's size and versatility.Product BenefitsVersatile, middle-of-the-road sizeTempShieldTM insulation eliminates condensation and keeps beverages cold up to 24 hours and hot up to 12 hoursDurable 18/8 Pro-Grade Stainless Steel constructionBPA-Free and Phthalate-FreeCompatible with Standard Mouth Insulated Sport CapLifetime Warranty""",32.95,USD,1558854,1558854,False
50903406,,Carto de memria micro SD Kingston 64Gb XC1 classe 10 Canvas Select,,0.00,BRL,53163,53163,False
64536135,,"DVR 8 canale, Turbo HD, 6MP, PoC, Hikvision DS-7208HQHI-K2-P","DVR 8 canale, Turbo HD, 6MP, PoC, Hikvision DS-7208HQHI-K2-PDS-7208HQHI-K2-P este un DVR Turbo HD Hikvision cu 8 canale FullHD care functioneaza cu camere de supraveghere: de pana la 6MP pentru camere IP si 3MP pentru camereTurbo HD (canalele 1 si 2). Transmisia de semnal HDTVI se face la maxim 800 m pentru 1080P si 1200 m pentru 720P. Suporta vizualizarea simultana a 8 canale local cat si la distanta prin Internet de pe PC, Smartphone folosind aplicatiile dedicate (iVMS-4500). Utilizeaza simultan camere HDTVI, AHD, HDCVI, CVBS si IPSpecificatii tehnice DVR Hikvision DS-7208HQHI-K2-P :Video/Audio InputAudio Input: 8-chVideo Compression: H.265 Pro+/H.265 Pro/H.265/H.264+/H.264Analog and HD-TVI video input: 8-ch,BNC interface (1.0Vp-p, 75 ¦¸)connectionSupported camera types: Support HDTVI input: 4 MP, 3 MP, 1080p30, 1080p25, 720p60, 720p50, 720p30, 720p25Note: The 3 MP signal input is only available for channel 1 of DS-7204HQHI-K1/P, channel 1/2 of DS-7208HQHI-K2/P, and channel 1/2/3/4 of DS-7216HQHI-K2/P..Support AHD input: 4 MP, 1080p25, 1080p30, 720p25, 720p30Support CVI input: 1080p25, 1080p30, 720p25, 720p30Support CVBS inputSupports Hikvision PoC camera*: PoC access capability see Appendix.IP Video Input: up to 12-chVideo Input Interface: BNC (1.0 Vp-p, 75¦¸)IP Video Input Resolution: Up to 6 MP resolutionAudio Compression: G.711uAudio Input Interface: RCA (2.0 Vp-p, 1 k¦¸)Two-way Audio: 1-ch, RCA (2.0 Vp-p, 1 K¦¸), (using the 1st channel of audio input)Video/Audio OutputCVBS Output: 1-ch,BNC(1.0Vp-p,75¦¸),resolution:PAL:704x576,NTSC:704x480HDMI/VGA Output: 1920 ¡Á 1080 / 60 Hz,1280 ¡Á 1024 / 60 Hz, 1280 ¡Á 720 / 60 Hz, 1024 ¡Á 768 / 60 HzRecording resolution: When 1080p Lite mode not enabled:4 MP lite/3 MP/1080p/1080p lite/720p/WD1/4CIF/VGA/CIFWhen 1080p Lite mode enabled:4 MP lite/3 MP/1080p lite/720p/720p lite/WD1/4CIF/VGA/CIFFrame Rate: Main stream:When 1080p Lite mode not enabled: For 4 MP stream access: 4 MP lite@15fps; 1080p lite/720p/WD1/4CIF/VGA/CIF@25fps (P)/30fps (N) For 3 MP stream access: 3 MP/1080p/720p/VGA/WD1/4CIF/CIF@15fpsFor 1080p stream access: 1080p@15fps; 720p/VGA/WD1/4CIF/CIF@25fps (P)/30fps (N)For 720p stream access: 720p/VGA/WD1/4CIF/CIF@25fps (P)/30fps (N)When 1080p Lite mode enabled: 4 MP lite/3 MP@15fps; 1080p lite/720p lite/VGA/WD1/4CIF/CIF@25fps (P)/30fps (N)Sub-stream: WD1/4CIF@12fps; CIF@25fps (P)/30fps (N)Video Bit Rate: 32 Kbps-6 MbpsStream Type: Video/Video&AudioTwo-way Audio: 1-ch, RCA (2.0 Vp-p, 1 k¦¸) (using the audio input)Audio Output: 1-ch RCA(Linear, 1k¦¸)Audio Bit Rate: 64kbpsDual Stream: SupportSynchronous Playback: 8-chNetwork managementRemote connections: 64Network protocols: TCP/IP, PPPoE, DHCP, Hik-connect Cloud P2P,DNS, DDNS, NTP, SADP, NFS, iSCSI, UPnP, HTTPS,ONVIFHard Disk DriverInterface Type: 2 SATA InterfacesCapacity: Up to 10 TB capacity for each diskExternal InterfaceNetwork Interface: 1; 10M / 100M self-adaptive Ethernet interfaceUSB Interface: 2 USB 2.0 InterfacesSerial Interface: 1; standard RS-485 serial interface, half-duplexGeneralConsumption: ¡Ü 60 W(without hard disks)Working Temperature: -10 oC to +55 oC (14 oF to 131 oF)Working Humidity: 10% to 90%Dimensions: 380 ¡Á 320 ¡Á 48 mm (15.0 ¡Á 12.6 ¡Á 1.9 inch)Weight: ¡Ü 1.78 kg (3.9 lb)",687,LEI,28399,28399,False
61791022,RAM,UNPKG RAM DBL SOCKET ARM B BALL C LENGTH,,27.20,EUR,1366684,1366684,False
30102415,,215.30.46.51.01.001 Omega Seamaster Planet Ocean Chronograph 45.5mm,It was with Omega's maritime legacy in mind that the brand launched its Planet Ocean line in 2005. The latest models have all been updated to utilise the latest in combined horological & dive technology creating a robust yet charming collection of watches. 21530465101001Omega Planet Ocean ChronographMaster Chronometer METAS CertifiedSelf winding Omega 9900 Co-Axial Calibre with 60 hours power reserve45.5mm Stainless Steel case with screw down crown & helium valveExhibition sapphire casebackLiquid metal black unidirectional bezelAntireflective sapphire crystalBlack dial with date aperture & chrono totalisersStainless steel brushed finish bracelet5 Year international warranty,6370,GBP,27649829,27649829,False
67676024,,Samsung 970 EVO Plus SSD M.2 2280 - 2TB,"SSD (Solid state drive), 2 TB, intern, Datahastighed: 3500 MBps (l?s) / 3300 MBps (skriv), IOPS: 560000 (l?s) / 620000 (skriv), 2GB LPDDR4 cache, M.2 2280 (80mm), PCI-Express 3.0 x4 NVMe 1.3 (Non-Volatile Memory Express), 256-bit AES kryptering, TCG Opal Encryption - Samsung Phoenix Controller",3020.00,DKK,1365371,1365371,False
51785841,RAM MOUNTS,"RAM Composite Short Double Socket Arm for 1"" Balls - RAP-B-201U-A","Description Specs & Features Videos Compatible Bases ComponentsThe RAP-B-201U-A, short double socket arm, has a socket at both ends that accommodates 1"" ball bases. This socket technology allows for almost infinite adjustment and perfect viewing angles.(This product does not include single spring)Dimensions:Overall Length: 2.38""Socket-To-Socket Length: 2""Material:High Strength CompositeBall Size:1"" Rubber Ball ""B"" SizeNote:The ""U"" in the part number reflects product packaged in poly bag.Weight:0.15 lbs.RAM Composite Short Double Socket Arm for 1"" Ball BasesRAM? Mounts: Ball Sizes & Weight CapacitiesRAM 2.75"" Diameter Suction Cup Base With 1"" Ball - RAP-B-224-2URAM Flex Adhesive Base with 1"" Ball - RAP-B-378URAM 2.5"" Composite Round Base with the AMPs Hole Pattern & 1"" Ball - RAP-B-202URAM 2.43"" x 1.31"" Composite Diamond Base with 1"" - Ball RAP-B-238URAM T-KNOB, BOLT, WASHERS & SPRING - RAM-B-2-1",8.49,USD,3656260,3656260,False
8114507,Kingston,Kingston Canvas Select Micro SD SDHC Memory Card 80MB/s UHS-1 Class 10 with Adapter - 32GB,"Always 100% Genuine Kingston. Supplied brand new in sealed retail packaging complete with a useful MicroSD to full size SD memory card adapter and a superb Manufacturers Limited Lifetime Warranty!Full HD: The advanced UHS-I interface makes the card ideal for cinema-quality full HD (1080p) and 3D video. Ideal memory card for many phones, smartphones, tablets and camerasMade for video: Capture your holiday, football game or night on the town using this Class 10 card. Get your memories faster ¡ª Transfer and edit your memories quicker thanks to the incredible 8x read speeds over traditional Class 10 SD cardsHighly Durable: For your peace of mind, the card has been extensively tested and proven to be waterproof, temperature proof, shock and vibration proof and also X-ray proof7dayshop stock a competitive range of products : photo, computer, memory, inkjet, audio, video, battery, gifts ideas, gadgets and much more.We have been selling online since the year 2000. Buy with confidence.",,,595102,595102,False
10718715,,1 Fujifilm Instax Square Film Black Frame,,3800,HUF,1118780,1118780,False
52917835,,Samsung 970 EVO 1TB - NVMe PCIe M.2 2280 SSD | MZ-V7E1T0BW,"The SSD that goes furtherAccelerate into next-gen computing. The Samsung 970 EVO delivers breakthrough speeds, best-in-class reliability, and a broad range of capacity options up to 2TB*. The latest V-NAND, new Phoenix controller, and Intelligent TurboWrite technology enhance high-end gaming and 4K & 3D graphic editing.At a Glance:Superior NVMe Read/Write performanceSamsung's V-NAND reliability",9.3975E2,AED,106914,106914,False
31420404,Omega,Seamaster Planet Ocean 600 M Omega Co-Axial Master Chronometer Chronograph 215.30.46.51.03.001,"It was with OMEGA¡¯s maritime legacy in mind that the brand launched its Planet Ocean line in 2005. The stylish OMEGA Seamaster Planet Ocean 600M Master Chronometer Chronograph pays homage to OMEGA¡¯s dive watch heritage.This model, with its scratch-resistant sapphire crystal, features a blue ceramic dial with Arabic numerals and a date window at the 6 o¡¯clock position. The dial presents a small seconds sub-dial, as well as 60-minute and 12-hour counters on one dial for intuitive reading of elapsed time. The blue ceramic unidirectional rotating divers¡¯ bezel, with its Liquidmetal? diving scale, is mounted on a 45.5 mm stainless steel case.Other features include an alveol screw-in caseback and a stainless steel bracelet with patented extendable foldover clasp.The OMEGA Seamaster Planet Ocean 600M Master Chronometer Chronograph is water resistant to 60 bar (600 meters / 2000 feet), and has a helium-escape valve. The OMEGA Master Chronometer calibre 9900 at the heart of this timepiece can be seen through the transparent caseback. To achieve Master Chronometer status, it has passed the 8 rigorous tests set by METAS (The Swiss Federal Institute of Metrology).","8,450.00",USD,2193117,2193117,False
18960736,Ubiquiti,Ubiquiti UniFi Dual-Band WiFi PoE Access Point UAP-AC-HD - 5 Pack,"Ideal fordeployments that either need a weatherproof access point or standard 802.3ac PoE/802.3at Power over Ethernet, the Ubiquiti UAP-AC-HD UniFi boasts a 5Ghz speed of 1733 Mbps and simultaneous dual-band operation with 4x4 MIMO in both the 2.4 GHz and 5 GHz bands. This is a 5 pack.",1365.99,GBP,980563,980563,False
76176942,,"500GB 970 EVO 2280, 3400 / 2300 MB/s, V-NAND 3-bit MLC, PCIe 3.0 x4 NVMe, M.2 SSD",Samsung 970 EVO Series500GB PCIe NVMe M.2 Internal SSD Retail Pack,89.93,USD,1929047,1929047,False
21668308,,Samsung SSD 970 EVO Plus NVMe M.2 PCIe 2TB,"Samsung 970 EVO Plus 2 TB NVMe M.2 Internal SSDAccelerate into next-gen computingStorage memory: Samsung V-NAND 3-bit MLC500GB (1GB=1 Billion byte by IDEMA) Actual usable capacity may be less (due to formatting, partitioning, operating system, applications or otherwise)Encryption support: AES 256-bit Encryption (Class 0)TCG/Opal IEEE1667 (Encrypted drive)",353.10,EUR,1365371,1365371,False
59459274,,Fujifilm Instax Mini Monochrome Instant Film - 10 Photos,Fuji Instax Mini Film is an instant film suitable for use with Fuji Instax mini cameras. This Monochrome Instant Film produces black and white image which are sharp and clear.This pack of Fuji instant film contains 10 photos and will produce fantastic mini images at 62x46mm. The Fuji instax mini film has a ISO 800 speed for recording sharp detail in all conditions. You can also write on the white border with non water based pens.,11.99,GBP,165928,165928,False
27416124,,Access Point Ubiquiti UniFi AP AC PRO 5-pack,,610.38,,68127,68127,False
3223487,SAMSUNG,"SAMSUNG 970 EVO PLUS M.2 2280 500GB PCIe Gen 3.0 x4, NVMe 1.3 V-NAND 3-bit MLC Internal Solid State Drive (SSD) MZ-V7S500B/AM","SAMSUNG 970 EVO PLUS M.2 2280 500GB PCIe Gen 3.0 x4, NVMe 1.3 V-NAND 3-bit MLC Internal Solid State Drive (SSD) MZ-V7S500B/AM",89.99,USD,416703,416703,False
66814149,,Sigma 35mm f1.4 DG HSM Art Lens (Canon EF Fit),"EF-Mount Lens/Full-Frame FormatAperture Range: f/1.4 to f/16One FLD Element, Four SLD ElementsTwo Aspherical ElementsFloating Elements SystemSuper Multi-Layer CoatingHyper Sonic AF Motor, Manual OverrideRounded 9-Blade DiaphragmCompatible with Sigma USB DockOne of Sigma's finest creations yet, this lens sets a new benchmark for performance, offering quality that exceeds expectations in every way.Designed with a focus on sophisticated optical performance and abundant expressive power, our new Art line delivers superior image quality for high-level artistic expression. This new lens embodies the concept of our new Art lenses.Our Art line delivers high-level artistic qualitySigma is organizing all its interchangeable lenses into three product lines; Contemporary, Art and Sports. Designed with a focus on sophisticated optical performance and abundant expressive power, our Art line delivers high-level artistic expression. Developed with the maximum emphasis on artistic touch, our Art line lenses are designed to meet the expectations of users who value a creative, dramatic outcome above compactness and multifunction. Along with landscapes, portraits, still-life, close-up and casual snaps, they're perfect for the kind of photography that unleashes the inner artist. Ideal for studio photography, they offer just as much expressive scope when capturing architecture, starry skies, underwater shots and many other scenes. The SIGMA 35mm F1.4 DG HSM is the first lens from the Art line.Compensate for color aberration to ensure unsurpassed expressive performanceAberration is an important factor for the lens performance. To actualize a high-performance lens, one of the essential elements is aberration correction. When it comes to aberration, there are chromatic aberration of magnification and axial chromatic aberration. It is possible to correct the chromatic aberration of magnification in photo-editing software whereas axial chromatic aberration cannot be corrected afterwards. This lens incorporates FLD (""F"" Low Dispersion) glass elements, which have performance equal to fluorite, and SLD (Special Low Dispersion) glass elements, and by optimizing the power alignment of the lens, both types of aberration have been corrected. The lens achieves ultra-high image quality through the entire focusing range. Also, by appropriate alignment of aspheric lenses, astigmatism and field curvature are corrected. The result is superior optimum resolution even in peripheral areas.Large maximum aperture of F1.4In 2005, Sigma released a lens that has aperture value F1.4 designed for digital SLRs, ""SIGMA 30mm F1.4 EX DC HSM"". Since then, we have produced high-performance lenses by incorporating the latest optical technique, such as the standard lens designed for a full size image sensor, the SIGMA 50mm F1.4 EX DG HSM and the medium telephoto lens with large aperture, SIGMA 85mm F1.4 EX DG HSM. This lens, SIGMA 35mm F1.4 DG HSM, is our fourth lens that achieves extraordinary expressive power at the aperture value at F1.4. For wide angle photography, it ensures excellent brightness with the large F1.4 aperture and a beautiful bokeh effect.Attractive blur effectCorrection of coma aberration enabled less blur on a point light source in peripheral areas, and the function is best used for astrophotography and illuminations. It is also possible to create an attractive blur to the out of focus areas. The aspheric lens elements used as the first lens have secured peripheral brightness while correcting distortion. The rounded diaphragm creates an attractive blur to the out-of-focus areas of the image.Floating inner focusing systemThis system compensates for astigmatic aberration and spherical aberration and provides extremely high optical performance for close-up photos.Flare and ghosting conscious designIn order to achieve high rendering on this flagship lens, flare and ghosting were thoroughly measured from an early stage to establish an optical design which is resistant to strong incident light such as backlight. The Super Multi-Layer Coating reduces flare and ghosting and provides sharp and high contrast images even in backlit conditions.Hyper Sonic MotorThe HSM (Hyper Sonic Motor) ensures high speed and quiet AF as well as full-time manual focus override by rotation of the focus ring. With the enhanced AF algorithm, smoother AF is achieved.Brass made bayonet mountThis lens incorporates a brass made bayonet mount which has both high accuracy and durability. A special treatment to reinforce its strength is applied to the surface giving it greater strength and making it highly resistant to long-term use.Ease of useThe new product lines incorporate rubber for the attachment part of the provided lens hood. For better usability, the design of the lens cap and AF/MF changeover switch have been improved. In order to ensure high accuracy of the product, all metallic parts and the new compound material, TSC (Thermally Stable Composite), which has high affinity to metal parts, are housed internally.Newly developed ""USB DOCK"" exclusively for new product linesBased on these new lines, we have developed special software (SIGMA Optimization Pro) that can update the lens firmware and adjust parameters such as focus.Evaluation with Sigma's own MTF measuring system ""A1""We used to measure lens performance with MTF measuring system using conventional sensors. However, we've now developed our own proprietary MTF (modulation transfer function) measuring system (A1) using 46-megapixel Foveon direct image sensors. Even previously undetectable high-frequency details are now within the scope of our quality control inspections. The SIGMA 35mm F1.4 DG HSM will all be checked using this ""A1"" before they are shipped.",524,GBP,704991,704991,False
66123367,Sigma,Sigma 35mm f1.4 DG HSM Art Lens - Nikon Fit,"Wide angle lens with large maximum aperture of F1.4Ultra sharp images with high contrast and superior peripheral brightnessSuper multi-layer lens coating reduces flare and ghostingBenefits from FLD, SLD and Aspherical lens elementsHSM for fast and quiet AF",515.83,GBP,900968,900968,False
71471222,Fujifilm,Fujifilm Instax Mini Instant Film - Rainbow (10 Shots),Instant Film for Fujifilm Mini Instant Cameras10 Shots per PackISO 800High Gloss FinishSuperb Grain QualityFast Image FormationGreater Resistance to Age-Induced ChangesSingle-plastic Composition for Easier Disposal,159,ZAR,1374090,1374090,False
43876521,FUJIFILM,Fujifilm Instax Mini Film (Monochrome 10's),"For FUJIFILM INSTAX Mini CamerasCredit Card-Sized PrintsISO 800/30¡ãDaylight-Balanced FilmFrame design:WhiteFilm size: 54(W) x 86(H) mmPictureSize: 46(W) x 62(H) mmNumber of prints: 10 per packINSTAX FILMWe offer various designs for instax Square,Mini and Wide film. In addition,original films such as character-based frame design are also available in some countries.¡°instax mini¡± film is for all instax mini cameras and comes in a handy cartridge. It offers stunning instant pictures that you can fit into a purse, wallet or mini photo frame. instax film ensures sharp, clear reproduction, vivid color and natural skin tones.Frame design : Monochrome Film size : 54(W) x 86(H) mm Picture size : 46(W) x 62(H) mm Number of prints : 10 per packFUJIFILM Mini Specs :Film FormatINSTAX MiniFilm TypeColorFilm SpeedISO 800Image Area1.81 x 2.44",39.0,MYR,165928,165928,False
96544130,HyperX,Memoire DDR3 HyperX Fury Blue 4Go(1x4Go) Hyper X PC12800 1600MHz CL10,Memoire DDR3 HyperX Fury Blue 4Go(1x4Go) Hyper X PC12800 1600MHz CL10- HX316C10F/4,25.99,EUR,836466,836466,False
80768725,,SanDisk Ultra Flair 32GB USB 3.0 Flash Drive,"This SanDisk Ultra Flair USB Flash Drive has a large 32 GB capacity so there's plenty of room to store your important photos, videos, documents and other large files. It has a durable metal casing so you can take your USB Flash Drive on the go without worrying about damage.",0.00,AUD,292826,292826,False
43409810,Blaze Outdoor Products,Blaze 4 Burner LTE Grill Built-In Natural Gas Grill with Lights,"Blaze introduces an affordable commercial style grill that was designed with your outdoor BBQ desires in mind. Blaze gas grills feature precision cut, 304 stainless steel components which bring the promise of lasting durability to your outdoor BBQ! This model takes things to the next level with our signature SRL led accent lights and integrated halogen hood lighting.Dimensions: 21-1/4"" H x 32-1/2"" W x 25-3/4"" D",1849.99,USD,1435805,1435805,False
51823526,,"SanDisk USB 3.0 Flash Drive Ultra Flair 32 GB Black, Silver","In a working environment, it can be time consuming to transfer files from one device to another. With the SanDisk Ultra Flair USB flash drive, save yourself valuable time with less waiting to transfer files. Enjoy the high-speed USB 3.0 performance of up to 150MB/s1, making for a more efficient working pace.This flash drive is the perfect place for storing your favourite media and important documents, such as presentations, high-resolution photos, MP3 and graphic files. Its compact design means you can store it neatly in a multitude of places, and the metal case ensures its durability, making it a great companion for when you are working on the go. The password protection feature with the SanDisk SecureAccess software improves the security of your digital documents.",10.03,EUR,292826,292826,False
82858473,,Omega Seamaster Planet Ocean Automatic Chronograph Stainless Steel Watch 215.30.46.51.01.001,"stainless steel case, with a black dial. Silver stainless steel Bracelet. automatic movement. sapphire crystal. 45.5mmx 45.5mmx 18.87mm case. 22mm band width. 600 meters water resistant. Omega Seamaster Planet Ocean Automatic Chronograph Stainless Steel Watch 215.30.46.51.01.001 Omega has made innumerable contributions to watch-making history, including the first watch on the moon, followed by five subsequent lunar landings, the first divers' watch, the world's only certified marine chronometer watch, the inventor of the James Bond watch, and more records for accuracy than any other watch company. Omega has also been the official timekeeper of the Olympic Games since 1932.",7.605E3,USD,27649829,27649829,False
27880636,Ubiquiti,Ubiquiti Networks UniFi AC HD 5-Pack,"RJ45 x 2, USB Type C, 802.11a/b/g/n/ac/ac-wave2, 5 pcs",1449.00,EUR,980563,980563,False
2687477,,Hydro Flask Standard Mouth 621ml Insulated Bottle,"Keep life moving with our 21 oz bottle and Standard Flex Cap. It stashes easily into a small shoulder bag, your packs side pocket, or your car cup holder, and holds enough ice cold goodness to keep you going for hours without weighing you down. No wonder it's one of our bestselling water bottles.Versatile, middle-of-the-road sizeTempShield insulation eliminates condensation and keeps beverages cold up to 24 hours and hot up to 12 hoursDurable 18/8 Pro-Grade Stainless Steel constructionBPA-Free and Phthalate-FreeTechnical SpecificationsExternal Dimensions:4.9 x 7.3 x 23.9 cmWeight: 320gMaterial: Stainless SteelWarranty: Limited Lifetime** Warranty is offered by the brand from the date of purchase and doesn't cover shipping costs. Full terms and conditions available on request.",4.995E1,AUD,1558854,1558854,False
43789069,,Omega Seamaster Planet Ocean Automatic Chronograph Stainless Steel Watch 215.30.46.51.03.001,"stainless steel case, with a blue dial. Silver stainless steel Bracelet. automatic movement. sapphire crystal. 45.5mmx 45.5mmx 18.87mm case. 22mm band width. 600 meters water resistant. Omega Seamaster Planet Ocean Automatic Chronograph Stainless Steel Watch 215.30.46.51.03.001 Omega has made innumerable contributions to watch-making history, including the first watch on the moon, followed by five subsequent lunar landings, the first divers' watch, the world's only certified marine chronometer watch, the inventor of the James Bond watch, and more records for accuracy than any other watch company. Omega has also been the official timekeeper of the Olympic Games since 1932.",7.68105E3,USD,2193117,2193117,False
54818129,,SanDisk Ultra Flair 32GB USB 3.0 Pen Drive,"SANDISK ULTRA FLAIR USB 3.0 FLASH DRIVESPEED MEETS STYLEThe SanDisk Ultra Flair USB 3.0 flash drive moves your files fast. Spend less time waiting to transfer files and enjoy high-speed USB 3.0 performance of up to 150MB/s. Its durable and sleek metal casing is tough enough to handle knocks with style. And, with password protection, you can rest assured that your private files stay private. Store your files in style with the SanDisk Ultra Flair USB 3.0 flash drive.FLY THROUGH FILE TRANSFERSExperience high-speed USB 3.0 performance of up to 150MB/s with the SanDisk Ultra Flair USB 3.0 flash drive. Transfer files faster than standard USB 2.0 drives.STYLISH AND TOUGHWith a durable metal case, the SanDisk Ultra Flair USB 3.0 flash drive is both sleek and ready to handle unexpected knocks.PASSWORD-PROTECT YOUR FILESShare your movies or music, but rest assured that private files can stay private. Easy-to-use password protection lets you limit who sees certain files.RescuePROThe card comes with a RescuePRO Deluxe data recovery software download offer6. This software makes it easy to recover files that have been accidentally deleted (download required).PASSWORD PROTECT YOUR FILESSanDisk SecureAccess software allows you to create a password-protected folder on your drive to store your private data.",613.6,INR,292826,292826,False
60946583,Hydro Flask,Hydro Flask 21oz. Standard Mouth Flex Cap Black,"Hydro Flask 21oz. Standard Mouth Flex Cap Black in Medicine Hat, Alberta, Canada",33.99,CAD,1558854,1558854,False
67021731,,Ubiquiti Unifi AC HD AP Wireless Access Point UAP-AC-HD-5 5 Pack (No PoE Injectors),"UAP-AC-HD-5 - Ubiquiti Unifi AC HD AP Wireless Access Point 5 PackThe Ubiquiti Unifi AC HD Wireless Access Point 5 Pack (UAP-AC-HD-5) conforms to the latest 802.11ac Wave 2 wireless networking specification, featuring 4x4 MU-MIMO technology and PoE+ 802.3at compatibility. The Unifi AC HD offers the most recent UAP dual band technology for those re...",1446.00,GBP,980563,980563,False
93205470,SanDisk,SanDisk Cruzer Force USB Flash Drive 16GB,"With its smart grey and red finish, Cruzer Force USB Flash Drive 16GB looks good from the moment you see it. Its outer casing is engineered from metal to ensure that it gives your files an extra dimension of physical protection against accidental knocks.",4.69,GBP,199603,199603,False
66312167,,Samsung EVO 970 NVMe M.2 1 TB SSD,,1349.00,TL,106914,106914,False
36986473,,HyperX 4GB (1x4GB) 1866MHz CL10 Fury Black,,154,PLN,1877306,1877306,False
1225609,,Ubiquiti UniFi AP-AC-IW In Wall Access Point - 5 Pack,"TheUbiquiti UniFi AC In-Wall APtransforms an Ethernet wall connection into a dual-band 802.11AC Wi-Fi Access Point. It features two Gigabit Ethernet ports, one of which delivers PoE to power and connect an 802.3af device to the network.UAP-AC-IW Key Features802.11AC Wi-FiTwo Gigabit Ethernet ports300 Mbps at 2.4GHz867 Mbps at 5GHz100m RangeTheUniFi AC In-Wall APprovides simultaneous, dual-band, 2x2 MIMO technology and is available in single and five packs (PoE adapters not included).",362.55,GBP,1610496,1610496,False
62631842,,Samsung 970 EVO Plus MZ-V7S250BW / Solid state drive / encrypted / 250GB / internal / M.2 2280 / PCI Express 3.0 x4 (NVMe) / buffer: 512 MB / 256-bit AES / TCG Opal Encryption | MZ-V7S250BW,"Samsung 970 EVO Plus MZ-V7S250BW / Solid state drive / encrypted / 250 GB / internal / M.2 2280 / PCI Express 3.0 x4 (NVMe) / buffer: 512 MB / 256-bit AES / TCG Opal Encryption | MZ-V7S250BWDescriptionThe ultimate in performance, upgraded. Faster than the 970 EVO, the 970 EVO Plus is powered by the latest V-NAND technology and firmware optimization. It maximizes the potential of NVMe bandwidth for unbeatable computing.The 970 EVO Plus reaches sequential read/write speeds up to 3,500/3,300 MB/s, up to 57% faster than the 970 EVO. The latest V-NAND technology - which brings greater NAND performance and higher power efficiency - along with optimized firmware, a Phoenix controller, and Intelligent TurboWrite boost speed.Samsung 970 EVO Plus MZ-V7S250BW / Solid state drive | MZ-V7S250BWSpecial FeaturesAlways evolving SSDLevel up performanceDesign flexibilityExceptional enduranceUnparalleled reliabilitySamsung MagicianProduct featuresAlways evolving SSDThe ultimate in performance, upgraded. Faster than the 970 EVO, the 970 EVO Plus is powered by the latest V-NAND technology and firmware optimization. It maximizes the potential of NVMe bandwidth for unbeatable computing.Level up performanceThe 970 EVO Plus reaches sequential read/write speeds up to 3,500/3,300 MB/s, up to 57% faster than the 970 EVO. The latest V-NAND technology - which brings greater NAND performance and higher power efficiency - along with optimized firmware, a Phoenix controller, and Intelligent TurboWrite boost speed.Design flexibilityThe next advancement in NVMe SSD. The 970 EVO Plus fits up to 2TB onto the compact M.2 (2280) form factor, greatly expanding storage capacity and saving space for other components. Samsung's innovative technology empowers you with the capacity to do more and accomplish more.Exceptional enduranceThe new standard in sustainable performance. Get up to 1,200 TBW with a 5-year limited warranty for lasting performance. The 970 EVO Plus provides exceptional endurance powered by the latest V-NAND technology and Samsung's quality.Unparalleled reliabilityAchieve a new level of drive confidence. Samsung's advanced nickel-coated controller and heat spreader on the 970 EVO Plus enable superior heat dissipation. The Dynamic Thermal Guard automatically monitors and maintains optimal operating temperatures to minimize performance drops.Samsung MagicianAdvanced drive management made simple. The Samsung Magician software will help you keep an eye on your drive. A suite of user-friendly tools helps keep your drive up to date, monitor drive health and speed, and even boost performance.Product SpecificationDevice TypeSolid state drive - internalCapacity250 GBHardware EncryptionYesEncryption Algorithm256-bit AESNAND Flash Memory TypeTriple-level cell (TLC)Form FactorM.2 2280InterfacePCI Express 3.0 x4 (NVMe)Buffer Size512 MBFeaturesTRIM support, Auto Garbage Collection Algorithm, Dynamic Thermal Guard protection, TurboWrite Technology, V-NAND Technology, NVM Express (NVMe) 1.3, Samsung Phoenix Controller, S.M.A.R.T.Width22.15 mmDepth80.15 mmHeight2.38 mmWeight8 gSSD Endurance150 TBInternal Data Rate3500 MBps (read) / 2300 MBps (write)4KB Random Read17000 IOPS4KB Random Write60000 IOPSMaximum 4KB Random Write550000 IOPSMaximum 4KB Random Read250000 IOPSMTBF1,500,000 hoursInterfacesPCI Express 3.0 x4 (NVMe) - M.2 CardCompatible BayM.2 2280Power Consumption5 Watt (average) | 8 Watt (maximum) | 30 mW (idle max)Compliant StandardsIEEE 1667Service & SupportLimited warranty - 5 yearsMin Operating Temperature0 ¡ãCMax Operating Temperature70 ¡ãCShock Tolerance (operating)1500 g @ 0.5 ms half-sine",6.281E1,EUR,993500,993500,False
17217153,,Samsung 970 EVO Plus M.2 250 GB PCI Express 3.0 V-NAND MLC NVMe,"Samsung MZ-V7S250, 250 GB, M.2, 3500 MB/s",81.00,EUR,993500,993500,False
67326814,ASUS,Asus STRIX X570-F GAMING DDR4 S+GL AM4 (ATX),PCI Express x1 Slot Says3Tmleik Grnt KartVarlemci reticisiAmdPCI Express x16 Slot Say3PCI Slot SaysYokMaksimum Bellek128 GBYap StandartATXGaranti Sresi36 AyTmleik A Kart10/100/1000 MbpsUyumlu lemcilerAmd Ryzen 9Uyumlu lemcilerAmd Ryzen 5Portlar1x USB Type-CPCI Express x4 Slot SayYokSabit Diskler2x M.2 SoketSabit Diskler8 x SATA III ( 6Gb/s )Soket YapsAmd Socket AM4Ram HzDDR4 2133 MHzRam HzDDR4 2400 MHz,2421.68,TRY,80156,80156,False
42432008,,Sigma 105mm F1.4 DG HSM For Canon EF,Buy the Sigma 105mm F1.4 DG HSM For Canon EFfrom Conns Cameras in Dublin. Irelands Top Photo and Video Specialist with unrivalled backup service and support,1366.00,EUR,2161920,2161920,False
42047312,,Samsung 970 EVO Plus V-NAND M.2 250GB SSD,"PCIe 3.0 x4, NVMe 1.3, Samsung Phoenix controller, 3,500MB/s Seq. Read, 2,300MB/s Seq. Write, 5 Year Limited Warranty",67.49,GBP,993500,993500,False
94106554,RAM Mounts,"RAM Mounts short arm for 1"" ball","The RAP-B-201U-A, short double socket arm, has a socket at both ends that accommodates 1"" ball bases. This socket technology allows for almost infinite adjustment and perfect viewing angles.(This product does not include single spring)Dimensions:Overall Length: 2.42""Socket-To-Socket Length:",9.63,eur,3656260,3656260,False
66880690,,HD Port¨¢til LaCie Rugged Thunderbolt USB-C 2TB,,2069.10,BRL,114602,114602,False
70702847,,Kingston Technology Canvas Select memory card 128 GB MicroSDXC Class 10 UHS-I,"Bring your HD videos to life.Kingston?s Canvas Select? microSD card is designed to be reliable, making it ideal for filming in HD and shooting high-resolution photos. You can be confident that your memories will be safe when documenting life?s adventures on your Android? smartphone or point-and-shoot camera. It?s available in multiple capacities up to 256GB*, to provide plenty of space to capture an entire trip. Kingston Canvas cards are tested to be durable, so you can take them anywhere with the confidence that your photos, videos and other data will be protected, even in harsh or unstable conditions.**- Class 10 UHS-I speeds up to 80MB/s read***- Multiple capacities up to 256GB*- Built and tested to withstand harsh environments* Some of the listed capacity on a Flash storage device is used for formatting and other functions and is thus not available for data storage. As such, the actual available capacity for data storage is less than what is listed on the products. For more information, go to Kingston?s Flash Guide at kingston.com/flashguide.** IEC/EN 60529 IPX7 certified for protection against continual water submersion for up to 30 min. and a depth of up to 1m. Withstands temperature range from -25 ?C to 85 ?C. Based on MIL-STD-883H, METHOD 2002.5 military standard test method. Protected against X-ray exposure based on ISO7816-1 guidelines.*** Speed may vary due to host and device configuration.",13.99,GBP,854253,854253,False
14159368,,Original Epson T8651 Black Ink Cartridge (C13T865140),"Buy Epson T8651 original high capacity black ink cartridge at Internet-ink. Get free delivery, a 1 year guarantee and 10% off your next compatible Epson T8651 ink order. This Epson T8651 original high capacity black ink cartridge is a high quality Epson original ink cartridge. The Genuine T8661 uses Epson's ink to produce outstanding vibrant and monochrome prints every time. - 10% Off future compatible ink purchases with this compatible T8651 black printer ink. - free delivery to the UK and secure European delivery available. - 1 year guarantee on all compatible Epson T8651 black inkjet cartridges",,,193507,193507,False
50278024,Logitech,Logitech H151 Stereo Headset On Ear Kabelgebunden,,,,122031,122031,False
32239506,Omega,Omega Stainless Steel Seamaster Planet Ocean Watch,An intricate watch w,8000.00,USD,5409130,5409130,False
24528866,Kingston,Kingston 4GB DDR3 1600MHz HyperX Fury Blue Series,"DDR3, 4GB, 1600MHz, CL10",8451.85,HUF,836466,836466,False
31886989,ASUS,Asus ROG Strix X570-F Gaming ATX - motherboard,"Buy Asus ROG Strix X570-F Gaming ATX - motherboard at multitronic.fi, as well as find price, description and specifications online.",,,80156,80156,False
1195010,,PG-1230 Eagle 12-Speed Cassette,"Ride anywhere with the wide-range PG-1230, 11- to 50-tooth Eagle cassette. The NX cassette gives riders every bit of the climbing range that the Eagle ecosystem affords with a simple upgrade to...",100.00,USD,70762,70762,False
77966846,,LaCie 2TB Rugged Thunderbolt USB-C Portable Hard Drive,"The LaCie 2TB Rugged Thunderbolt USB-C External Hard Drive is a field tough, and future proof storage solution that combines USB-C compatibility with the blazing fast Thunderbolt speeds. The rugged drive is engineered to withstand shock and resist water and dust. The hard drives offers best-in class reliability and drive performance. Drop Resistant - 5 feet Crush Resistant - 1 ton Water & Dust Resistant - IP 54 3-Year Limited Warranty and Rescue Data Recovery Services Next-Generation USB-C ComputersNo up/down or left/right orientation means there¡¯s no wrong way to connect the USB-C cable. Any PC/Mac with USB 3.0Connect to any existing computer using the included USB-C to USB adapter cable. Ship your project to a client without worrying about compatibility. Integrated Thunderbolt CableThe Thunderbolt cable stows neatly when not in use, so that you¡¯ll never lose it. The drive is also bus powered through the USB-C and Thunderbolt cables.",172.49,USD,114602,114602,False
96845495,,KINGSTON 64GB MICRO SDXC - CLASS 10/UHS-I (U1),"64GB High Speed Micro SD Card, with adapter, Class 10",0.00,,53163,53163,False
70327361,SRAM,"SRAM SRAM, NX Eagle PG-1230, Cassette, Speed: 12, 11-50T",,100.00,USD,70762,70762,False
16934958,,RAM-B-201U-C - RAM Long Double Socket Arm for 1Ball Bases - Overall Length: 6,RAM-B-201U-C - RAM Long Double Socket Arm for 1Ball Bases - Overall Length: 6,35.95,AUD,1366684,1366684,False
37439609,Samsung,Samsung 970 EVO MZ-V7E1T0BW - Solid state drive - krypterat - 1 TB - inbyggd - M.2 2280 - PCI Express 3.0 x4 (NVMe) - 256 bitars AES - TCG Opal Encryption 2.0,,1682,SEK,106914,106914,False
54214061,,Kingston Canvas Select Plus 128GB microSD - With Adaptor,"Class 10 UHS-I speeds up to 100 MB/s*, Optimised for use with Android devices, Capacities up to 512 GB**, 100/85 MB/s Read/Write",17.19,GBP,27477,27477,False
91650188,Kingston,KINGSTON 8GB 1600MHz DDR3 CL10 DIMM (Kit of 2) HyperX Fury Black Series,,46.68,EUR,702149,702149,False
2986158,,"Kingston Canvas Select microSDHC 32GB (Class 10), UHS-I mem¨®riak¨¢rtya adapterrel (SDCS/32GB)","Garancia: 60 H¨®napMegj.: Kingston Canvas Select microSDHC 32GB (Class 10), UHS-I mem¨®riak¨¢rtya adapterrel (SDCS/32GB)",,,595102,595102,False
8289216,Kingston,Kingston Canvas Select Plus microSD Card SDCS2 128GB - Class 10,"Faster speeds: Class 10 UHS-I speeds up to 100 MB/sOptimised for use with Android devices: Improved performance when used with an Android smartphone or tabletDurable: For your peace of mind, the card has been extensively tested and proven to be waterproof, temperature proof, shock and vibration proof and X-ray proofWarranty: Available with a lifetime warrantyWe have been selling online since the year 2000. Buy with confidence.",13.99,GBP,27477,27477,False
72314218,,GENUINE Dymo 24mm x 7m Black on Yellow Label Tape Roll SD53718,GENUINE Dymo 24mm x 7m Black on Yellow Label Tape Roll SD53718,30.14,AUD,103881,103881,False
98132760,,Nikon AF-S 24-85mm f3.5-4.5G VR Lens,The Nikon AF-S 24-85mm f3.5-4.5G VR Lensis a versatile zoom lens with wide-angle to telephoto perspectives and VR image stabilization for reduction of the blur caused by camera shake.F-Mount Lens/FX FormatAperture Range: f/3.5 to f/29One ED and Three Aspherical ElementsSuper Integrated CoatingSilent Wave Motor AF SystemVR II Image StabilizationRounded 7-Blade Diaphragm,702,AUD,21809,21809,False
62446651,,2TB LaCie Rugged USB-C Hard Drive,? 2TB Storage Capacity? Thunderbolt | USB 3.1 Gen 1 Type-C? AES 256-Bit Encryption? Bus Powered,179.00,USD,114602,114602,False
58893463,,32 Oz Wide Mouth With Flex Cap W32BTS001,32 Oz Wide Mouth With Flex Cap W32BTS001Product DescriptionBrand : Hydro FlaskStyle# : W32BTS001Product Type : Water BottleColor : BlackVolume : 32 oz,44.95,USD,36023,36023,False
14519075,,Sigma 35mm f1.4 EX DG HSM A Nikon,,619.00,,900968,900968,False
5489545,,Fujifilm Instax Square Instant Film - 10 Exposures,"INSTAX Square Instant Film contains 10 sheets of instant color film that is compatible for use with INSTAX SQUARE cameras. This film features vivid color reproduction with natural skin tones, and its refined grain structure provides high image sharpness and clarity. Each 3.4 x 2.8"" sheet of film produces a square 2.4 x 2.4"" glossy image area that is surrounded by a simple white border.",1.699E1,USD,1457721,1457721,False
36469366,,"RAP-B-201U-A RAM Mounts Composite SHORT Double Socket Arm for 1"" Ball Bases","RAM Mounts 793442901614RAP-B-201U-A RAM Mounts Composite SHORT Double Socket Arm for 1"" Ball BasesThe RAP-B-201U-A, short double socket arm, has a socket at both ends that accommodates 1"" ball bases. This socket technology allows for almost infinite adjustment and perfect viewing angles.(This product does not include single spring)Dimensions:Overall Length: 2.38""Socket-To-Socket Length: 2""Material: High Strength CompositeBall Size: 1"" Rubber Ball ""B"" SizeNote: The ""U"" in the part number reflects product packaged in poly bag.",8.49,USD,3656260,3656260,False
73382141,,Samsung 970 EVO Plus 250GB M.2 NVMe,"Capacity250 GBSeries970 EVO PLUSForm FactorM.2FEATURESAlways Evolving SSDThe ultimate in performance, upgraded. Faster than the 970 EVO, the 970 EVO Plus is powered by the latest V-NAND technology and firmware optimization. It maximizes the potential of NVMe bandwidth for unbeatable computing. Comes in capacity 250GB, with reliability 150 TBW.Level up PerformanceThe 970 EVO Plus reaches sequential read/write speeds up to 3,500/2,300MB/s, up to 53% faster than the 970 EVO.Powered by the latest V-NAND technology¡ªwhich brings greater NAND performance and higher power efficiency¡ªalong with optimized firmware, a proven Phoenix controller, and Intelligent TurboWrite boost speed.Design FlexibilityThe next advancement in NVMe SSDs. The 970 EVO Plus fits 250GB onto the compact M.2 (2280) form factor, greatly expanding storage capacity and saving space for other components. Samsung's innovative technology empowers you with the capacity to do more and accomplish more.Exceptional EnduranceThe new standard in sustainable performance. Get up to 150 TBW with a 5-year limited warranty for lasting performance. The 970 EVO Plus provides exceptional endurance powered by the latest V-NAND technology and Samsung's reputation for quality.Unparalleled ReliabilityAchieve a new level of drive confidence. Samsung's advanced nickel-coated controller and heat spreader on the 970 EVO Plus enable superior heat dissipation. The Dynamic Thermal Guard automatically monitors and maintains optimal operating temperatures to minimize performance drops.Samsung MagicianAdvanced drive management made simple. The Samsung Magician software will help you keep an eye on your drive. A suite of user-friendly tools helps keep your drive up to date, monitor drive health and speed, and even boost performance.SPECIFICATIONSModelSamsung SSD 970 Evo PlusSeries970 EVOCapacity250GBApplicationClient PCsInterfacePCIe Gen 3.0 x 4, NVMe 1.3Dimension (WxHxD)80.15 x 22.15 x 2.38 (mm)Sequential ReadUp to 3,500 MB/sSequential WriteUp to 2,300 MB/sNAND FlashSamsung V-NAND 3-bit MLCTRIM SupportSupportedS.M.A.R.T SupportSupportedCache MemorySamsung 512MB Low Power DDR4 SDRAMEncryption SupportAES 256-bit Encryption (Class 0)TCG/Opal IEEE1667 (Encrypted drive)WWN SupportNot supportedGC (Garbage Collection)Auto Garbage Collection AlgorithmDevice Sleep Mode SupportYesVoltage3.3 V¡À5 % Allowable voltageReliability (MTBF)1.5 Million Hours Reliability (MTBF)Operating Temperature0 - 70 ¡æ Operating TemperatureNVMeYesGaming SSDsYesForm FactorM.2 (2280)Warranty5 YearsNote***Features, Price and Specifications are subject to change without notice.",5900.00,INR,993500,993500,False
50789754,Hydro Flask,Hydro Flask 32 oz. Wide Mouth 2.0 Flex Cap Hibiscus,"Hydro Flask 32 oz. Wide Mouth 2.0 Flex Cap Hibiscus in Medicine Hat, Alberta, Canada",40.79,CAD,929657,929657,False
61306190,,AF-S FX 24-85MM F3.5-4.5G ED VR,"The Nikon AF-S NIKKOR 24-85mm f/3.5-4.5G ED VR Lens features a wide to medium tele 3.5x zoom and VR image stabilization. It's an excellent standard lens that can be used for everyday shooting. The 24 - 85mm focal length can cover everything from wide-angle shots to portrait shooting. It lets you shoot up to four shutter speeds slower, thanks to the VR Image Stabilization. And, it affords superior close focusing at 1.25 feet away from every focal length.In addition to the obvious advantages a reliable everyday lens provides, it also employs a 7-blade rounded diaphragm opening, three aspherical lens elements and one extra-low dispersion ED element. Product DescriptionThe Nikon AF-S NIKKOR 24-85mm f/3.5-4.5G ED VR Lens features a wide to medium tele 3.5x zoom and VR image stabilization. It's an excellent standard lens that can be used for everyday shooting. The 24 - 85mm focal length can cover everything from wide-angle shots to portrait shooting. It lets you shoot up to four shutter speeds slower, thanks to the VR Image Stabilization. And, it affords superior close focusing at 1.25 feet away from every focal length.In addition to the obvious advantages a reliable everyday lens provides, it also employs a 7-blade rounded diaphragm opening, three aspherical lens elements and one extra-low dispersion ED element. The 7-bladed rounded diaphragm allows for beautiful bokeh and blurred background effects in photos with a shallow depth of field.Having one ED glass element and three aspherical elements means this lens will provide you and your camera with spectacular image quality, clarity and contrast in every frame you capture. It's suited for all levelsof photography and video capture, from amateur to professional. Plus, it touts features like Nikon's Super Integrated Coating, internal focus, silent wave motor and M/A (manual/auto) focus mode switch.FEATURES- For FX-Format DSLRs- Wide-Angle to Medium Telephoto 3.5x Zoom- Three Aspherical Lens Elements- One Extra-Low Dispersion Lens Element- Nikon VR Image Stabilization- Nikon Super Integrated Coating- Silent Wave Motor & Superior Close Focus- M/A (Manual/Auto) Focus Mode Switch- Round 7-Blade Diaphragm & Internal FocusProduct SpecificationsSPECIFICATIONSPERFORMANCEFocal Length 24 - 85mmComparable Focal Length: 36 - 127.5 mmAperture Maximum: f/3.5 - 4.5Minimum: f/22 - 29Camera Mount Type Nikon FFormat Compatibility Nikon FX/35mm FilmAngle of View 28¡ã - 84¡ã / DX Picture Angle: 18¡ã - 61¡ãMinimum Focus Distance 1.25' (.38 m) 2Magnification 3.5xMaximum Reproduction Ratio 1:0Elements/Groups 16/11Diaphragm Blades 7FEATURESImage Stabilization Yes Autofocus YesPHYSICALFilter Thread Front:72 mmDimensions (DxL) Approx. 3.1 x 3.2"" (7.87 x 8.13 cm)Weight 1.02 lb (465 g)WarrantyWarranty:LIMITED 2 YEAR",9.99E2,NZD,21809,21809,False
75997111,,"RAM Long Double Socket Arm for 1"" Balls","Looking to add a bit more flexibility to your favorite RAM Mount base and case/cradle combination? Need just a little more length, height, and/or versatility in order to optimize the accessibility of your go-to electronic gadget? If either situation applies to you, the RAM Long Double Socket Arm for 1"" Balls is the low-cost, low-hassle solution you've been looking for.Fabricated from powder-coated marine grade aluminum, this user-friendly articulating arm boasts a pair of 1"" ball sockets - one at each end - that perfectly integrate with numerous mounts and cases/cradles (sold separately) in the RAM Mount lineup. Each joint is independently adjustable for maximum versatility, although the unit employs a single control knob for the sake of simplicity. To use, just loosen the knob, connect the appropriate base and cradle/case, position as desired, and re-tighten the knob. Overall length is 6"", and socket-to-socket distance measures 5 1/4"". Weighs just 0.53 lbs. An immensely adaptable accessory for a level of control that's sure to delight.",18.99,USD,1366684,1366684,False
38447746,,Sigma 35mm f/1.4 DG HSM Art,"Sigma 35mm f/1.4 DG HSM (Art)Front and rear lens capsLens hoodLens caseThe Sigma 35mm F1.4 DG HSM, is designed for photographers who want to achieve creative, dramatic effects in their photographs. As the first lens released under Sigma's new Art line, it will feature a new matte finish and overall new design concept, which includes a clearly defined category label on every new lens. This 35mm wide-angle lens with a maximum aperture of 1.4 ensures outstanding performance in low light, and a stunning bokeh background effect to emphasize the subject.Sigma's new Art line of lensesSpecial & ""F"" Low Dispersion Elements (FLD & SLD)Hyper Sonic Motor (HSM)Thermally Stable Composite (TSC)Floating Internal Focus SystemSuper Multi-Layer CoatingRounded 9 blade diaphragmCustomization and flexible adjustment with Sigma USB DockFilter size:67mm",719.95,USD,704991,704991,False
50775039,,"Blaze 40-Inch Cart For 5-Burner Grill, Cart Only","Blaze presents to you the stainlesssteel grill cart that specificallydesigned to house Blaze 40-Inch 5 burner gas grill. It hastwo stainless steel side shelves toprovide a convenient work area while you cook.The Blaze grill cart also features two front doors with rounded handles to access the cabinet below the grill where you can store your propane tank, grill cover and BBQ accessories.The cart also has4 heavy duty casters that allows you to reposition the grill as in which ever way you please.OVERVIEW:Stainless steel constructionAdds practical storage2 side shelves4 heavy duty castersHolds BLZ-5-NG/LP and BLZ-5LTE2-NG/LP grill modelsLP Tank StorageDIMENSIONS: Width:63.38 Inch Depth:22.00Inch Height:35.63 InchAdditional Dimensions:Cart without Shelves - 35 5/8"" H x 41 3/8"" W x 22"" D Single Shelf Dimensions - 11"" W x 22"" D Physical Door Opening - 18 1/2 "" H x 36 1/8"" WMANUFACTURER'S DOWNLOADS Blaze Product Catalog Blaze Grill Cart Assembly Instructions",5.1499E2,USD,4325250,4325250,False
37467418,Samsung,"Samsung NVMe SSD 970 Evo 500GB, M.2","Samsung NVMe SSD 970 Evo 500GB, M.2","82,90",,1929047,1929047,False
67556867,,Fujifilm Instax Mini Rainbow (10 sheets) Film,"Fujifilm instax mini film is for all instax mini cameras and comes in a handy cartridge. It offers stunning instant pictures that you can fit into a purse, wallet or mini photo frame. instax film ensures sharp, clear reproduction, vivid color and natural skin tones.",1.295E1,EUR,1374090,1374090,False
30190432,,64GB Canvas Select UHS-I microSDXC Memory Card with SD Adapter,64GB Canvas Select UHS-I microSDXC Memory Card with SD Adapter,18.97,USD,53163,53163,False
28656579,,Sigma 50mm F1.4 DG HSM Canon [ART],,4407.00,PLN,75956,75956,False
18130795,,ASUS Turbo -RTX2060S-8G-EVO GeForce RTX 2060 SUPER 8 GB GDDR6,"ASUS Turbo TURBO-RTX2060S-8G-EVO, GeForce RTX 2060 SUPER, 8 GB, GDDR6, 256 bit, 7680 x 4320 Pixel, PCI Express 3.0",536.79,EUR,320546,320546,False
84071723,Ubiquiti,Ubiquiti UniFi AC In-Wall Access Point 5 Pack,Ubiquiti UniFi AC In-Wall Access Point 5 Pack available to buy online from PC Case Gear ¨C Australia¡¯s Premier Online PC Store.,739,AUD,1610496,1610496,False
25467733,Kingston,Kingston HyperX FURY Blue 8GB - PC3-12800 - DIMM,HyperX FURY Blue 8GB (2x4GB) DDR3-1600MHz CL10,59.00,EUR,288081,288081,False
91980346,,Ubiquiti UniFi AC Pro 5-pack UAP-AC-PRO-5 Ubiquiti,,561.00,EUR,68127,68127,False
90040742,,Sigma 50mm F1.4 DG HSM Nikon [ART],,4032.00,PLN,393711,393711,False
2555924,,Sigma 35mm f/1.4 DG HSM Art Lens Nikon,67mm Filter Size f/1.4 Aperture N/A Stabilized FX Mount The Sigma 35mm f/1.4 ART DG HSM Lens f/Nikon is a state of the art lens designed for full frame cameras but can also be used with APS-C sensors as well. The first addition to the Art category in Sigma¡¯s Global...,699.00,USD,900968,900968,False
62527996,,SRAM NX Eagle PG-1230 12-Speed Cassette 11-50T,SRAM has expanded its Eagle offerings with the introduction of the NX drivetrain line. The NX groupset is the go-to for riders seeking a more affordable 1x setup without sacrificing the technology and reliability that SRAM Eagle is known for. What truly sets the NX cassette apart from others in...,100.00,USD,70762,70762,False
1273527,,Audio-Technica ATH-AD500X Headphone,"Newly designed 53 mm drivers with CCAW voice coils reproduce remarkably natural sound, with impactful bass and outstanding vocal projection.",179.00,AUD,87840,87840,False
70535488,,Kingston Canvas Select 64GB MicroSDXC card 80MB/s,"Bring your HD videos to life.Kingston¡¯s Canvas Select? microSD card is designed to be reliable, making it idealfor filming in HD and shooting high-resolution photos. You can be confidentthat your memories will be safe when documenting life¡¯s adventures on yourAndroid? smartphone or point-and-shoot camera. It¡¯s available in multiplecapacities up to 256GB1, to provide plenty of space to capture an entire trip.Kingston Canvas cards are tested to be durable, so you can take them anywherewith the confidence that your photos, videos and other data will be protected,even in harsh or unstable conditions.2FEATURES/BENEFITSFull HD ¡ª The advanced UHS-I interface makes the card ideal for cinema-quality full HD (1080p) and 3D video.3Made for video ¡ª Capture your holiday, football game or night on the town using this Class 10 card.Get your memories faster ¡ª Transfer and edit your memories quicker thanks to the incredible 8x read speeds over traditional Class 10 SD cards.Durable ¡ª For your peace of mind, the card has been extensively tested and proven to be waterproof, temperature proof, shock and vibration proof and X-ray proof.2SPECIFICATIONSCapacities1: 16GB, 32GB, 64GB, 128GB, 256GBPerformance3: 80MB/s read and 10MB/s write, UHS-I Speed Class 1 (U1)Dimensions (microSD): 11mm x 15mm x 1mmDimensions (with SD adapter): 24mm x 32mm x 2.1mmFormat: FAT32 (SDHC 16GB-32GB), exFAT (SDXC 64GB-256GB)Operating temperatures: -25¡ãC to 85¡ãCStorage temperatures: -40¡ãC to 85¡ãC1 Some of the listed capacity on a Flash storage device is used for formatting and other functionsand is thus not available for data storage. As such, the actual available capacity for data storageis less than what is listed on the products.2 IEC/EN 60529 IPX7 certified for protection against continual water submersion for up to 30 min. and adepth of up to 1m. Withstands temperature range from -25 ¡ãC to 85 ¡ãC. Based on MIL-STD-883H,METHOD 2002.5 military standard test method. Protected against X-ray exposure based onISO7816-1 guidelines.3 Speed may vary due to host and device configuration.",8.20,GBP,53163,53163,False
60121656,,Double Socket Arm - Short - Black - RAM 201U-A,Short Arm for lower profile applications.,13.99,USD,394619,394619,False
47200708,Omega,OMEGA Seamaster Planet Ocean Chronograph Steel,"It was with OMEGA¡¯s maritime legacy in mind that the brand launched its Planet Ocean line in 2005. The stylish OMEGA Seamaster Planet Ocean 600M pays homage to OMEGA¡¯s dive watch heritage.This model, with its scratch-resistant sapphire crystal, features a black dial with a small seconds dial, a date window and a central chronograph hand. Sixty-minute and 12-hour counters are found on the same dial at the 3 o¡¯clock position, allowing for intuitive reading of the elapsed time. The orange unidirectional rotating divers¡¯ bezel is mounted on a 45.5 mm stainless steel case on a stainless steel bracelet.The OMEGA Seamaster Planet Ocean 600M is water resistant to 600 metres / 2000 feet / 60 bar, and has a helium-escape valve. This certified chronometer timepiece is powered by the OMEGA Co-Axial calibre 9300 which can be seen through the transparent caseback.",18900.000001,AED,5409130,5409130,False
46090644,,ASUS ROG STRIX X570-F GAMING Emolevy - AMD X570 - AMD AM4 socket - DDR4 RAM - ATX,"Emolevy, ATX, AMD AM4 Socket, AMD X570, 2 x PCI-Express 4.0 x16, Dual DDR4-3200 - 4 x DIMM slots, 8 x SATA-600 / 2 x M.2 PCI-Express 4.0 (2242 / 2260 / 2280), USB 3.2 Gen 2 Type A & C, DisplayPort / HDMI (tukee 4K) yhteys, Intel I211-AT Gigabit LAN, AMD Radeon Graphics tuki (CPU tarvitaan), Realtek S1220A HD Audio (8-kanavat), tukee SLI / CrossFireX",289.00,DKK,80156,80156,False
78541132,,HIKVISION DS-7208HQHI-K2/P 2 MEGAPIXEL POC 8 CHANNEL (8CH) DVR,"The DS-7208HQHI-K2/P is the new 8 channel Power Over Coax (POC) DVR from HIKVISION. It has H.264 and Duel stream video compression and uses a BNC interface for TVI, AHD, CVBS camera input. This DVR has a HDD capacity of up to 12TB. This DVR also has the additional benefit of supporting an additional 2x IP cameras of up to 4MP Resolution. Power over coax (PoC) provides power to the camera over the same coax cable as the video signal thus simplifying the cable installation and reducing time/costs. To use PoC you must use a compatible PoC TVI camera. Alternatively normal TVI cameras can be fitted with a separate camera power supply.",,,28399,28399,False
19778721,,RAP-B-201U-A - RAM Composite Short Double Socket Arm for 1Balls,RAP-B-201U-A - RAM Composite Short Double Socket Arm for 1Balls,15.95,AUD,3656260,3656260,False
9951028,HYDRO FLASK,HYDRO FLASK HYDRO FLASK 21OZ STANDARD MOUTH BOTTLE-OLIVE,"Hydro Flask's unique double wall vacuum insulation protects temperature for hours. Cold drinks stay icy cold and hot drinks stay piping hot so you can stay refreshed for any adventure.Product BenefitsVersatile, middle-of-the-road sizeTempShield?",33.00,USD,1446023,1446023,False
22501265,,Fujifilm Instax Square Film For Fujifilm Instax Square Cameras,Fujifilm Instax square instant film - 10 exposures. This item has updated packaging for North America and includes English and French information.######Square 1: 1 formatFor use with Instax square format instant cameras and mobile Printers10 exposures,1.699E1,USD,1457721,1457721,False
88810551,,SIGMA 35 mm f/1.4 DG HSM A Standard Prime Lens - for Canon,"The Sigma 35mm f/1.4 DG HSM A Standard Prime Lens is part of the high-performance 'Art Series', featuring superb optics, for professional and serious amateur photographers. Advanced optical design Designed with sophisticated optical performance, the DG HSM A combines complex features, with easy handling. Its 13 element, 11 group construction includes Super-Low Dispersion (SLD) glass and 'F' Low Dispersion (FLD) glass elements, which have performance equal to fluorite. This helps minimize and correct both the chromatic aberration of magnification and axial chromatic aberration to achieve ultra-high quality images. Large maximum aperture Sigma has a strong reputation for producing high-performance lenses by incorporating the latest optical techniques. The f/1.4 DG HSM A achieves extraordinary expressive power with a maximum aperture of f/1.4. Your wide angle photography benefits from excellent brightness even in the poorest light conditions with optimum resolution even in the periphery. HyperSonic Motor The HSM (HyperSonic Motor) ensures fast and quiet autofocus with full-time manual override. The enhanced AF algorithm gives you smoother autofocus which can be overridden anytime by rotating the focus ring. This drives a floating inner focus system that effectively compensates for astigmatic and spherical aberration, designed to maintain high optical performance for all subject distances, including extreme close-up photos. Reduced flare and ghosting Super Multi-Layer Coating is used to reduce flare and ghosting. Combined with an optical design engineered to be resistant to strong incident light, the f/1.4 DG HSM A provides sharp, high contrast images even in backlit conditions. Blur Effect The aperture diaphragm effectively uses 9 rounded blades to create an attractive bokeh effect in the out of focus areas of the image. As a result, you can achieve beautifully expressive photos with artistic peripheral distortion. Easy to use The Sigma 'Art Series' lenses are constructed with rubber for the attachment part of the lens hood allowing for better usability. The f/1.4 DG HSM A also incorporates a brass made bayonet mount which ensures high accuracy and durability. With excellent image quality, professional-grade optics and flawless operation, the Sigma 35mm f/1.4 DG HSM A Standard Prime Lens for Canon delivers on performance at a competitive price.",599,GBP,704991,704991,False
54609457,Ubiquiti,Ubiquiti Networks UniFi AC HD 1700Mbit/s PoE AccesPnt 5-Pack,"RJ45 x 2, USB Type C, 802.11a/b/g/n/ac/ac-wave2, 5 pcs",1771.95,EUR,980563,980563,False
45145764,,MEMORIA DDR3 KINGSTON HYPERX FURY BLUE 4GB 1600MHZ,HYPERX FURY BLUE 4GB 1600MHZ,603.7,MXN,836466,836466,False
21122556,,Fujifilm INSTAX Mini Monochrome Instant Film (10 Exposures),"The Fujifilm INSTAX Mini Monochrom Instant Filmresponds to the increasingly sophisticated demands of users, enabling them to expand the artistic potential of their photographic expression and adding a further dimension to fun-to-use Instax cameras and films. This film is ISO 800 and designed for balanced tonality and fine grain in...",9.95,USD,165928,165928,False
65414283,,Johnnie Walker Blue Label Whisky 700ml,,249.99,NZD,56750,56750,False
9746845,Dymo,Dymo 53718 Black On Yellow - 24mm,Dymo S0720980 from Dymo Express. 53718 Black On Yellow - Yellow- 24mm.,15.70,GBP,103881,103881,False
24494324,ASUS,ASUS NVIDIA GeForce RTX 2060 SUPER 8GB TURBO EVO Turing Graphics Card,"ASUS GeForce RTX 2060 SUPER TURBO EVO 8GB GDDR6 Ray-Tracing Graphics Card, 2176 Core",99999.99,GBP,320546,320546,False
13433121,,32 oz. Wide Mouth Bottle - Sunflower,"Made for the outdoors.Big enough for a whole day in the backcountry, our 32 oz Wide Mouth bottle is made with professional-grade stainless steel and a wider opening for faster fill. And because...",47.95,CAD,489587,489587,False
50532201,,Sigma 105mm F1.4 DG HSM Art Lens [Canon],"With a no-holds-barred approach to design, the Canon EF-mount 105mm f/1.4 DG HSM Art Lens from Sigma is a short-telephoto, portrait-length prime distinguished by its bright maximum aperture and advanced optical layout. The fast f/1.4 design greatly benefits working in low-light conditions and also affords extensive control over depth of field for isolating subjects and working with selective focus. As part of the Art line of lenses, this lens is also designed for high-resolution rendering, and utilizes FLD and SLD glass to control chromatic aberrations and color fringing for notable clarity. A Super Multi-Layer Coating also enhances image quality by suppressing lens flare and ghosting for improved contrast and color fidelity in strong lighting conditions. Additionally, a rounded nine-blade diaphragm contributes to a pleasing bokeh quality.Complementing the imaging capabilities, the lens sports a Hyper Sonic Motor to produce quick, smooth, and quiet autofocus performance with full-time manual focus override. The physical design utilizes Thermally Stable Composite material for durability in a wide range of environments, and a brass bayonet mount also offers rigidity and mounting precision. For working atop a tripod, a removable tripod collar is also included and features an Arca-type compatible foot for wide mounting compatibility.As part of the Art line within Sigma's Global Vision series, this lens is designed to achieve truly notable optical performance and is ideally suited for creative and artistic applications.Short-telephoto prime, this 105mm f/1.4 lens is designed for full-frame Canon EF-mount DSLRs, however can also be used with APS-C models where it provides a 168mm equivalent focal length.Impressively bright f/1.4 maximum aperture is well-suited for working in low-light conditions and also provides greater control over the focus position when using shallow depth of field techniques.Three F Low Dispersion (FLD) and two Special Low Dispersion (SLD) elements are featured in the optical design, and help to reduce color fringing and chromatic aberrations for improved clarity and color accuracy.One aspherical element is used to help limit distortion and spherical aberrations and also contributes to greater overall sharpness and accurate rendering.Large 105mm-diameter front contributes to improved peripheral illumination in order to reduce vignetting.A Super Multi-Layer Coating has been applied to lens elements in order to minimize lens flare and ghosting and contribute to producing contrast-rich and color-neutral imagery, even in backlit conditions.Nine-blade rounded diaphragm contributes to a smooth and pleasing bokeh quality.The integrated HSM (Hyper Sonic Motor) realizes quick and quiet autofocusing, which is further complemented by an optimized AF algorithm to produce smoother focusing performance. The HSM also permits full-time manual focus control simply by rotating the focus ring at any time.Specialized electromagnetic aperture mechanism provides greater exposure control stability that is especially beneficial when working with fast continuous shooting rates.The lens is constructed using a Thermally Stable Composite (TSC) material, along with traditional metals, for greater precision and use in wide temperature variations.The bayonet mount is constructed from brass for ensured accuracy and durability.Additionally, rubber sealing is incorporated in the mount design to render it dust- and splash-resistant.Protective coating has been applied to the front element and is both water and oil-repellent to aid in cleaning.Included rotating tripod collar features an Arca-type compatible foot for seamless use atop a tripod or monopod. This collar can also be removed from the lens, and a protective cover takes its place, for more comfortable handheld use.Lens hood is constructed from a carbon fiber reinforced plastic to remain lightweight yet exceptionally durable.This lens is compatible with the optional Sigma USB Dock for fine-tuning different lens characteristics and updating its firmware.In the Box","1,599.00",USD,2161920,2161920,False
26736430,Sigma,Sigma 50mm F1.4 Art DG HSM Nikon Mount Lens,Sigma 50mm F1.4 Art DG HSM Nikon Mount Lens,1249,AUD,393711,393711,False
98793471,,Seagate Lacie 2TB 2.5 Rugged Portable Thunderbolt Type C,Seagate Lacie 2TB 2.5 Rugged Portable Thunderbolt Type C,"R4 199,98 incl tax",ZAR,114602,114602,False
75249284,,Pen Drive SanDisk 16GB Cruzer Force USB 2.0,,"4,65",EUR,199603,199603,False
58504634,,Samsung 970 EVO Plus 250GB Solid State Drive SSD | MZ-V7S250BW,Accelerate into next-gen computing Storage memory: Samsung V-NAND 3-bit MLC 250GB (1GB=1 Billion byte by IDEMA) Encryption support: AES 256-bit Encryption (Class 0)TCG/Opal IEEE1667 (Encrypted drive),315.00,AED,993500,993500,False
74756753,,HyperX FURY Blue 4GB (1x4GB) 1600MHz DDR3 Memory,"HyperX brand featuring Intel XMP profile support and ideal huge 4GB DDR3 module, powered by CL10 latency timing, powered by 1.5V and fluid 1600MHz",2.134E1,GBP,836466,836466,False
95568345,Hydro Flask,Hydro Flask 32 oz Wide Mouth Flex Cap Bottle in Hibiscus,32 oz Wide Mouth Flex Cap Bottle in Hibiscus,48.00,CAD,929657,929657,False
23175875,Kingston,Kingston 8GB DDR3 1600MHz Kit(2x4GB) HyperX Fury Blue Series,"DDR3, 8GB, 1600MHz, Dual Channel, CL10",18119.09,HUF,288081,288081,False
31531912,,Buy Quality Replica Omega Seamaster Planet Ocean 600M Steel Chronometer Chronograph Watch 215.30.46.51.01.001,Quality AAA Replica Omega Seamaster Planet Ocean 600M Steel Chronometer Chronograph Watch 215.30.46.51.01.001 from online store for sale.,,,27649829,27649829,False
839786,,Hydro Flask - 21 oz. Standard Mouth w/ Standard Flex Cap,"Hydro Flask - 21 oz. Standard Mouth w/ Standard Flex CapProduct DetailsYour perfect travel companion.Keep life moving with our 21 oz bottle and Standard Flex Cap. It stashes easily into a small shoulder bag, your pack¡ë?s side pocket, or your car cup holder, and holds enough ice cold goodness to keep you going for hours without weighing you down. No wonder it's one of our bestselling water bottles.FeaturesProduct BenefitsVersatile, middle-of-the-road sizeTempShield¡ë?¡é insulation eliminates condensation and keeps beverages cold up to 24 hours and hot up to 12 hoursDurable 18/8 Pro-Grade Stainless Steel constructionBPA-Free and Phthalate-FreeCompatible with Standard Mouth Insulated Sport CapLifetime WarrantySpecs21 ozVolume621 mLMouth Diameter1.91""Diameter2.87""Height9.4""Weight11.3 oz",3.295E1,USD,1446023,1446023,False
95741314,Kingston,KINGSTON 4GB 1866MHz DDR3 CL10 DIMM HyperX Fury Black Series,,23.28,EUR,1877306,1877306,False
52762800,,"Card de Memorie MicroSDXC Kingston Canvas Select 80R, 64GB, Clasa 10 UHS-I, 80/10 MB/s, adaptor SD","MicroSDXC Kingston, 64GB, Canvas Select 80R, Clasa 10 UHS-I, 80/10 MB/s, adaptor SD",42.0168,RON,53163,53163,False
15556925,,"1TB 970 EVO 2280, 3400 / 2500 MB/s, V-NAND 3-bit MLC, PCIe 3.0 x4 NVMe, M.2 SSD",Samsung 970 EVO Series - 1TB PCIe NVMe - M.2 Internal SSDRetail Pack,175.29,USD,106914,106914,False
32155362,,LACIE 2TB 2.5 RUGGED PORTABLE THUNDERBOLT TYPE C,,,,114602,114602,False
75551932,,Hydro Flask 21 Oz- Black,"Hydroflask 21oz bottle is the perfect companion for the beach, trail or everyday use.Versatile, middle-of-the-road sizeTempShield? insulation eliminates condensation and keeps beverages cold up to 24 hours and hot up to 12 hoursDurable 18/8 Pro-Grade Stainless Steel constructionBPA-Free and Phthalate-FreeCompatible with standard mouth insulated sport cap",5.0E1,AUD,1558854,1558854,False
66437726,,4GB DDR3-1866MHz Kingston HyperX Fury Black,,564.00,CZK,1877306,1877306,False
31177536,,Asus ROG Strix X570-F Gaming,"Placa base ATX, AM4, AMD X570, 4x32GB RAM Dual DDR4-4400(OC), 8SATA3+2M.2,Intel 2.5G+WiFi 6, 5USB3.1+6USB3, RGB",305.00,EUR,80156,80156,False
84964931,,"8GB (2x4GB) HyperX Fury Black DDR3, 1600MHz, CL10, 1.5V, 240-pin DIMM, kit of 2","8GB (2x4GB) HyperX Fury Black DDR3, 1600MHz, CL10, 1.5V, 240-pin DIMM, kit of 2",67.99,CAD,702149,702149,False
52024859,Kingston,Kingston microSDHC 32GB Canvas Select 80R CL10 UHS-I Card + SD Adaptador,Kingston microSDHC 32GB Canvas Select 80R CL10 UHS-I Card + SD Adaptador,6.99,EUR,595102,595102,False
78851357,,HYDRO FLASK - 32 OZ WIDE MOUTH - 32oz - Black,"Big enough for a whole day on the river or trails, Hydro Flask's 32 oz Wide Mouth Bottle is made with professional-grade stainless steel and a wider opening for faster fill. They couldn¡¯t think of a bottle more deserving of a refresh, so they¡¯ve elevated the silhouette and simplified design without compromising one degree of performance. And the Color Last? powder coat is dishwasher safe for even more convenience. Cold stays ice cold for 24 hours, and hot stays wickedly hot for 12 ¡ª just like always.",44.9500,USD,36023,36023,False
96037332,,"Blaze Cart For Professional 3-Burner Grill, Cart Only","Blaze presents to you the stainlesssteel grill cart that specificallydesigned to house the Blaze Professional 3 burner gas grill. This hastwo stainless steel side shelves intended tokeep your BBQ tools at hand and provide a convenient work area while you cook.The Blaze grill cart also features one front door with a rounded handle to access the cabinet below the grill where you can store your propane tank andtwo drawersto store your grill cover and BBQ accessories. The cart also has4 heavy duty casters that allows you to reposition the grill as in which ever way you please.OVERVIEW:Stainless steel constructionTwo drawers2 folding side shelves4 heavy duty castersLP Tank StorageDIMENSIONS: Width:65.50Inch Depth:24.00Inch Height:36.50 InchAdditional Dimensions:Cart without Shelves - 35 1/4"" H x 33 3/4"" W x 23 7/8"" D Single Shelf Dimensions - 15 3/4"" W x 23 7/8"" D Drawer Internal Dimensions - 5 7/8"" H x 12 7/8"" W x 19"" D Physical Door Opening - 19 "" H x 14 1/8"" WMANUFACTURER'S DOWNLOADS Blaze Product Catalog",1.09999E3,USD,6140563,6140563,False
68649064,,Memory Card SD 32 Kingston SDS2/32GB,,6.19,,1980656,1980656,False
98165579,RAM Mounts,RAM Short Double Socket Arm B-201U,"The RAM-B-201U-A Aluminum version (not plastic), short double socket arm, has a socket at both ends that accommodates 1 ball bases. RAM socket technology allows",14.49,USD,394619,394619,False
42577492,SRAM,SRAM SRAM NX Eagle PG-1230 Cassette 12 Speed 11-50t Black,Simple upgrade to splined-drive body wheels gives you enhanced climbing range,100.00,USD,70762,70762,False
562267,,"3M - Lightweight 300 Privacy Filter PF322WSkjermfilter mot innsyn, m/ramme 20""-23""W (30,7 x 48,5)","3M Lightweight 300 Privacy Filter PF322WSkjermfilter mot innsyn, m/ramme 20""-23""W (30,7 x 48,5) (98-0440-4913-2) - Type: Skjermbeskyttelse",3266.25,NOK,196841,196841,False
64323838,,DDR3 8GB PC1600 CL9 Kingston Hypk,,41.16,,702149,702149,False
25446597,RAM Mounts,"RAM-B-201U-C - RAM Long Double Socket Arm for 1"" Ball Bases - Overall Length: 6""",,,,1366684,1366684,False
17813216,,instax square film 10pk black,For use in all instax square format cameras and printers. Frame your photos with a black border.Compatible with all FUJIFILM instax SQUARE cameras and smartphone printers.,25.99,NZD,1118780,1118780,False
46741147,,Sunflower 32oz. Wide Mouth Water Bottle,"Big enough for all-day hydration and easy sipping, Hydro Flask's32 oz Wide Mouth Bottle with Straw Lid is made with professional-grade stainless steel and a wider opening for faster fill. We couldn¡¯t think of a bottle more deserving of a refresh, so we¡¯ve elevated the silhouette and simplified design without compromising one degree of performance. And Hydro Flask'sColor Last? powder coat is dishwasher safe for even more convenience. Cold stays ice cold for 24 hours, and hot stays wickedly hot for 12 ¡ª just like always.TempShield?Hydro Flask's unique double-wall vacuum insulation protects temperature for hours. Cold drinks stay icy cold and hot drinks stay piping hot so you can stay refreshed for any adventure.Pro-GradeStainless SteelMade with 18/8 pro-grade stainless steel to ensure pure taste and no flavor transfer - and the durable construction stands up for whatever life brings.Proprietary Powder CoatHydro Flask'sproprietary powder coat means an easy-grip, sweat-free, and extra-durable bottle that you can take anywhere.Product BenefitsTempShield? insulation eliminates condensation and keeps beverages cold up to 24 hours and hot up to 12 hoursDurable 18/8 Pro-Grade Stainless Steel constructionHydro Flask'sWide Mouth refresh features a stainless-steel collar and curved radius at the bottom edge for an updated lookIdeal size for all-day hydrationFits most backcountry hydration filtersBPA-Free and Phthalate-FreeDishwasher safeCompatible with our Hydro Flip Lid and Wide Mouth Straw LidRegistered trademark symbol has been removed from logo and wordmarkLifetime Warranty",44.95,USD,489587,489587,False
47562526,Kingston,Kingston Technology Canvas Select Plus flashgeheugen 128 GB MicroSDXC Klasse 10 UHS-I,"128 GB, microSDXC, Class 10, UHS-I, 3.3 V, SD adapter",13.33,EUR,27477,27477,False
49072238,,Ubiquiti Networks UAP-AC-PRO-5 WLAN toegangspunt,"Let op: deze set is zonder adapters.Scalable Enterprise Wi-Fi ManagementUniFi? is the revolutionary Wi-Fi system that combines enterprise performance, unlimited scalability, and a central management controller. UniFi 802.11AC Dual-Radio Access Points (APs) have a refined industrial design and can be easily installed using the included mounting hardware.Easily accessible through any standard web browser, the UniFi Controller software is a powerful software engine ideal for high-density client deployments requiring low latency and high uptime performance.Use the UniFi Controller software to quickly configure and administer an enterprise Wi-Fi network ¨C no special training required. RF map and performance features, real-time status, automatic UAP device detection, and advanced security options are all seamlessly integrated.Save money and save timeUnlike traditional enterprise Wi-Fi systems that use a hardware controller, UniFi comes bundled with a non-dedicated software controller that can be deployed on an on-site PC, Mac, or Linux machine; in a private cloud; or using a public cloud service.Powerful HardwareThe UniFi 802.11AC Dual-Radio APs feature the latest in Wi-Fi 802.11AC MIMO technology.Intuitive UniFi Controller SoftwareConfigure and manage your APs with the easy-to-learn user interface.ExpandableUnlimited scalability: build wireless networks as big or small as needed. Start with one (or upgrade to a three-pack) and expand to thousands while maintaining a single unified management system.UAP-AC-PRODeploy the UniFi AC Pro AP indoors or outdoors, in wireless networks requiring maximum performance.Sporting a weatherproof design, the UniFi AC Pro AP features simultaneous, dual-band, 3x3 MIMO technology and convenient 802.3af PoE/802.3at PoE+ compatibility. It is available in single- and five-packs*.* Four- and five-packs do not ship with PoE adapters; we recommend powering the UniFi APs with the UniFi Switch instead.",7.3195E2,EUR,68127,68127,False
47146148,,Fujifilm Instax Square Film (10 Pack),Key FeaturesTo suit FujifilmSqaureInstax Camera10 Prints86mm x 72mm Film Size62mm x 62mm Image SizeISO800 Sensitivity,23,AUD,1457721,1457721,False
23340250,Samsung,Samsung 970 EVO 1TB V-NAND NVMe M.2 Internal SSD,"Accelerate into next-gen computing. The Samsung 970 EVO delivers breakthrough speeds, best-in-class reliability, and a broad range of capacity options up to 2TB*. The latest V-NAND, new Phoenix controller, and Intelligent TurboWrite technology enhance high-end gaming and 4K & 3D graphic editing.",189.99,GBP,106914,106914,False
22934815,Blaze Outdoor Products,Blaze Lte 32-inch 4-burner Built-in Natural Gas Grill With Rear Infrared Burner & Grill Lights - Blz-4lte2-ng,"Blaze LTE 32-Inch 4-Burner Built-In Natural Gas Grill With Rear Infrared Burner & Grill Lights - BLZ-4LTE2-NG. BLZ-4LTE2-NG. Built-In Gas Grills. Blaze introduces an affordable commercial style grill that was designed with your outdoor BBQ challenges in mind. The LTE series takes things to the next level with a signature SRL LED accent lights and integrated halogen hood lighting. The Blaze 32-inch built-in gas grill comes with four (4) commercial quality 304 cast stainless steel burners that each deliver an impressive 14,000 BTUs of cooking power, for a total of 56,000 BTUs on the cooking surface. The 10,000 BTU infrared rear burner works great with the optional rotisserie kit for grilling versatility. Durable patent-pending triangle-shaped stainless steel cooking rods maximize your searing capability on the spacious 748 square inches of cooking space. Push and turn flame-thrower primary ignition, backup flash tube secondary ignition and crosstubes ensure a steady, reliable flame with every start. The removable warming rack is an ideal place to keep bread and other food heated while you grill. The stainless steel heat zone separators allow for different cooking zones across the grilling surface. This adds to your grilling experience, creating separate zones that can be used for different styles of cooking. The flame stabilizing grid minimizes flare-ups while you enjoy your Blaze grill and the full-width drip tray makes clean up a breeze. Interior grill lights along with the",1649.99,USD,1435805,1435805,False
18785308,,KINGSTON - HyperX/4GB 1866MHz DDR3 CL10 DIMM HyperX Fury Black Series,KINGSTON HyperX/ 4GB 1866MHz DDR3 CL10 DIMM HyperX Fury Black Series (HX318C10FB/4) - ECC: Nej - Minnesstorlek: 4GB - Registered: Nej - Typ: DDR3 - Kit: Nej - Hastighet MHz: 1866MHz,361.25,SEK,1877306,1877306,False
18227397,Lacie,Lacie LaCie 2TB Rugged USB-C Mobile Hard Drive,LaCie 2TB Rugged USB-C Mobile Hard Drive,299.99,AUD,114602,114602,False
54181907,,"KINGSTON - CanvSelect Plus 32GB SDHC, 100R","KINGSTON CanvSelect Plus 32GB SDHC, 100R (SDS2/32GB) - Minnest?rrelse: 32GB - Type: SDHC",84.00,NOK,1980656,1980656,False
83211359,,"Asus ROG Strix X570-F GAMING Motherboard,DDR4, 3x PCIe x16, SATA III RAID, USB 3.2, GLAN, M.2, DisplayPort, HDMI, 8ch audio, ATX, scAM4, Ryzen | 90MB1160-M0EAY0","AM4 socket: Ready for 2nd and 3rd Gen AMD Ryzen? processors to maximize connectivity and speed with up to two M.2 Drives, USB 3.2 Gen2 and AMD StoreMIAura Sync RGB: ASUS-exclusive Aura Sync RGB lighting, including RGB headers and addressable Gen 2 headersComprehensive cooling: Active PCH heatsink, MOS heatsink with 8mm heatpipe, dual on-board M.2 heatsinks and a water pump + headerGaming connectivity: Supports PCIe 4.0, HDMI 2.0, DisplayPort 1.2 and features dual M.2 and USB 3.2 Type-A and Type-C connectorsGaming networking: Intel Gigabit Ethernet, ASUS LANGuard and GameFirst",1210.00,AED,80156,80156,False
12190772,HYDRO FLASK,HYDRO FLASK HYDRO FLASK 32OZ WIDE MOUTH BOTTLE-BLACK,"Big enough for a whole day on the river or trails, the Hydro Flask 32 oz Wide Mouth Bottle is made with professional-grade stainless steel and a wider opening for faster fill. The Color Last? powder coat is dishwasher safe for even more convenience. Cold",44.95,USD,36023,36023,False
19411291,,Samsung 970 EVO Plus 2TB SSD,"PCIe Gen 3.0 x 4, NVMe 1.3, V-NAND TLC, Up to 3500/3300MB/s read/write, 1200TBW",4590.00,SEK,1365371,1365371,False
12456679,,KINGSTON 4GB 1600MHz DDR3 CL10 DIMM HyperX FURY Black Series,CZ distribuce / 0740617230390 / HX316C10FB/4 /,709.00,CZK,1824443,1824443,False
21346230,,32 oz. Wide Mouth Bottle - Black,"Made for the outdoors.Big enough for a whole day in the backcountry, our 32 oz Wide Mouth bottle is made with professional-grade stainless steel and a wider opening for faster fill. And because...",47.95,CAD,36023,36023,False
51726938,Ubiquiti,Ubiquiti UniFi AC In-Wall 5-pack (UAP-AC-IW-5),"UniFi AC In-Wall 5 pack, UBIQUITI",404.0600,USD,1610496,1610496,False
25837359,Ubiquiti,Ubiquiti UniFi AP AC PRO 802.11ac Access Point 5 Pack,Ubiquiti UniFi AP AC PRO 802.11ac Access Point 5 Pack available to buy online from PC Case Gear ¨C Australia¡¯s Premier Online PC Store.,1069,AUD,68127,68127,False
81212084,,"Johnnie Walker Blue Label 0,7 ltr.",,139.95,EUR,56750,56750,False
36159614,,DYMO D1 Labelling Tape 53718 Black on Yellow 24 mm x 7 m,"If you want to get a bit more organised in the office then take a look at this label tape from DYMO. This D1 label tape is self adhesive, and can be easily removed once stuck down without leaving any adhesive residue.Adheres to almost all clean, flat surfaces including plastic, paper, metal, wood and glass. This label tape from DYMO is rectangular in shape. It can be used with the LMPC2, LM450, LW450 DUO, LW 400 DUO, 9000 label machines from DYMO. The labels are an attractive shade of yellow. This thermal label tape is UV and temperature resistant.",26.61,EUR,103881,103881,False
1374896,,Kingston microSDXC Canvas Select 128GB 80R/10W Class 10 UHS-I,,4.99E1,PLN,854253,854253,False
78851351,,HYDRO FLASK - 32 OZ WIDE MOUTH - 32oz - Sunflower,"Big enough for a whole day on the river or trails, Hydro Flask's 32 oz Wide Mouth Bottle is made with professional-grade stainless steel and a wider opening for faster fill. They couldn¡¯t think of a bottle more deserving of a refresh, so they¡¯ve elevated the silhouette and simplified design without compromising one degree of performance. And the Color Last? powder coat is dishwasher safe for even more convenience. Cold stays ice cold for 24 hours, and hot stays wickedly hot for 12 ¡ª just like always.",44.9500,USD,489587,489587,False
98223170,Dymo,Dymo 24mm Black On Yellow D1 Tape (53718),Dymo S0720980 from The Dymo Shop. 53718 Black On Yellow - Yellow- 24mm.,17.42,GBP,103881,103881,False
45770332,RAM Mounts,"RAM-201U-B - RAM Short Double Socket Arm for 1.5"" Balls (Overall Length: 3.5"")",,,,93315,93315,False
63565434,,4GB DDR3-1600MHz Kingston HyperX Fury Black,,555.00,CZK,1824443,1824443,False
16295025,,Kingston Canvas Select Plus 32GB SD,"Minneskort, Class 10",83.00,SEK,1980656,1980656,False
1343338,,32 GB KINGSTON CANVAS SELECT MICRO SDHC UHS-1 CLASS 10 80MB/S (SDCS/32GB),,49.76,TRY,595102,595102,False
9016004,,Samsung 970 EVO Plus 250GB SSD,"PCIe Gen 3.0 x 4, NVMe 1.3, V-NAND TLC, Up to 3500/2300MB/s read/write, 150TBW",949.00,NOK,993500,993500,False
44618699,Samsung,Samsung 500GB970 EVO M.2 NVMe 3D V-NAND SSD/Solid State Drive,"500GB Samsung 970 EVO, M.2 (2280) PCIe 3.0 (x4) NVMe SSD, Phoenix, MLC V-NAND, 3400MB/s Read, 2300MB/s Write, 370k/450k",76.38,GBP,1929047,1929047,False
96915118,,Daniel Wellington Classic Collection Sheffield DW00100036,,940.00,DKK,48610,48610,False
1877501,,"UAP-AC-PRO-5Ubiquiti UniFi AP, AC PRO 5 Pack No PoE Adapters",,627.13,EUR,68127,68127,False
2024149,,ASUS Turbo -RTX2060S-8G-EVO NVIDIA GeForce RTX 2060 SUPER 8 GB GDDR6,"Turbo -RTX2060S-8G-EVO, GeForce RTX 2060 SUPER, 8 GB, GDDR6, 256 bit, 7680 x 4320 Pixeles, PCI Express 3.0",395.44,EUR,320546,320546,False
23816635,Fujifilm,Fujifilm Instax Square Instant Film - Plain White (10 Shots),Instant Film for Fujifilm Square Instant Cameras10 Shots per PackHigh Gloss FinishSuperb Grain QualityFast Image FormationUnique antioxidant technology protects the print for a long period of time,195,ZAR,1457721,1457721,False
81037430,Samsung,"Samsung NVMe SSD 970 Evo 1TB, M.2","Samsung NVMe SSD 970 Evo 1TB, M.2","139,90",,106914,106914,False
76584497,,"Kingston 32GB Canvas Select Plus SDHC Flash Memory Card, Class 10",,9.95,USD,1980656,1980656,False
93836358,,"Ram Mount 2"" Double Socket Arm for 1"" Balls","The RAM-B-201U-A, Short length double socket arm, has a socket at both ends that accommodates B Size 1"" balls and device holders. RAM's socket technology allows for almost infinite adjustment to achieve the perfect viewing angle.? A single spring inside the arm opens the end sockets allowing you to pivot the ball and socket connection? Ball socket-to ball socket length is 2""? Also available in 3"" 222-239 and 6¡å 753-330 lengths",1.399E1,USD,394619,394619,False
38546562,,Ubiquiti UniFi AP AC Pro Indoor / Outdoor Access Point 5 Pack,"TheUbiquiti UniFi AP AC Pro 5 Packfeatures the latest Wi-Fi 802.11ac, 3x3 MIMO technology in a refined industrial design and is ideal for deployment of maximum?performance wireless networks.Ubiquiti UniFi AC Pro AP 5 Pack Key Features5 x UAP-AC-Pro models802.11ac3x3 MIMOSimultaneous dual-band2.4GHz throughput of 450Mbps5GHz throughput of 1300Mbps2 Gigabit Ethernet PortsTheUAP-AC-PROis ideally suited for both indoor and outdoor deployments with a range of 122m (400ft). The UniFi AC-Pro features instand upgrade using the same mount as the standard UAP model.TheUniFi AC-Pro 5 Packcombines enterprise performance, unlimited scalability, and a central management controller. UniFi 802.11AC Dual?Radio Access Points (APs) have a refined industrial design and can be easily installed using the included mounting hardware.TheUAP-AC-Pro-5is easily accessible through any standard web browser, and the UniFi Controller software is a powerful software engine ideal for high-density client deployments requiring low latency and high uptime performance. Use the UniFi Controller software to quickly configure and administer an enterprise Wi-Fi network ¨C no special training required. RF map and performance features, real-time status, automatic UAP device detection, and advanced security options are all seamlessly integrated.Unlike traditional enterprise Wi-Fi systems that use a hardware controller, UniFi comes bundled with a non-dedicated software controller that can be deployed on an on-site PC, Mac, or Linux machine; in a private cloud; or using a public cloudservice.The UniFi 802.11AC Dual-Radio APs feature the latest in Wi-Fi 802.11AC MIMO technology. Intuitive UniFi Controller Software Configure and manage your APs with the easy-to-learn user interface. Build wireless networks as big or small as needed. Start with one (or upgrade to a three?pack) and expand to thousands while maintaining a single unified management system.",543.15,GBP,68127,68127,False
78851350,,HYDRO FLASK - 32 OZ WIDE MOUTH - 32oz - Hibiscus,"Big enough for a whole day on the river or trails, Hydro Flask's 32 oz Wide Mouth Bottle is made with professional-grade stainless steel and a wider opening for faster fill. They couldn¡¯t think of a bottle more deserving of a refresh, so they¡¯ve elevated the silhouette and simplified design without compromising one degree of performance. And the Color Last? powder coat is dishwasher safe for even more convenience. Cold stays ice cold for 24 hours, and hot stays wickedly hot for 12 ¡ª just like always.",44.9500,USD,929657,929657,False
26774090,,Samsung 970 EVO V-NAND M.2 500GB SSD,"PCIe 3.0 x4, NVMe 1.3, Samsung Phoenix controller, 3,400MB/s Seq. Read, 2,300MB/s Seq. Write, 5 Year Limited Warranty",74.99,GBP,1929047,1929047,False
98423908,,"RAM Short Double Socket Arm for C Size 1.5"" Balls","The RAM-B-201U-B RAM Short Double Socket Arm for C Size 1.5"" Balls from the RAM Mount Arms range is a short length double socket arm with a specially designed socket on either end that is made for size 1.5¡± ball bases. The arm has an adjustable rubber ball and socket system at each end, allowing you to maximise your viewing angles and adjustment possibilities.",$17.13 (AUD),AUD,93315,93315,False
33133828,,"RAM Short Double Socket Arm for 1"" Ball Bases - Overall Length: 2.38""","The RAM-B-201U-A, short double socket arm, has a socket at both ends that accommodates 1"" ball bases. RAM socket technology allows for almost infinite adjustment and perfect viewing angles.SpecificationsDimensions:Overall Length: 2.38""Socket-To-Socket Length: 2""Material: Powder Coated Marine Grade AluminiumBall: B size 1"" rubberAccessoriesCompatibilityRelated ItemsNotesThe ""U"" in the part number reflects product packaged in poly bag.InstructionsVideosWarranty RAM Warranty",2.395E1,AUD,394619,394619,False
5185359,,Kingston Canvas Select Plus 32GB Class 10 UHS-I SDHC Memory Card,"Capture cinematic Full HD and 4K UHD videosKingston¡¯s Canvas Select Plus SD card is designed with exceptional performance, speed and durability for heavy workloads such as transferring and developing high-resolution photos or capturing and editing full HD videos. It can reach Class 10 UHS-I speeds up to 100 MB/s* for easy storage and quick transfers along with an advanced UHS-I interface that can record cinematic Full HD and 4K Ultra HD videos. The Canvas Select Plus SD card is built to perform in the harshest environments and conditions so you can take it anywhere knowing that your files, photos and videos are protected. Available in multiple capacities up to 512 GB** and with a lifetime warranty. * Speed may vary due to host hardware, software and usage.** Some of the listed capacity on a Flash storage device is used for formatting and other functions and thus is not available for data storage. As such, the actual available capacity for data storage is less than what is listed on the products. For more information, go to Kingston¡¯s Flash Memory Guide at kingston.com/flashguide.",6.54E0,GBP,1980656,1980656,False
42210935,,"Blaze Grill Cart for 40"" Gas Grill","With the Blaze Grill Cart for 40"" Gas Grill you'll be able to effortlessly support your 40"" grill. This grill cart boasts a heavy gauge 304 grade stainless steel construction, which not only gives you superior durability but will also give you the weather resistance that you're looking for. The two spacious side shelves of the grill cart will give you plenty of room for your work tools, and give you a sturdy work surface for slicing and dicing. The heavy duty casters will make it a breeze to take your grill where the party action is. The cabinet below the grill has two easy open doors that reveal a spacious interior that is perfect for the storage of your propane tank. You'll also have plenty of storage space for your grill cover and other grilling accessories. Rain or shine, this grill cart will effortlessly support your 40"" gas or charcoal grill.PRODUCT FEATURES: FREE SHIPPING Heavy Gauge Stainless Steel Construction Grill Cart for 40"" Gas Grills Side Shelves for Work Spaces 4 Heavy Duty Casters Cabinet Offers Storages for Tank and Accessories Lifetime Warranty Product Dimensions: 35-1/2"" H x 63-3/8"" W x 22-1/8"" D",635.00,USD,4325250,4325250,False
8315719,Kingston,Kingston 4GB DDR3 1600MHz HyperX Fury Black Series,"DDR3, 4GB, 1600MHz, CL10",8675.37,HUF,1824443,1824443,False
18456007,,RAM? Composite Double Socket Arm,"The RAP-B-201U-A consists of a short double socket arm that accommodates 1"" B size ball bases, device holders, and adapters. With an overall length 2.42"", this is the lowest profile RAM? double socket arm size. The easy to adjust knob allows for near-infinite adjustability for your connected device.",9.49,USD,3656260,3656260,False
48136792,Sigma,Sigma 35mm f1.4 DG HSM Art Lens - Canon Fit,"Wide angle lens with large maximum aperture of F1.4Ultra sharp images with high contrast and superior peripheral brightnessSuper multi-layer lens coating reduces flare and ghostingBenefits from FLD, SLD and Aspherical lens elementsHSM for fast and quiet AF",515.83,GBP,704991,704991,False
36984659,,Samsung 970 EVO M.2 500 GB PCI Express 3.0 V-NAND MLC NVMe,"The SSD that goes furtherAccelerate into next-gen computing. The Samsung 970 EVO delivers breakthrough speeds, best-in-class reliability, and a broad range of capacity options up to 2TB*. The latest V-NAND, new Phoenix controller, and Intelligent TurboWrite technology enhance high-end gaming and 4K & 3D graphic editing.Next level SSD speedFeel the NVMe difference. The 970 EVO transforms high-end gaming and streamlines graphic-intensive workflows with the new Phoenix controller and Intelligent TurboWrite technology. Get stunning sequential read/write speeds of 3,500/2,500 MB/s*, up to 32% faster writes than the previous generation.Design FlexibilityThe next advancement in NVMe SSDs. The 970 EVO fits up to 2TB onto the compact M.2 (2280) form factor, greatly expanding storage capacity and saving space for other components. Samsung's innovative technology empowers you with the capacity to do more and accomplish more.Exceptional EnduranceThe new standard in sustainable performance. Get up to 1,200 TBW* with a 5-year limited warranty, achieving 50 percent higher than the previous generation. The 970 EVO provides exceptional endurance powered by the latest V-NAND technology and Samsung¡¯s reputation for quality.Unparalleled ReliabilityAchieve a new level of drive confidence. Samsung¡¯s advanced nickel-coated controller and heat spreader on the 970 EVO enable superior heat dissipation. The Dynamic Thermal Guard automatically monitors and maintains optimal operating temperatures to minimize performance drops.Samsung MagicianAdvanced drive management made simple. Samsung Magician software will help you keep an eye on your drive. A suite of user-friendly tools helps keep your drive up to date, monitor drive health and speed, and even boost performance.",9.395E1,EUR,1929047,1929047,False
38885854,,Omega Seamaster Planet Ocean Chronograph Automatic 215.30.46.51.01.001,"Stainless steel case with a stainless steel bracelet. Uni-directional rotating stainless steel bezel with a black ceramic top ring. Black dial with luminous silver-tone hands and index hour markers. An Arabic numeral marks the 12 o'clock position. Minute markers around the outer rim. Dial Type: Analog. Luminescent hands and markers. Date display at the 6 o'clock position. Two sub-dials displaying: 60 seconds, and 12 hours. Omega calibre 9900 automatic movements with a 60-hour power reserve. Scratch-resistant sapphire crystal. Screw down crown. Transparent case backCase size: 45.5 mm.Case thickness: 18.87 mm.Bandwidth: 22 mm.Water-resistant at 600 meters / 2000 feet.Functions: chronograph, date, hour, minute, second.Watch label: Swiss Made.Watch Condition: Never WornIncluded: Omega box, Paperwork, Warranty Items usually ship via FedEx within 1~2 weeks of the purchase",6800.00,USD,27649829,27649829,False
50044368,Kingston,Kingston Technology Canvas Select memoria flash 128 GB MicroSDXC Clase 10 UHS-I,"Kingston Technology Canvas Select, 128 GB, MicroSDXC, Clase 10, UHS-I, 80 MB/s, 10 MB/s",19.00,EUR,854253,854253,False
75128379,Nikon,Nikon AF-S 24-85mm f/3.5-4.5G ED VR Lens,Highly versatile wide angle to medium telephoto FX-format zoom lens with Nikon's second-generation Vibration Reduction (VR II) technology for noticeably sharper photos and HD videos.,799,AUD,21809,21809,False
71952052,RAM MOUNTS,"RAM Long Length Double Socket Arm for B Size 1"" Balls - RAM-B-201U-C","Description Specs & Features Videos Compatible BasesThe RAM-B-201U-C, Long length double socket arm, has a socket at both ends that accommodates B Size 1"" balls. A single spring inside the arm, keeps the socket open, allowing you to incert the ball in to the socket connection. RAM's socket technology allows for almost infinite adjustment to achieve the perfect viewing angle.Material:Powder Coated Marine Grade AluminumBall Size:1"" Rubber Ball ""B"" SizeNote:The ""U"" in the part number reflects product packaged in poly bag.Weight:0.53 lbs.Dimensions:Overall Length: 6""Socket-To-Socket Length: 5.25""RAM Long Double Socket Arm for 1"" BallsRAM? Mounts: Ball Sizes & Weight CapacitiesRAM Rail Base with B Size 1"" Ball. Zinc Coated U-Bolt for Rails from 0.5"" to 1.25"" in Diameter - RAM-B-231ZURAM Motorcycle Brake/Clutch Reservoir Base with 1"" Ball - RAM-B-309-1URAM V-Shape Base with 1"" Ball for Rails and Yokes - RAM-B-108BURAM 3.3"" Diameter Suction Cup Base with B Size 1"" Ball - RAM-B-224-1URAM Motorcycle Handlebar Clamp Base with M8 Screws - RAM-B-367URAM 2.5"" Round Plate With The AMPs Hole Pattern With B Size 1"" Ball - RAM-B-202URAM Rail Base With Zinc Coated U-Bolt, ATV/UTV Strap & 1"" Ball For Rails To 3.15"" In Diameter - RAM-B-231Z-2URAM Diamond Plate 2.43"" X 1.31"" With B Size 1"" Ball - RAM-B-238URAM 2.25"" X 0.87"" Motorcycle Base With 11mm Hole And 1"" Ball - RAM-B-252URAM Motorcycle Brake/Clutch Reservoir Cover Base With 1"" Ball Offset - RAM-B-346U",18.99,USD,1366684,1366684,False
15001240,,Blaze Professional 27-Inch 2-Burner Built-In Propane Gas Grill With Rear Infrared Burner - BLZ-2PRO-LP,"The finest in outdoor cooking just got better with high-performance, industry leading heavy-gauge materials and commercial quality craftsmanship in the Blaze Professional. The two commercial quality, cast stainless steel H-burners provide up to 18,000 BTUs each for a total of 36,000 BTUs to provide an effective cooking system. The heavy-duty 12mm hexagon, stainless steel cooking rods helps you achieve extraordinary searing temperatures, maximizes the durability of this grill and provides 488 square inches of main grilling area. Slow-roast delicious meat or fruit using the 10,000 BTU infrared rear burner and included rotisserie kit with waterproof motor for grilling versatility, and when you are done, you can store the rotisserie rod behind the grill on the storage hooks. The removable 142 square inch warming rack is an ideal place to keep bread and other food heated while you grill. Push and turn flame-thrower primary ignition and backup flash tube secondary ignitions for each burner ensure a steady, reliable flame with every start. The stainless steel heat zone separator allows for different cooking zones across the grilling surface and helps eliminate wasting heat and fuel. This adds to your grilling experience, creating separate zones that can be used for different styles of cooking. The extra-thick flame stabilizing grids minimize flare-ups and the full-width, roll-out drip tray and removable baffles make cleaning a breeze. Interior grill lights along with the signature red LED knob illumination system help you grill and entertain at night. The double-lined, 304 stainless steel grill hood is designed to protect the outer layer from heat discoloration and retain heat. Please note that a 110V power source is required. This product is ETL certified with an ANSI Z21.58-2018/CSA 1.6 rating.",1999.99,USD,6766905,6766905,False
75799899,Logitech,"Logitech H151 Wired Headset, Stereo Headphones with Rotating Noise-Cancelling Microphone, 3.5 mm Audio Jack","Logitech H151 Wired Headset, Stereo Headphones with Rotating Noise-Cancelling Microphone, 3.5 mm Audio Jack, In-Line Controls, PC/Mac/Laptop/Tablet/Smartphone - BlackCondition: NEWLogitech Stereo Headset H151. Speak clearly. Crisp calls with stereo sound make it easy to stay in touch. The noise-cancelling microphone reduces annoying background noise, so you can be heard clearly. You can wear the microphone on your left or right and just rotate it up and out of your way when you're not using it. Personalise your fit with the adjustable headband and foam ear cups. In-line controls make it easy to adjust the volume and mute the microphone. It's easy to set up, too. Just plug your headset and it works with common calling applications across almost all platforms and operating systems.** Plug and Play Compatibility : The H151 headset works with common calling applications across almost all platforms and operating systems** Stereo Sound : Enjoy full stereo sound for crisp, clear voice and video calls, music, games and more. These are essential stereo headphones with microphone for either personal use or the office** Rotating Microphone : The boom mic can rotate 180¡ã to be worn on the left or right and tucked out of the way when you¡¯re not using it. The flexible mic can be positioned to capture your voice better and reduce background noise** In-Line Controls : Convenient and simple in-line controls on the headphone cord let you adjust the volume or mute calls without disruption** Adjustable Headband : The sturdy yet lightweight stereo headset has a broad range of adjustment. Ultra-soft foam ear cushions provide hours of comfort",39.90,GBP,122031,122031,False
92299108,,Nikon 24-85mm f/3.5-4.5G ED AF-S VR Nikkor Lens,"The Nikon 24-85mm f/3.5-4.5G ED AF-S VR Nikkor Lens is an advanced and versatile FX-format standard zoom with VR II image stabilization. Covering a versatile wide angle to medium telephoto zoom range, the AF-S NIKKOR 24¨C85mm f/3.5-4.5G ED VR delivers noticeably sharper photos and HD videos thanks to Nikon's second-generation...",496.95,USD,21809,21809,False
28507224,,Samsung 970 EVO Plus SSD M.2 2280 - 250GB,"SSD (Solid state drive), 250 GB, intern, Datahastighet: 3500 MBps (les) / 2300 MBps (skriv), IOPS: 250000 (les) / 550000 (skriv), 512MB LPDDR4 cache, M.2 2280 (80mm), M.2 2280 (80mm), PCI-Express 3.0 x4 NVMe 1.3 (Non-Volatile Memory Express), 256-bit AES kryptering, TCG Opal Encryption - Samsung Phoenix Controller",789.00,NOK,993500,993500,False
59324937,,Fujifilm Instax Square Film Twin Pack 20 Shots,The Fujifilm Instax Film Square Twin Pack 20 Shots is designed for the Fujifilm Instax Square SQ6 instant camera. The film boasts the same professional high quality found in all Instax,,,300521,300521,False
90526528,,Samsung 970 EVO NVMe M.2 SSD 1 TB,970 EVO NVMe M.2 SSD 1 TB,248.83,EUR,106914,106914,False
85463636,,Sigma ART 35mm f/1.4 DG HSM Lens for Nikon,,999.99,CAD,900968,900968,False
7437957,Samsung,Samsung 1TB SSD 970 EVO NVMe M.2,"Product InformationThe Samsung SSD 970 EVO is the 2nd generation of Samsung's 3bit-MLC NVMe SSDs for client PC. The Samsung 970 EVO is specially designed for tech savvies, gamers and professionals who frequently work on video creation/editing or simulation that requires high workloads. Featuring the latest Samsung 3bit-MLC V-NAND technology and a newly enhanced Phoenix controller, the 970 EVO delivers unrivaled next level performance and exceptional reliability in a small M.2 2280 form factor, offering customers the most advanced Samsung SSD technology currently available for Client PCs.Next Level SSD SpeedIn combination with the latest Samsung V-NAND technology, powerful Phoenix Controller and upgraded Intelligent TurboWrite technology, the 970 EVO delivers stunning sequential read/write performance of up to 3,500/2,500 MB/s respectively and random performance of up to 500,000/480,000 IOPS for read/write respectively. Upgraded Intelligent TurboWrite technology uses a large buffer size of up to 78GB to enable faster sequential write speeds, which improves the user experience especially when transferring large files or using application which requires high-workloads.Unparalleled ReliabilityThe 970 EVO boasts exceptional endurance with up to 1,200 TBW, which is 50 percent higher than that of the previous model, thanks to the latest Samsung V-NAND technology.* Thermal control solutions enable enhanced performance with reduced heat risk. Dynamic Thermal Guard(DTG) technology proactively prevents overheating, and a heat spreader with an integrated thin copper film dissipates heat more efficiently. A new nickel coating on the Phoenix controller also helps to shed heat faster during heavy workload use in order to ensure the high levels of quality and reliability for which Samsung is known. The 970 EVO offers more time period of 5-year warranty versus that of 960 EVO.*All documented endurance test results are obtained in compliance with JESD218 standards. Please visit www.jedec.org for detailed information on the standard.System Design FlexibilityThe 970 EVO enables convenient storage expansion across many different devices. The 970 EVO comes in a broad range of capacity options, including a single-sided 2TB version, made possible through Samsung's latest 512Gb VNAND technology. In addition, the 970 EVO offers high power efficiency as well as exceptional speeds, making it the ideal solution to use with application ranging from ultra-thin computing to high-performance computing systems.Advanced Data EncryptionThe 970 EVO provides multiple advanced data encryption features. Self-Encrypting Drive (SED) security technology will help keep data safe at all times. The 970 EVO includes an AES 256-bit hardware-based encryption engine to ensure that your personal files remain secure. Being hardware-based, the encryption engine secures your data without the performance degradation that you may experience with software-based encryption. Also, the 970 EVO is compliant with various advanced security management solutions (TCG Opal and Encrypted Drive-IEEE1667).Samsung Data Migration and Magician SoftwareThe 970 EVO comes with Samsung Data Migration and Magician software, which is easy to install and makes management of your SSD simple.* Samsung Data Migration software is easy to use, yet provides a very powerful ""Custom Cloning"" feature that makes migration effortless even when the amount of source data is greater than the SSD's capacity. Magician provides personalized firmware checks and additional functionality tailored to the drives of individual users. It even updates the firmware automatically to make sure that the drive's performance stays up to date.*To download Samsung Data Migration and Magician, please visit www.samsung.com/samsungssdShow more;",170.98,GBP,106914,106914,False
26786850,Daniel Wellington horloges,Daniel Wellington Horloge Classic Sheffield Rose DW00100036,Daniel Wellington Horloge Classic Sheffield Rose DW00100036,135.20,EUR,48610,48610,False
29462576,,21 oz. Standard Mouth Bottle - Black,"OverviewYour perfect travel companion.Keep life moving with our 21 oz bottle and Standard Flex Cap. It stashes easily into a small shoulder bag, your pack¡¯s side pocket, or your car cup holder,...",39.95,CAD,1558854,1558854,False
66492116,Samsung,1TB Samsung M.2 PCI-E NVMe 970 EVO Basic SSD,,53417,,106914,106914,False
49066670,,Blaze 32 Inch 4-Burner LTE Gas Grill With Rear Burner and Built-in Lighting System - BLZ-4LTE2-NG/LP,"4 commercial quality 304 cast stainless steel burners14,000 BTUs of cooking power per burner, for a total cooking surface of 56,000 BTUs10,000 BTU infrared rear rotisserie burnerTotal grill BTUs equal 66,000Heavy 9mm triangular stainless steel cooking rods maximize durability740 square inches of total cooking spacePush and turn flame-thrower primary ignition system delivers a fast start every timeFlash tube ignition and crossovers provide an alternate ignition optionRemovable warming rackHeat zone separators divide the cooking surface into individual temperature zonesFlame stabilizing grids minimize flare-ups while adding a grilled flavorFull-width drip tray for quick clean upIlluminated control knobs for evening gatherings creates a sophisticated appearanceInterior lights help navigate the grilling surface at nightDouble-lined grill hood protects outer layer from heat discoloration and maintains more heatBlaze Grills offers an impressive Lifetime WarrantySKU:BLZ-4LTE2-LP/NGAdditional informationWEIGHT114 lbsCOOKING GRID DIMENSIONS29 1/2"" x 17 7/8""TOTAL GRILLING AREA740 Sq. InchesNUMBER OF MAIN BURNERS4 BurnersMAIN BURNER CONFIGURATIONAll ConventionalGRILLING SURFACE BTUS56000ROTISSERIE BACKBURNERYesROTISSERIE BURNER BTUS10000INFRARED MAIN BURNERNoEXTERIOR MATERIAL304 Stainless SteelCOOKING GRID MATERIALStainless SteelDIMENSIONS21 1/4"" H x 32 1/2"" W x 25 3/4"" DCUT-OUT DIMENSIONS8 1/2"" H X 30 5/8"" W X 21 1/4"" DWARRANTYWARRANTY ON PARTS EFFECTIVE 3-15-16 :Main Burners ¨C Lifetime (Parts Only)Cooking Grids ¨C Lifetime (Parts Only)Body ¨C Lifetime (Parts Only)Flame Tamers + Heat Zone Separators ¨C Lifetime (Parts Only)Control Valves ¨C Lifetime (Parts Only)Ignition and Lighting Systems ¨C 1 Year (Parts Onle)CONNECTION SIZESNatural Gas (NG): 1/2""Propane (LP): 3/8""",1849.99,USD,1435805,1435805,False
62423305,,SRAM NX Eagle PG-1230 11-50 12 Speed Cassette,Key Features Color Black 12 Speed 11-50 Range,100.00,USD,70762,70762,False
89090467,Kingston,Kingston Canvas Select Plus 32GB UHS-I SDXC Memory Card,"32GB Kingston Canvas Select SDXC Memory Card, Class 10, 100MB/s Read",5.39,GBP,1980656,1980656,False
2491460,,Sandisk Cruzer Force 16GB USB 2.0 Flash Drive - SDCZ71-016G-B35,"DURABLE AND STYLISHThe Cruzer Force USB Flash Drive is durable and its sleek design brings style to file storage.AVAILABLE IN CAPACITIES UP TO 32GBWith capacities as large as 64GB1, the Cruzer Force USB Flash Drive can hold even bulky files. Keep your most important files in easy reach, including HD video, high-resolution images, music, and personal documents.PORTABLE DRIVE FOR EASY FILE STORAGEThis compact USB drive fits easily in a pocket or bag, so it's simple to back up, store, and transport files. Thanks to the small hole in the metal casing, you can connect the Cruzer Force USB Flash Drive to a key ring or lanyard for convenient access.SANDISK SECUREACCESS SOFTWARE KEEPS FILES PRIVATEThe Cruzer Force USB Flash Drive comes with SanDisk SecureAccess software, which creates a password-protected folder for your sensitive files2. The application uses 128-bit AES encryption2, so you'll be able to share your favorite media while preventing access to your private documents.",2.60,KWD,199603,199603,False
24351127,,Johnnie Walker - Blue Label 70cl,,152.89,EUR,56750,56750,False
82269040,,ASUS M/B ROG STRIX X570-F GAMING,"SPECIFICATIONSCPUAMD AM4 Socket 3rd and 2nd AMD Ryzen?/2nd and 1st Gen AMD Ryzen? with Radeon? Vega Graphics Processors* Refer towww.asus.comfor CPU support listChipsetAMD X570Memory3rd Gen AMD Ryzen? Processors4 x DIMM, Max. 128GB, DDR4 MHz Un-buffered Memory *2nd Gen AMD Ryzen? Processors4 x DIMM, Max. 128GB, DDR4 MHz Un-buffered Memory *2nd and 1st Gen AMD Ryzen? with Radeon? Vega Graphics Processors4 x DIMM, Max. 128GB, DDR4 MHz Un-buffered MemoryDual Channel Memory Architecture* Refer towww.asus.comfor the Memory QVL (Qualified Vendors Lists).GraphicIntegrated Graphics in the 2nd and 1st Gen AMD Ryzen? with Radeon? Vega Graphics ProcessorsMulti-VGA output support : HDMI/DisplayPort ports- Supports HDMI 2.0b with maximum resolution of 4096 x 2160 @ 60 Hz- Supports DisplayPort 1.2 with max. resolution 4096 x 2160 @ 60 HzMulti-GPU Support3rd and 2nd Gen AMD Ryzen? ProcessorsSupports NVIDIA? 2-Way SLI? TechnologySupports AMD 3-Way CrossFireX? Technology2nd and 1st Gen AMD Ryzen? with Radeon? Vega Graphics ProcessorsSupports AMD 2-Way CrossFireX? TechnologyExpansion Slots3rd Gen AMD Ryzen? Processors2 x PCIe 4.0 x16 (x16 or dual x8)2nd Gen AMD Ryzen? Processors2 x PCIe 3.0 x16 (x16 or dual x8)2nd and 1st Gen AMD Ryzen? with Radeon? Vega Graphics Processors1 x PCIe 3.0 x16 (x8 mode)AMD X570 chipset1 x PCIe 4.0 x16 (max at x4 mode) *12 x PCIe 4.0 x1Storage3rd Gen AMD Ryzen? Processors :1 x M.2 Socket 3, with M Key, Type 2242/2260/2280/22110(PCIE 4.0 x4 and SATA modes) storage devices support2nd Gen AMD Ryzen?/2nd and 1st Gen AMD Ryzen? with Radeon? Vega Graphics Processors :1 x M.2 Socket 3, with M Key, Type 2242/2260/2280/22110(PCIE 3.0 x4 and SATA modes) storage devices supportAMD X570 chipset :1 x M.2 x4 Socket 3, with M Key, Type 2242/2260/2280/22110(PCIE 4.0 x4 and SATA modes) storage devices support8 x SATA 6Gb/s port(s),Support Raid 0, 1, 10LANIntel? I211-AT, 1 x Gigabit LAN Controller(s)Anti-surge LANGuardROG GameFirst TechnologyAudioSupremeFX 8-Channel High Definition Audio CODEC S1220A- Dual OP Amplifiers- Impedance sense for front and rear headphone outputs- Supports : Jack-detection, Multi-streaming, Front Panel Jack-retasking- High quality 120 dB SNR stereo playback output and 113 dB SNR recording input- SupremeFX Shielding Technology- Supports up to 32-Bit/192kHz playback *2Audio Feature :- Optical S/PDIF out port(s) at back panel- Sonic Radar III- Sonic Studio III + Sonic Studio LinkUSB Ports3rd and 2nd Gen AMD Ryzen?/2nd and 1st Gen AMD Ryzen? with Radeon? Vega Graphics Processors :4 x USB 3.2 Gen 1 port(s) (4 at back panel, )AMD X570 chipset :1 x USB 3.2 Gen 2 front panel connector port(s)AMD X570 chipset :4 x USB 3.2 Gen 2 port(s) (4 at back panel, , 3 x Type-A+1 x Type-C)AMD X570 chipset :2 x USB 3.2 Gen 1 port(s) (2 at mid-board)AMD X570 chipset :4 x USB 2.0 port(s) (4 at mid-board)ROG Exclusive FeaturesROG Exclusive Software- RAMCache III- CPU-Z- GameFirst V- Sonic Studio III + Sonic Studio Link- Sonic Radar III- OverwolfBack I/O Ports1 x DisplayPort1 x HDMI5 x USB 3.1 Gen 1 Type-A8 x USB 2.01 x Optical S/PDIF out5 x Audio jack(s)1 x USB BIOS Flashback?Button(s)4 x USB 3.2 Gen 1 (up to 5Gbps) ports3 x USB 3.2 Gen 2 (up to 10Gbps) ports (Type-A)1 x USB 3.2 Gen 2 (up to 10Gbps) ports (Type-C)Anti-surge LAN (RJ45) portInternal I/O Ports1 x PCH_FAN1 x AAFP connector2 x Aura RGB Strip Header(s)2 x Addressable Gen 2 header(s)2 x USB 2.0 connector(s) support(s) additional 4 USB 2.0 port(s)2 x M.2 Socket 3 with M key, type 2242/2260/2280/22110 storage devices support1 x SPI TPM header8 x SATA 6Gb/s connector(s)1 x CPU Fan connector(s)1 x CPU OPT Fan connector(s)2 x Chassis Fan connector(s)1 x AIO_PUMP connector1 x W_PUMP+ connector1 x 24-pin EATX Power connector(s)1 x 8-pin ATX 12V Power connector(s)1 x 4-pin ATX 12V Power connector(s)1 x Front panel audio connector(s) (AAFP)1 x Thermal sensor connector(s)1 x Clear CMOS jumper(s)1 x Node Connector(s)1 x System panel connector1 x T_Sensor Connector1 x M.2 Fan Header1 x USB 3.2 Gen 2 (up to 10Gbps) connector1 x USB 3.2 Gen 1 (up to 5Gbps) connector support additional 2 USB portsAccessoriesUser's manual4 x SATA 6Gb/s cable(s)1 x M.2 Screw Package1 x Supporting DVD1 x Strix door hanger1 x ROG Strix stickers1 x Cable ties pack(s)1 x Extension Cable for RGB strips (80 cm)1 x Extension cable for Addressable LED1 x Thermistor cable(s)1 x ROG Thank you cardManageabilityWOL, PXESupport DiscOverwolfAnti-virus software (OEM version)WinRAROperating SystemWindows? 10 64-bitForm FactorATX Form Factor12 inch x 9.6 inch ( 30.5 cm x 24.4 cm )Note*1 PCIeX16_3 slot shares bandwidth with PCIeX1_2.*2 Due to limitations in HDA bandwidth, 32-Bit/192kHz is not supported for 8-Channel audio.",1.22E3,AED,80156,80156,False
46652889,,"RAM? Double Socket Arm (Long 6"")","The RAM-B-201U-C consists of a long double socket arm that accommodates 1"" B size ball bases, device holders, and adapters. With an overall length 6"", this is the longest B size RAM? double socket arm size and adds more reach to your favorite mounting soluiton. The easy to adjust knob allows for near-infinite adjustability for your connected device.FEATURES- Provides an extended reach with an overall length of 6"" and a socket-to-socket length of 5.31""- Attaches to any B size RAM? ball component, including mounting bases and device holders; double ball and socket technology allows for near-infinite adjustability of your RAM? mounting system- Made of powder-coated, marine-grade aluminum for durability and reliability in the most demanding environments- Backed by a lifetime warranty",21.49,USD,1366684,1366684,False
9069903,,21 oz Standard Mouth With Standard S21SX306,"Product DescriptionBrand : HYDRO FLASKStyle# : S21SX306Product Type : TumblerColor : OLIVESize : 21oz(621mL)Material :18/8 Pro Grade Stainless SteelOrigin : ImportedFeaturesVersatile, middle-of-the-road sizeTempShield??insulation eliminates condensation and keeps beverages cold up to 24 hours and hot up to 12 hoursDurable 18/8 Pro-Grade Stainless Steel constructionBPA-Free and Phthalate-FreeCompatible with Standard Mouth Insulated Sport CapLifetime Warranty",32.95,USD,1446023,1446023,False
82155959,,Blaze Gas Grill - 5-Burner LTE Grill Built-In Propane Gas Grill with Lights BLZ-5LTE-LP,"Blaze Gas Grill - 5-Burner LTE Grill Built-In Propane Gas Grill with Lights BLZ-5LTE-LPFree Cover + Expedited Shipping When You Buy This ProductBlaze introduces an affordable commercial style grill that was designed with your outdoor BBQ desires in mind. Blaze gas grills feature precision cut, 304 stainless steel components that bring the promise of lasting durability to your outdoor BBQ! The illumination system compliments its unmistakable style giving an appearance to catch every admiring eye!CALIFORNIA PROPOSITION 65 WARNINGWARNING: This product can expose you to chemicals including Chromium (hexavalent compounds), which are known to the State of California to cause cancer and birth defects or other reproductive harm. For more information, go to: www.P65Warnings.ca.govCut Out Dimensions: 8 1/2"" H x 38 3/8"" W x 21 1/4¡± DCooking Surface Dimensions: 37 1/2"" W x 18 1/4¡± DGRILL OVERVIEW5 commercial quality 304 cast stainless steel burners14,000 BTUs of cooking power per burner, for a total cooking surface of 70,000 BTUs10,000 BTU infrared rear rotisserie burnerTotal grill BTUs equal 80,000Heavy 9mm stainless steel cooking rods maximize durability915 square inches of total cooking spacePush and turn flame-thrower primary ignition system delivers a fast start every timeFlash tube ignition and crossovers provide an alternate ignition optionRemovable warming rackHeat zone separators divide the cooking surface into individual temperature zonesFlame stabilizing grids minimize flare-ups while adding a grilled flavorFull-width drip tray for a quick clean upDouble-lined grill hood protects the outer layer from heat discoloration and maintains more heatBlaze Grills offers an impressive Lifetime WarrantyIlluminated control knobs for evening gatherings creates a sophisticated appearanceInterior lights help navigate the grilling surface at night",2199.99,USD,4825180,4825180,False
85803940,,Sandisk 16gb Cruzer Force Flash Drive,"At a glanceSleek, stylish designDurability to help protect your filesPassword-protects and encrypts private files18GB, 16GB and 32GB* capacitiesFull product descriptionWith its smart grey and red finish, Cruzer Force USB Flash Drive 16GB looks good from the moment you see it. Its outer casing is engineered from metal to ensure that it gives your files an extra dimension of physical protection against accidental knocks. And its neat design means it¡¯s ready for you to store or access files at moment¡¯s notice.The Cruzer Force USB Flash Drive is available in capacities of up to 16GB*. Stylish, secure and durable, it¡¯s a great way to carry music, pictures, home videos or movies around with you to enjoy wherever you want ¨C or stay prepared with spreadsheets, presentations, and other work files for use in or out of the office. As well as offering physical protection, it makes sure that your private files stay protected as well, with the password protection and encryption offered by SanDisk SecureAccess? software1.Features and benefits? A durable metal casing in a sleek, stylish design ? Helps provide reliable physical protection for your files ? SanDisk SecureAccess software protects private files with a personal password and automatic 128-bit AES encryption1 ? Available in 8GB, 16GB and 32GB* capacitiesThe capacity you need to store more 16GB Cruzer Force USB Flash Drives give you the room you need, just in case, so that you can carry round your favourite videos, photos and music, or large work files.Stylish portability and protection The 16GB Cruzer Force USB Flash Drive is simple to attach to a key ring, binder, lanyard or belt loop, so that you can carry it around when it¡¯s not in use.Stay protected with SanDiskSanDisk SecureAccess software makes it easy to protect personal or business-critical files. Simply drag and drop files into the vault, and they'll be protected by a personal password and automatic 128-bit AES encryption. This means that your content will stay private and secure when you take the drive out and about, or if you store it away for safe keeping.CompatibilityThe Cruzer Force Flash Drive is optimised for laptops and devices with USB 2.0 ports.Reassurance with performanceSanDisk develops and engineers its USB Flash Drives to maximise reliability. You can count on your Cruzer Force USB Flash Drive to store your important files, and it¡¯s backed by a five year warranty.Capacities: 8GB, 16GB and 32GB*Compatibility Storage: Windows XP, Windows Vista, Windows 7, Windows 8, Mac OS X v 10.5+SanDisk SecureAccess software: Windows XP, Windows Vista, Windows 7, Windows 8 and Mac OS X v10.5+ (Mac software requires download: see www.sandisk.com/SecureAccess)USB port: USB 2.0 port required for high-speed transferCountry of Origin: ChinaMaterial: MetalDimensions: 1.35 x 0.47 x 0.29 in. (34.4 mm x 12.0 mm x 7.4 mm)Operating temperature: 0oC to 45 oCStorage temperature: -10oC to 70oCSupport: Five year warranty",4.99,GBP,199603,199603,False
30429353,,Kingston SD 32GB Class 10,Kingston SD 32GB Class 10 Memorije kartice,16.56,BAM,1980656,1980656,False
23092603,Sram,Sram NX Eagle Cassette PG-1230 11-50T 12-speed,"Sram NX Eagle Cassette PG-1230 11-50T 12-speedThe new NX Eagle Cassette give you 454% gearing.No need for a XD Freewheel Hub, you can install this cassette to a normal Freehub.Tech SheetCassette PG-1230- use for: MTB- Tecnology: Power Glide- Speed: 12-speed (1x12)- Cassette: NX Eagle- Teeth: 11-50T (11,12,14,16,18,21,24,28,32,36,42,50)- Kompatible: All Eagle Components-Color: black",76.93,EUR,70762,70762,False
77338417,RAM Mount,"RAM Mount Double Socket Clamp Arm - SHORT - for 1.5"" C Size Balls","RAM Mount Double Socket Clamp Arm - SHORT - for 1.5"" C Size BallsThe RAM-201U-B, SHORT length double socket arm, has a socket at both ends that accommodates C Size 1.5"" balls.A single spring inside the arm, keeps the socket open, allowing you to insert the ball in to the socket connection.The ball and socket technology allows for infinite viewing anglesRAM Double Socket Clamp Arm C Size for 1.5"" ball bases;SHORT (RAM-201U-B) Overall Length: 3.5"" Socket-To-Socket Length: 2.25""* Any device/s shown are for illustration purposes ONLY and are NOT included in purchase.",45.00,AUD,93315,93315,False
81164999,Nikon,Nikon AF-S NIKKOR 24-85mm F3.5-4.5G ED VR Lens,"The Nikon Nikkor AF-S 24-85mm F3.5-4.5G VR Lens covers the most commonly used focal lengths from wide-angle up to telephoto. Nikon¡¯s Vibration Reduction system ensures sharp, steady images. ED glass elements help deliver stunning sharpness and contrast.",440.1000,GBP,21809,21809,False
32931015,,Sigma 105mm f1.4 DG HSM Art Lens for Canon,"105mm Filter Size f/1.4 Aperture N/A Stabilized EF Mount The ¡°Bokeh Master¡± Optical system delivering unsurpassed f/1.4 performance Exceptional peripheral brightness Dust and splash-proof structure Compatible with Canon Lens Aberration Correction Outstanding wide-aperture, mid-telephoto performance with F1.4 brightness atmaximum aperture, this lens incorporates 17 optical elements in 12 groups, an...",1599.95,USD,2161920,2161920,False
52005921,,RAM Mounts Double Socket Arm ¨C Long,,1737.288135593220339,INR,1366684,1366684,False
40521037,,"34"" Blaze 3 Pro Cart","The finest in outdoor cooking just got better with high-performance, industry leading heavy-gauge materials and commercial quality craftsmanship in the Blaze Professional.This all stainless steel grill cart is specifically designed to house the Blaze Professional 3-burner gas grill and matches the sleek contours of the grill.The stainless steel construction ensures long-lasting durability for years of outdoor use and the four heavy-duty, locking wheels allow you to easily relocate the grill whenever necessary.The two stainless steel side shelves keep your BBQ tools at hand, provide a convenient work area while you cook, and fold down to save space while not in use.The Blaze Professional grill cart also features two drawers and one door, all with rounded handles, to store your propane tank and BBQ accessories.All stainless steel construction is durable in outdoor conditionsFolding side shelves provide a convenient work area while grillingHeavy-duty, locking casters allow you to reposition the grill as neededDrawers and door for storing your BBQ accessoriesSpecificationsMaterialStainless SteelPrimary ColorStainless SteelGrill ModelBlaze ProfessionalCollectionBlaze ProfessionalParts CategoryRepair PartsGrill TypeGas Grills & Smokers","1,099.99",USD,6140563,6140563,False
35410623,Daniel Wellington,Daniel Wellington Unisex Classic Sheffield 36mm Rose Gold Black DW00100036,"Daniel Wellington Quartz Watch Classic Sheffield 0508DW with black leather strap, Egg shell whitened dial with rose gold tone markers and hands, Rose gold stainless case, Water-resistant to 30 metres, Quartz analogue movement, Rose gold stainless buckle with etched DW logo design. Daniel Wellington watches are thin and elegant with a clean minimilistic design, set on classic Nato straps. Daniel Wellington watches are perfect for any event and include a range of Nato straps with a strong British feel. The Nato strap is considered stronger and more water resistant than other materials and was worn by James Bond in the film, 'Goldfinger'.",89.00,GBP,48610,48610,False
20456341,,"Samsung MZ-V7S500B/AM 970 EVO Plus M.2 Internal SSD, 500GB","The ultimate in performance, upgraded. Faster than the 970 EVO, the 970 EVO Plus is powered by the latest V-NAND technology and firmware optimization. It maximizes the potential of NVMe bandwidth for unbeatable computing. Comes in capacities of up to 2TB, with reliability of up to 600 TBW.",189.99,CAD,416703,416703,False
56831449,SRAM,SRAM SRAM NX Eagle PG-1230 12-Speed Cassette,"Ride anywhere with the wide-range PG-1230, 11- to 50-tooth Eagle cassette.",129.95,CAD,70762,70762,False
24268406,,UniFi AP ac HD ROW 5Pk,,1679.00,USD,980563,980563,False
53041457,,Sigma 35mm f1.4 EX DG HSM A for Canon EOS,,649.00,,704991,704991,False
88215321,,Sigma 35mm f/1.4 DG HSM | Art - Nikon F Nikon Lenses (F mount) 340955,Sigma 35mm f/1.4 DG HSM | Art - Nikon F Nikon Lenses (F mount) 340955. 35mm f/1.4 DG HSM - Nikon Fit. Sigma. 340955. 085126340551,619,GBP,900968,900968,False
74526925,Omega,Seamaster Planet Ocean 600 M Omega Co-Axial Master Chronometer Chronograph215.30.46.51.01.001,"It was with OMEGA¡¯s maritime legacy in mind that the brand launched its Planet Ocean line in 2005. The stylish OMEGA Seamaster Planet Ocean 600M Master Chronometer Chronograph pays homage to OMEGA¡¯s dive watch heritage.This model, with its scratch-resistant sapphire crystal, features a black ceramic dial with Arabic numerals and a date window at the 6 o¡¯clock position. The dial presents a small seconds sub-dial, as well as 60-minute and 12-hour counters on one dial for intuitive reading of elapsed time. The black ceramic unidirectional rotating divers¡¯ bezel, with its Liquidmetal? diving scale, is mounted on a 45.5 mm stainless steel case.Other features include an alveol screw-in caseback and a stainless steel bracelet with patented extendable foldover clasp.The OMEGA Seamaster Planet Ocean 600M Master Chronometer Chronograph is water resistant to 60 bar (600 meters / 2000 feet), and has a helium-escape valve. The OMEGA Master Chronometer calibre 9900 at the heart of this timepiece can be seen through the transparent caseback. To achieve Master Chronometer status, it has passed the 8 rigorous tests set by METAS (The Swiss Federal Institute of Metrology).","8,450.00",USD,27649829,27649829,False
63595157,,[Fujifilm]100 Sheet Fujifilm Instax Square Plain White Instant Polaroid Film for SQ 10 Camera | SP3 Printer,100 sheet instax Square Film,98.50,USD,300521,300521,False
231364,,500GB - Samsung 970 EVO Plus NVMe M.2 Internal SSD,"[shortdesc]Superior NVMe Read/Write performance with speeds up to 3,500/3,200 MB/s. V-NAND reliability backed by up to 5 yr. warranty.[/shortdesc]Always Evolving SSDThe ultimate in performance, upgraded. Faster than the 970 EVO, the 970 EVO Plus is powered by the latest V-NAND technology and firmware optimization. It maximizes the potential of NVMe bandwidth for unbeatable computing. Comes in capacities of up to 1TB, with reliability of up to 600 TBW.Level up PerformanceThe 970 EVO Plus reaches sequential read/write speeds up to 3,500/3,300 MB/s, up to 53% faster than the 970 EVO. Powered by the latest V-NAND technology¡ªwhich brings greater NAND performance and higher power efficiency¡ªalong with optimized firmware, a proven Phoenix controller, and Intelligent TurboWrite boost speed.Design FlexibilityThe next advancement in NVMe SSDs. The 970 EVO Plus fits up to 1TB onto the compact M.2 (2280) form factor, greatly expanding storage capacity and saving space for other components. Samsung's innovative technology empowers you with the capacity to do more and accomplish more.Exceptional EnduranceThe new standard in sustainable performance. Get up to 600 TBW with a 5-year limited warranty for lasting performance. The 970 EVO Plus provides exceptional endurance powered by the latest V-NAND technology and Samsung's reputation for quality.* TBW: Terabytes Written * Warrantied TBW for 970 EVO Plus: 150 TBW for 250GB model, 300 TBW for 500GB model, 600 TBW for 1TB model. * 5-years or TBW, whichever comes first. For more information on the warranty, please find the enclosed warranty statement in the package.Unparalleled ReliabilityAchieve a new level of drive confidence. Samsung's advanced nickel-coated controller and heat spreader on the 970 EVO Plus enable superior heat dissipation. The Dynamic Thermal Guard automatically monitors and maintains optimal operating temperatures to minimize performance drops.",139.7,USD,416703,416703,False
29733439,,"Kingston Canvas Select UHS-I, 64 GB",,2.3E1,EUR,53163,53163,False
60735508,Blaze Outdoor Products,Blaze Professional Grill Cart for 34-Inch 3-Burner Gas Grill,"This Blaze Professional stainless steel 3 burner grill cart is specifically designed to house the Blaze Professional 3 burner grill. The two fold down stainless steel side shelves keep your BBQ tools at hand and provide a convenient work area while you cook. The cart also features two storage drawers and one door below the grill for storing your propane tank, grill cover and BBQ accessories!DIMENSIONS: 34-3/4"" H x 65-1/2"" W x 26-3/4"" D",1099.99,USD,6140563,6140563,False
44729677,Ubiquiti,"UAP-AC-PRO_ 5 PACK UniFi AP, AC PRO World","UniFi is a revolutionary WiFi system which combines carrier class performance, unlimited scalability, disruptive pricing, and a virtual management controller.The UniFi AP uses a clean industrial design that seamlessly blends into typical environments. The AP's are feature the latest in WiFi 802.11n MIMO technology. All accessories are included to mount the devices either on the wall or ceilings. Also included is Power Over Ethernet (POE) functionality which allows both power and data to be carried over a single Ethernet cable to the device.At the front-center of the device is a status LED ring which can provide the administrator with location tracking and alerts for each device.After the UniFi server is installed on a Mac or PC, the UniFi controller can be accessed through any device using a web browser. The UniFi controller allows the operator to instantly provision thousands of UniFi APs, map out networks, quickly manage system traffic, and further provision individual Unifi AP devices.*Unlimited Indoor/Outdoor AP Scalability in a Unified Management System *Breakthrough Speeds up to 1300 Mbps (802.11ac) *Intuitive UniFi Controller Software *Deploy the UniFi AC Pro AP indoors or outdoors, in wireless networks requiring maximum performance. Sporting a weatherproof design, the UniFi AC Pro AP features simultaneous, dual-band, 3x3 MIMO technology and convenient 802.3af PoE/802.3at PoE+ compatibility.5-PACK",699,USD,68127,68127,False
50492036,,Whisky Johnnie Walker Blue Label 700ml,Whisky Johnnie Walker Blue Label 700ml,"258,14",EUR,56750,56750,False
89529710,,"4 Burner Blaze LTE Grill with Lights (32"") - NG","4 Burner Blaze LTE Grill with Lights (32"")",1.84999E3,USD,1435805,1435805,False
19661471,Sigma,Sigma 50mm f1.4 DG HSM Art Canon Fit Lens,"The Sigma 50mm f1.4 DG HSM A fit is a high-performance, large aperture lens that joins the Art line within Sigma's Global Vision series, ideally suited for creative and artistic applications for photo and video use. Designed with a focus on sophisticated optical performance, this fast standard-length prime employs Special Low Dispersion (SLD) glass and Sigma's Hyper Sonic Motor (HSM) system to achieve fast, silent AF and the highest resolution in the focus point and exceptional rendering performance, even near the edge of the image. Furthermore, the lens firmware and adjustment parameters such as focus can be updated with the use of the Sigma USB Dock (available separately)",569.00,GBP,75956,75956,False
57015868,Audio Technica,Audio-Technica ATH AD500X - Headphones - full size - wired - 3.5 mm jack,,,,87840,87840,False
50547404,,"Blaze 35"" Stainless Steel Grill Cart for 5 Burner Traditional/LTE Gas Grills BLZ-5-CART","35"" Stainless Steel Grill Cart for 5 Burner Traditional/LTE Gas Grills BLZ-5-CART by Blaze GrillsHouse your Blaze 40-inch 5 burner gas grill in style with this stainless steel grill cart. Equipped with dualstainless steel side shelves, you can easily access your BBQ tools and have aconvenient work area while you're grilling with the BLZ-5-CART.Enjoy easy access to your propane tank, grill cover, and BBQ accessories with a built-in cabinet housed behind two front doors with rounded handles.Best of all, enjoy a lifetime warranty to the original owner against manufacturing and workmanship defects. Theoriginal purchaser's warranty extends against manufacturer defectsprovided products are purchased forregular single-family home use.Grill Cart FeaturesDurable stainless steel construction ideal for outdoor conditionsStore your BBQ accessories with easeDual side shelvesgive you a separate work area while grillingReposition the grill as needed with 4 heavy-duty castersBuilt forBLZ-5-NG/LP and BLZ-5LTE2-NG/LP grill modelsOrder your35"" Grill Cart Today and enjoy FREE Shipping with no tax or fees! Buy Now!Blaze Grills VideoTo watch a video onBlaze Grill LTE Gas Grill Overviewclick hereTo watch a video onBlaze Grill Traditional Gas Grill Overviewclick hereBlaze Grills SpecificationsConfiguration: On CartSize:40 InchesExterior Material: Stainless SteelWork Area:YesNumber of Side Shelves:2On Wheels: YesDimensions:35 1/2¡å H x 63 3/8¡å W x 22 1/8¡å DWarranty:LifetimeAdditional Dimensions:Cart without Shelves - 35 5/8"" H x 41 3/8"" W x 22"" D Single Shelf Dimensions - 11"" W x 22"" D Physical Door Opening - 18 1/2 "" H x 36 1/8"" WWeight: 78 lbsLifetime warranty to the original owner against defects in manufacturing and workmanship. This warranty extends to the original purchaser against manufacturer defects for products purchased for ordinary single-family home use.Blaze Grills ResourcesBlaze Traditional and LTE Cart Assembly",514.99,USD,4325250,4325250,False
45511817,,0000071495| Nikon Nikkor AF-S 24-85mm f/3.5-4.5G ED VR Lens,0000071495| Nikon Nikkor AF-S 24-85mm f/3.5-4.5G ED VR Lens,714.95,AUD,21809,21809,False
19580618,RAM Mounts,Ram Mount Composite Double Socket Arm,"The RAP-B-201U-A, short double socket arm, has a socket at both ends that accommodates 1"" ball bases. This socket technology allows for almost infinite adjustment and perfect viewing angles. (This product does not include single spring)Ram Mount Composite Double Socket Arm DimensionsOverall Length: 2.42""Socket-To-Socket Length: 1.75"" About RAM Mounts:RAM Mounts manufactures rugged and versatile mounting systems, protective cases and docking solutions for phones, tablets, cameras, laptops and other mobile devices that can be attached nearly anywhere.View more RAM Mounts products",18.00,AUD,3656260,3656260,False
63053118,,Sigma 35mm f/1.4 DG HSM Art Lens,"The Sigma 35mm 1.4 DG HSM is a state of the art lens designed for full frame cameras but can also be used with APS-C sensors as well. The first addition to the Art category in Sigma¡¯s Global Vision, the 35mm 1.4 DG HSM includes new features based around a unique lens concept and design. The 35mm is a staple focal length in the world of photography, and paired with Sigma technology, this lens can take artistic expression to the next level. The lens is equipped with technology including a Hyper Sonic Motor (HSM), floating internal focusing system, SLD and FLD Glass elements. The HSM ensures quiet, high speed, accurate autofocusing while the floating focusing system allows for superior optical performance with subjects at a closer shooting distance. The SLD glass elements along with the FLD glass elements, which are equal to fluorite, help correct both axial and chromatic aberration. The large 1.4 aperture make it ideal in low light and the lens is compatible with the Sigma USB dock and Optimization Pro software to adjust and fine tune focusing parameters. The Sigma 35mm 1.4 DG HSM is a must have for any camera bag.*67mm Front Filter*",6.9999E2,USD,704991,704991,False
20511058,,Hydro Flask 32oz Drink Bottle,"Hydro Flask. 32oz.Sunflower.Product BenefitsVersatile, middle-of-the-road sizeTempShieldTMinsulation eliminates condensation and keeps beverages cold up to 24 hours and hot up to 12 hoursDurable 18/8 Pro-Grade Stainless Steel constructionBPA-Free and Phthalate-FreeCompatible withStandard Mouth InsulatedSport CapLifetime Warranty",6.495E1,AUD,489587,489587,False
3453057,Hikvision,DS-7208HQHI-K2-P Hikvision DVR 8 Channel PoC 4MP,Hikvision DVR DS-7208HQHI-K2-P8 channel PoC 4MP. By 4 8 channel DVR from a Hikvision UK distributor.,0.00,GBP,28399,28399,False
38939872,,Sigma 105mm F1.4 DG HSM Canon [ART],,6762.00,PLN,2161920,2161920,False
25911961,Kingston,Kingston Canvas Select Plus MicroSDXC - 128 GB,"128 GB, microSDXC, Class 10, UHS-I, 3.3 V, SD adapter",24.99,EUR,27477,27477,False
55203154,,Blaze 3 Burner Pro Cart Only,Blaze 34-Inch Burner Professional Grill CartStainless steel construction is durable in outdoor,899.99,USD,6140563,6140563,False
47683726,,ASUS GeForce RTX 2060 SUPER TURBO EVO,"Grafikkort, PCI-Express 3.0, 8GB GDDR6, Turing",4999.00,SEK,320546,320546,False
40125777,Kingston Technology,Memoire Micro SDHC Kingston Technology Canvas Select,Memoire Micro SDHC Kingston Technology Canvas Select- 128Go MicroSDXC UHS-I Classe 10 m¨¦moire flash,27.99,EUR,854253,854253,False
39729230,,"40"" Blaze 5 Burner Grill Cart","This Blaze stainless steel grill cart is specifically designed to house the 40"" Blaze gas grill.The stainless steel construction ensures long-lasting durability for years of outdoor use and the four heavy duty caster wheels allow you to easily relocate the grill whenever necessary.The two stainless steel side shelves keep your BBQ tools at hand and provide a convenient work area while you cook.The Blaze grill cart also features two front doors with rounded handles to access the cabinet below the grill where you can store your propane tank, grill cover and BBQ accessories.Not for use with Blaze Professional Grills.Stainless steel construction is durable in outdoor conditionsAdds practical storage for your BBQ accessoriesSide shelves provide a convenient work area while grillingHeavy duty casters allow you to reposition the grill as neededSpecificationsMaterialStainless SteelPrimary ColorStainless SteelGrill Model40 InchCollectionBlazeParts CategoryRepair PartsGrill TypeGas Grills & Smokers",514.99,USD,4325250,4325250,False
95169379,,Sigma 50mm f/1.4 DG HSM Art,"Sigma 50mm f/1.4 DG HSM (Art)Front and rear lens capsLens hoodLens caseThe staple Sigma 50mm 1.4 DG HSM has been redesigned and reengineered to set a new standard for the Art line. With a large 1.4 aperture, the Sigma 50mm 1.4 prime lens is pro level performer for shooting everything including portrait photography, landscape photography, studio photography and street photography. A Hyper Sonic Motor (HSM) ensures quiet, smooth and accurate autofocusing and paired with Special Low Dispersion (SLD) glass and Super Multi-Layer coating, the 50mm 1.4 is a high performance lens for modern DSLR sensors. 13 elements in 8 groups allow for unsurpassed performance even at wide apertures and close-up photography is easily managed with a minimum focusing distance of 40cm. The Sigma 50mm 1.4 lens is the new exceptional standard, standard prime.Sigma's new Art line of lensesCompletely redesigned and reengineeredExceptional Image QualityIncredible focal point sharpness when wide openPairs well with Pro-Level DSLR?sMTF A1-testedHSM (hypersonic motor)Lens Construction: 13 elements in 8 groupsNumber of diaphragm blades: 9Maximum magnification ratio: 1 : 5 : 6Minimum aperture: F16Filter size: 77mm",739.95,USD,75956,75956,False
94982317,,"RAM Short Double Socket Arm for 1.5"" Balls (Overall Length: 3.5"")","The RAM-201U-B, short double socket arm, has a socket at both ends that accommodates 1.5"" ball bases. A single spring inside the arm opens the end sockets, allowing you to pivot the ball and socket connection. This socket technology allows for almost infinite adjustment and perfect viewing angles.SpecificationsDimensions:Overall Length: 3.5""Socket-To-Socket Length: 2.25""Material: Powder Coated Marine Grade AluminiumBall: C size 1.5"" rubberAccessoriesCompatibilityRelated ItemsNotesThe ""U"" in the part number reflects product packaged in poly bag.InstructionsVideos Warranty RAM Warranty",3.595E1,AUD,93315,93315,False
56652731,,"4GB HyperX Fury Black DDR3, 1600MHz, CL10, 1.5V, 240-pin DIMM","4GB HyperX Fury Black DDR3, 1600MHz, CL10, 1.5V, 240-pin DIMM",35.99,CAD,1824443,1824443,False
44542160,,DS-7208HQHI-K2-P Hikvision 8 Channel 1080P HD-TVI Hybrid DVR (POC),"Key Features8ch Power over Coax (PoC) Hybrid DVRH.265+/H.265/H.264+/H.264 encoding for the main streamSelf-adaptive HDTVI/HDCVI/AHD/CVBS signal inputFull channel 1080P resolution real-time recordingSupports 2x 4MP IP camerasHDMI and VGA output at up to 1920x1080P resolutionLong transmission distance over coax cableSupport up to 8-ch synchronous playback at 1080P resolutionInternet & Smart Phone compatibleDownloadManufacturers Spec Sheet (PDF)CompatibilityHD-TVI: Any Hikvision HD-TVI CameraAHD: Any AHD CCTV CameraAnalogue: Any Analogue CCTV CameraVideo / Audio InputVideo compressionH.265+/H.265/H.264+/H.264Analog and HD-TVI Video Input8CH; BNC interface (1.0Vp-p, 75 ¦¸)Supported Camera TypesSupport HDTVI input: 3 MP, 1080p30,1080p25, 720p60, 720p50,720p30,720p25Note: The 3 MP signal input is only available for channel 1 of DS-7204HQHI-K1/P, channel 1/2 of DS-7208HQHI-K2/PSupport AHD input: 1080p25, 1080p30, 720p25, 720p30Support CVI input: 1080p25, 1080p30, 720p25, 720p30Support CVBS input: PAL/NTSCPoC camera inputSupports Hikvision PoC cameraNote: Do not unplug or plug the PoC camera if it is powered by the external power supply.IP video input2ch, Up to 4 MP resolution, Supports H.265+/H.265/H.264+/H.264 IP camerasAudio compressionG.711uAudio input / Two-way audio in1-ch, RCA (2.0 Vp-p, 1 K¦¸)Video / Audio OutputCVBS output1-ch, BNC(1.0Vp-p,75¦¸), resolution:PAL:704x576HDMI / VGA outputoutput 1920 x 1080 / 60 Hz,1280 x 1024 / 60 Hz, 1280 x 720 / 60 Hz, 1024 x 768 / 60 HzEncoding resolutionWhen 1080p Lite mode not enabled: 3 MP/1080p/720p/VGA/WD1/4CIF/CIF;When 1080p Lite mode enabled: 3 MP/1080p lite/720p lite/VGA/WD1/4CIF/CIFFrame rateMain stream:When 1080p Lite mode not enabled:For 3 MP stream access: 3 MP/1080p/720p/VGA/WD1/4CIF/CIF@15fpsFor 1080p stream access: 1080p/720p@15fps; VGA/WD1/4CIF/CIF@25fps (P)/30fps (N)For 720p stream access: 720p/VGA/WD1/4CIF/CIF@25fps (P)/30fps (N)When 1080p Lite mode enabled:3 MP@15fps; 1080p lite/720p lite/VGA/WD1/4CIF/CIF@25fps (P)/30fps (N)Sub-stream: WD1/4CIF@12fps; CIF@25fps (P)/30fps (N)Video bit rate32 Kbps - 6 MbpsStream typeVideo, Video & AudioAudio output1-ch, RCA (Linear, 1K¦¸)Audio bit rate64 KbpsDual-streamSupportSynchronous playback8CHNetwork ManagementRemote Connections128Network ProtocolsTCP/IP, PPPoE, DHCP, Hik-Connect, DNS, DDNS, NTP, SADP, NFS, iSCSI, UPnP?, HTTPS, ONVIFHard DiskSATA2 SATA interfaceCapacityUp to 6 TB capacity for each diskExternal InterfaceNetwork interface1; 10M / 100M self-adaptive Ethernet interfaceSerial interfaceRS-485 (half-duplex)USB interface2, USB2.0GeneralPower supply48v DCConsumptionMax 60WWorking temperature-10 ¡ãC ~ +55 ¡ãCWorking humidity10% ~ 90%Dimensions (W x H x D)380 ¡Á 320 ¡Á 48 mmWeightApprox. 1.78Kg",,,28399,28399,False
35392050,,Fujifilm Instax Square Film - 20 Sheets,"The Fujifilm instax Square Film boasts of high-quality professional instant photograph technology in a square format. It is compatible with any instax Square camera or printer including instax SQ6, SQ20 and SHARE SP-3.Pack contains 20 sheetsGuarantees accurate colour and sharpnessIdeal for scrapbooks or photo albumsLong lasting sheet",22,AUD,1457721,1457721,False
47291158,,Hydro Flask 32oz Widemouth w/ Flex Cap,"Looking for hydration? You've come to the right place! The 320z Widemouth w/ Flex Cap from Hydro Flask is an ideal size for those all-day adventures on the mountain, along the trail, or beyond. Featuring an updated silhouette and sleek design with all the performance of the original, you can keep your beverages secure and at your ideal temperature for hours on end thanks to the incredible TempShield? technology. Color Last? powder coating provides a slip-free, dishwasher safe surface for your drinks, so that all you've got to do with the 32oz Hydro Flask is sit back and enjoy.",44.9500,USD,36023,36023,False
7064344,Garmin,"Garmin fenix 5S Plus Smartwatch, silver/black",,599.99,EUR,23040,23040,False
64399529,,Memoria DDR3 1600Mhz Kit 8GB HyperX Kingston (2x4GB),,"73,58 ",EUR,288081,288081,False
78944707,,Hydro Flask Hydration 21oz Standard Black,S21SX001Hydration 21oz Standard Black,4.995E1,AUD,1558854,1558854,False
48996206,,Asus TURBO-RTX2060S-8G-EVO (8GB),,,,320546,320546,False
32150368,Omega,Seamaster Planet Ocean 45mm in Steel,Seamaster Planet Ocean 45mm in Steel Steel on Bracelet with Black Dial,5700,USD,5409130,5409130,False
62248973,Instax,Instax Fujifilm | Instax SQUARE Instant Film - Black Border (10 Exposures),,14.99,CAD,1118780,1118780,False
19467145,,"Ram Mounts RAM Long Length Double Socket Arm for B Size 1"" Balls","The RAM-B-201U-C, Long length double socket arm, has a socket at both ends that accommodates B Size 1"" balls. A single spring inside the arm, keeps the socket open, allowing you to insert the ball into the socket connection. RAM's socket technology allows for almost infinite adjustment to achieve the perfect viewing angle.Dimensions:Overall Length: 6""Socket-To-Socket Length: 5.25""",2.049E1,USD,1366684,1366684,False
86108652,,"RAM Mount 9"" Arm for 1.5"" Ball","?RAM Mount 9"" Arm for 1.5"" Ball",39.49,USD,1764013,1764013,False
12353703,RAM,RAM Short Double Socket Arm C Size (RAM-201U-B),"RAM? Double Socket Arm - C SizeLow-profile design with an overall length of 3.56"" and a socket-to-socket length of 2.5""Attaches to any C size RAM? ball component, including mounting bases and device holders; double ball and socket technology allows for near-infinite adjustability of your RAM? mounting systemMade of powder-coated, marine-grade aluminum for durability and reliability in the most demanding environmentsBacked by a lifetime warrantyThe RAM-201U-B consists of a short double socket arm that accommodates 1.5"" C size ball bases, device holders, and adapters. With an overall length 3.56"", this is the shortest RAM? double socketarm size. The easy to adjust knob allows for near-infinite adjustability for your connected device.",36.00,AUD,93315,93315,False
52545309,,f¨¥nix? 5S Plus Silver with Black Band,"Prices include 18% VATUpsize your goals, not your GPS watchSmaller-sized multisport GPS smartwatch with wrist heart rate technology1and colour TOPO maps featuring Trendline?popularity routing to help you find and follow the best pathsFit for adventure with bold design that features a large 1.2"" sunlight-readable display and stainless steel bezel, buttons and rear caseEnjoy your favourite music from your watch, wirelessly connected with Bluetooth?headphones (sold separately) for phone-free listening2Garmin Pay?ready. The contactless payment solution3lets you make convenient payments with your watch, so you can leave your cash and cards at homeBuilt-in navigation sensors include three-axis compass, gyroscope and barometric altimeter as well as multisatellite (GPS, GLONASS and Galileo) capability to track in more challenging environments than GPS aloneBattery performance:4up to 7 days in smartwatch mode and 4 hours in GPS mode with music (depending on settings)",650,EUR,23040,23040,False
11223612,,MEM MICRO SDXC 128GB KINGSTON CANVAS SELECT+ADAPT,MEM MICRO SDXC 128GB KINGSTON CANVAS SELECT+ADAPT CL10 / R: 100MB/sW:85MB/s SDCS2/128GB,15.37,EUR,27477,27477,False
39670388,,Seamaster Planet Ocean 600M Omega Co-Axial Master Chronometer Chronograph 45.5 mm,"Features:Anti-magnetic, Chronograph, Chronometer, Date, Helium escape valve, Liquidmetal?, Small seconds, Screw-in crown, Transparent case back, Unidirectional rotating bezelWatch Case:Material: SteelSize (Diameter): 45.5Watch Dial:Dial Color: BlueWatch Band:Material: steelMovement:Caliber: Self winding Omega 9900Water Resistance:60 bar (600 metres / 2000 feet)",8450.00,USD,2193117,2193117,False
42453067,,Samsung 970 EVO SSD M.2 2280 - 1TB SSD - 1 TB - M.2 2280 (80mm) - PCI Express 3.0 x4 (NVMe),"SSD (Solid state drive), 1 TB, intern, Datahastighed: 3400 MBps (l?s) / 2500 MBps (skriv), IOPS: 500000 (l?s) / 450000 (skriv), 1GB LPDDR4 cache, M.2 2280 (80mm), M.2 2280 (80mm), PCI-Express 3.0 x4 NVMe 1.2 (Non-Volatile Memory Express), 256-bit AES kryptering, TCG Opal Encryption - Samsung Phoenix Controller",1077.00,DKK,106914,106914,False
13848100,Logitech,Headset Logitech H151 (981-000589),,33.90,EUR,122031,122031,False
9480501,,AF-S 24¨C85mm f/3.5¨C4.5G ED,A high quality G-type standard zoom lens.,4511.55,HRK,21809,21809,False
56798312,Fujifilm,Fuji Instax Mini RAINBOW COLOURS Instant Film for Fujifilm Instax Mini Cameras - 10 Shot Pack,"Fuji Instax Mini Rainbow Film features credit card size instant photos with unique (mixed) colour borders that you can leave blank or write a personalised and fun message etc.Use with Fujifilm, Fuji Instax Pocket printers SP-1 and SP-2 and all Fuji Instax Mini cameras also Lomo instant cameras too. Rainbow Film ensures sharp, clear reproduction, vivid colors and natural skin tones.Bring the instant fun of 'real' photos into your life. Instant photography is amazing and has a quality all of its own - VERY popular at this time!Versatile with a high speed/sensitivity of 800 ASA / ISO yet still offers superb fine-grain quality, Great results with vibrant colors and natural skin tones.This film works with Fujifilm Instax Mini 7, Mini 8, Mini 70 and Mini 90 NEO, Instax mini 300 Instant Cameras and others (please check). Also works with Lomo Instant (Lomography) cameras too!",,,1374090,1374090,False
14965636,,HyperX Fury DDR3 1600MHz 8GB,"2x4GB 1600MHz (PC3-12800) DDR3 CL10, Sort",350.00,DKK,702149,702149,False
46363798,,"Blaze 40 Inch 5-Burner LTE Gas Grill with Rear Burner, Built-in Lighting System","Blaze Grills offers an impressive Lifetime Warranty!5 commercial quality 304 cast stainless steel burners14,000 BTUs of cooking power per burner, for a total cooking surface of 70,000 BTUs10,000 BTU infrared rear rotisserie burnerTotal grill BTUs equal 80,000Heavy 8mm stainless steel cooking rods maximize durability915 square inches of total cooking spacePush and turn flame-thrower primary ignition system delivers a fast start every timeFlash tube ignition and crossovers provide an alternate ignition optionRemovable warming rackHeat zone separators divide the cooking surface into individual temperature zonesFlame stabilizing grids minimize flare-ups while adding a grilled flavorFull-width drip tray for quick clean upIlluminated control knobs for evening gatherings creates a sophisticated appearanceInterior lights help navigate the grilling surface at nightDouble-lined grill hood protects outer layer from heat discoloration and maintains more heat.DescriptionBlaze introduces an affordable commercial style grill that was designed with your outdoor BBQ desires in mind. Blaze gas grills feature precision cut, 304 stainless steel components which bring the promise of lasting durability to your outdoor BBQ! This model takes things to the next level with our signature SRL led accent lights and integrated halogen hood lighting. Blaze gas grills have a lifetime warranty that warrants against any defects in the manufacturing and workmanship of the main burners, cooking grids, body, flame tamers, heat zone separators, warming rack, and control valves. While ignition, electronic, and lighting systems?¨ºare covered for one (1) year after the date of purchase. Grills must be registered within thirty days for the warranty to apply.Additional informationSIZE40 InchesCOOKING GRID DIMENSIONS37"" x 18""TOTAL GRILLING AREA915 Sq. InchesNUMBER OF MAIN BURNERS5 BurnersMAIN BURNER CONFIGURATIONAll ConventionalGRILLING SURFACE BTUS70000ROTISSERIE BACKBURNERYesROTISSERIE BURNER BTUS10000INFRARED MAIN BURNERNoSMOKERNoEXTERIOR MATERIAL304 Stainless SteelCOOKING GRID MATERIALStainless SteelCUT-OUT DIMENSIONS8 1/2""H x 38 3/8""W x 21 1/4""DWARRANTYMain Burners Lifetime (Parts Only)Cooking Grids Lifetime (Parts Only)Body Lifetime (Parts Only)Flame Tamers + Heat Zone Separators Lifetime (Parts Only)Control Valves Lifetime (Parts Only)Ignition and Lighting Systems 1 Year (Parts Only)CONNECTION SIZESNatural Gas (NG): 1/2""Propane (LP): 3/8""",2.19999E3,USD,4825180,4825180,False
112804,ASUS,ASUS ROG STRIX X570-F GAMING (AM4) (D) (90MB1160-M0EAY0),,100410,,80156,80156,False
57956947,Kingston,Kingston Technology Canvas Select Plus flashgeheugen 32 GB SDHC Klasse 10 UHS-I,"32 GB, FAT32, Class 10, UHS-I, 3.3 V",5.49,EUR,1980656,1980656,False
95556513,Samsung,Samsung 970 EVO Plus NVMe SSD 2TB,Samsung 970 EVO Plus NVMe SSD 2TB available to buy online from PC Case Gear ¨C Australia¡¯s Premier Online PC Store.,589,AUD,1365371,1365371,False
12784003,,21 oz Standard Mouth - Olive,"21 oz Standard Mouth Water BottleHydro FlaskKeep life moving with our 21 oz bottle and Standard Flex Cap. It stashes easily into a small shoulder bag, your pack's side pocket, or your car cup holder, and holds enough ice cold goodness to keep you going for hours without weighing you down.With TempShield double wall insulated technology, your favourite hydration flask full will stay super chilled for up to 24 hours or piping warm for up to 12.Specs:Size:21ozVolume:621mlMouth Diameter:1.91""Diameter:2.87""Height:9.4""Weight:11.3 ozComes With:Standard Flex CapAlso Compatible With:Standard Mouth Sports Cap, Standard Flex BootAvailable in:TempShield?Hydro Flask's unique double walled insulation keeps your drink hot or cold for hours on end.Convenient SizeThree sizes available so you can choose which one most suits your needs... or your favourite coffee shop.BPA FreeBPA-Free to protect your body and the environment from harmful chemicals.Stainless Steel ConstructionConstructed from pro-grade stainless steelso it won't retain or transfer flavours andcan also keep up on any adventure.Leak ProofCarefully developed cap technology ensures your drink stays exactly where it should be.Lifetime WarrantyHydro Flask guarantees every product with a limited lifetime warranty against manufacture defects for the life of your product!",2.715E1,GBP,1446023,1446023,False
12375305,Ubiquiti,"Ubiquiti UniFi AC HD UAP-AC-HD IEEE 802.11ac 2.47 Gbit/s Wireless Access Point - 2.40 GHz, 5 GHz - 2 x Network (RJ-45) - Ceiling Mountable, Wall Mountable - 5 Pack","2.40 GHz, 5 GHz - 2 x Network (RJ-45) - Ceiling Mountable, Wall Mountable - 5 Pack",1508.99,GBP,980563,980563,False
32249789,,3M - Framed Privacy Filter for 22 Widescreen Monitor (16:10),3M Framed Privacy Filter for 22 Widescreen Monitor (16:10) (PF220W1F) - Tyyppi: Muut tarvikkeet,174.00,EUR,196841,196841,False
4223201,,Fujifilm Instax Mini Film Rainbow,"10 sheetsInstant film (no processing required)For use in Instax Mini camerasStriking rainbow borderThese portable Instax film cartridges are great to quickly capture moments and share with your friends. Instax Mini film is for all Instax mini cameras and comes in a handy cartridge. It offers stunning instant pictures that you can fit into a purse, wallet or mini photo frame. Instax film ensures sharp, clear reproduction, vivid colour and natural skin tones.",9.50,GBP,1374090,1374090,False
31525711,KINGSTON,Memoire SDXC KINGSTON 64GB Canvas Select microSDHC (microSD) + Adapter SD,Memoire SDXC KINGSTON 64GB Canvas Select microSDHC (microSD) + Adapter SD,14.99,EUR,53163,53163,False
12655453,Dymo,Genuine Dymo D1 Standard Label 24mm x 7m - Black on Yellow,,26.46,AUD,103881,103881,False
76507982,Ram Mounts,RAM-Mounts Long Double Socket Verbindungsarm RAM-201U-D,,51.615126,EUR,1764013,1764013,False
65894144,,Daniel Wellington Classic Sheffield 36mm Rose Schwarz Lederuhr DW00100036,,99,EUR,48610,48610,False
17891238,,Samsung 970 EVO Plus M.2-2280 2TB,Huge 2TB storage capacity and super Rapid 3500Mbps read speed and amazingly Smooth 3300Mbps write speed.,4.3632E2,GBP,1365371,1365371,False
95267942,Johnnie Walker,"Johnnie Walker Blue Label 0,7 Liter 40%vol.",,129.50,EUR,56750,56750,False
90493626,,Fujifilm Instax Square Instant Film - 20 Photos,The Fujifilm Instax Square Instant Film is for use with the Fuji Instax Square SQ10 Camera. This pack of Fuji Instax Square film contains 20 photos and will produce fantastic mini images at 62x62mm on a film size of 86x72mm. Its possible to write on the white border with non water based pens.,21.99,GBP,300521,300521,False
3084321,,SSD Samsung - 970 evo plus - ssd - 250 gb - pci express 3.0 x4 (nvme) mz-v7s250bw,"SSD 970 EVO PLUS M.2 - PCIE GEN 3.0 X4, NVME 1,3",7.48E1,EUR,993500,993500,False
60712,,Omega Seamaster 215.30.46.51.01.001,,,,27649829,27649829,False
29703045,,3M - PF322W DT PRIVACY FLT WIDESCREEN LCD,3M PF322W DT PRIVACY FLT WIDESCREEN LCD (PF322W) - Type: Annet Tilbeh?r,2366.00,NOK,196841,196841,False
96565508,Epson,"Original Tinte Epson T8651, ca. 10.000 S., schwarz",,94.46,EUR,193507,193507,False
62307014,Epson,Genuine Epson C13T865140 Black Extra High Capacity Ink Cartridge (C13T865140),,123.99,GBP,193507,193507,False
68716864,HydroFlask,HydroFlask 32 oz. Wide Mouth Bottle w/ Flex Cap,"Big enough for a whole day in the backcountry, our 32 oz Wide Mouth bottle is made with professional-grade stainless steel and a wider opening for faster fill.",44.95,USD,929657,929657,False
75288274,,Buy Quality Replica Omega Seamaster Planet Ocean 600M Chronometer Chronograph Watch 215.32.46.51.01.001,Quality AAA Replica Omega Seamaster Planet Ocean 600M Chronometer Chronograph Watch 215.32.46.51.01.001 from online store for sale.,,,1476532,1476532,False
62071414,,"Blaze 40 Inch 5-Burner Built-In Grill With Rear Infrared Burner, LTE - Liquid Propane BLZ-5LTE2-LP","Blaze introduces an affordable commercial style grill that was designed with your outdoor BBQ desires in mind. Blaze gas grills feature precision cut, 304 stainless steel components which bring the promise of lasting durability to your outdoor BBQ! Lifetime warranty for cooking grids, housings, and burners ¨C Covers defects in manufacturing and workmanship for cooking grids, stainless housing as well as the stainless burners against rust-through. 15 years for valves. 5 year for flame tamers and heat zone separators. 1 year for all other parts. Appliances must be registered within 30 days of purchase to validate this warranty.Features:5 commercial quality 304 cast stainless steel burners14,000 BTUs of cooking power per burner, for a total cooking surface of 70,000 BTUs10,000 BTU infrared rear rotisserie burnerTotal grill BTUs equal 80,000Heavy 8mm stainless steel cooking rods maximize durability915 square inches of total cooking spacePush and turn flame-thrower primary ignition system delivers a fast start every timeFlash tube ignition and crossovers provide an alternate ignition optionRemovable warming rackHeat zone separators divide the cooking surface into individual temperature zonesFlame stabilizing grids minimize flare-ups while adding a grilled flavorFull-width drip tray for quick clean upDouble-lined grill hood protects outer layer from heat discoloration and maintains more heatBlaze Grills offers an impressive Lifetime WarrantySpecificationsCut-out Dimensions:8 1/2¡åH x 38 3/8¡åW x 21 1/4¡åDWeight:?139 lbs","2,199.99",USD,4825180,4825180,False
88323590,,Headphones Audio-Technica ATH-AD500X,,173.95,EUR,87840,87840,False
25935656,,Fujifilm Instax Square Film Black Frame 10 Shots,This pack of 10 colour instant film in square format is designed for the Fujifilm Instax Square SQ6 instant camera. The film boasts the same professional high quality found in all Instax,,,1118780,1118780,False
36099686,SRAM,SRAM Cassette Sram NX Eagle PG-1230 12 vit 11-50D,,142.99,CAD,70762,70762,False
42978568,Lacie,LACIE RUGGED 2TB Thunderbolt USB-C 2.5inch 130MB/s shock/dust/water resistant,,185.4,EUR,114602,114602,False
48803391,Fujifilm,Fuji Instax Mini Monochrome BLACK AND WHITE Instant Film - 10 Shot Pack,"Single 10 Shot Pack.Monochrome: Black and white instant film for all instax mini cameras and printers. Bring the instant fun of 'real' photos into your life. Instant photography is amazing and has a quality all of its own.Instax film monochrome enables photographers to expand their artistic potential.This film works with Fujifilm Instax ""Mini"" Instant Camera Series :? 7 / 7s / 8 / 10 / 25 / 30 / 20i / 30i / 25i / 50i / 55i / 50s / 70 / 90 ? Suitable for Fujifilm Instax Share SP-1, SP-2 Smartphone Printer.",,,165928,165928,False
10521942,,Samsung 970 EVO M.2-2280 500GB,Cheap SSD with a capacity of 500GB and super Smooth 3400Mbps read speed and amazingly Smooth 2300Mbps write speed.,7.591E1,GBP,1929047,1929047,False
12470959,Omega,Seamaster Planet Ocean 600 M Omega Co-Axial Chronograph 232.30.46.51.01.002,"It was with OMEGA¡¯s maritime legacy in mind that the brand launched its Planet Ocean line in 2005. The stylish OMEGA Seamaster Planet Ocean 600M pays homage to OMEGA¡¯s dive watch heritage.This model, with its scratch-resistant sapphire crystal, features a black dial with a small seconds dial, a date window and a central chronograph hand. Sixty-minute and 12-hour counters are found on the same dial at the 3 o¡¯clock position, allowing for intuitive reading of the elapsed time. The orange unidirectional rotating divers¡¯ bezel is mounted on a 45.5 mm stainless steel case on a stainless steel bracelet.The OMEGA Seamaster Planet Ocean 600M is water resistant to 600 meters / 2000 feet / 60 bar, and has a helium-escape valve. This certified chronometer timepiece is powered by the OMEGA Co-Axial calibre 9300 which can be seen through the transparent caseback.","8,000.00",USD,5409130,5409130,False
24412073,,"4GB HyperX Fury Black DDR3, 1866MHz, CL10, 1.5V, 240-pin DIMM","4GB HyperX Fury Black DDR3, 1866MHz, CL10, 1.5V, 240-pin DIMM",35.99,CAD,1877306,1877306,False
26703379,,Samsung 970 EVO Plus MZ-V7S500B - solid state drive - 500 GB - PCI Express 3.0 x4 (NVMe),Solid state drive encrypted 500 GB internal M.2 2280 PCI Express 3.0 x4 (NVMe),148.00,USD,416703,416703,False
48541239,,"UAP-AC-IW-5Ubiquiti UniFi AP, AC, In Wall, 5-Pack",,2.75,GHS,1610496,1610496,False
47955451,,Buy Quality Replica Omega Seamaster Planet Ocean 600M Chronograph Watch 215.30.46.51.03.001,Quality AAA Replica Omega Seamaster Planet Ocean 600M Chronograph Watch 215.30.46.51.03.001 from online store for sale.,,,2193117,2193117,False
30218048,,SIGMA 105mm f/1.4 DG HSM Art Lens for Canon EF,SIGMA 105mm f/1.4 DG HSM Art Lens for Canon EF,2.34891E3,NZD,2161920,2161920,False
20278553,Kingston,Th? Nh? Kingston Canvas Select 128GB microSHDC UHS-I Class 10 + SD Adapter (SDCS/128GB),Kingston,0,VND,854253,854253,False
5727991,Kingston,Kingston Hyperx Fury Black Series,,349,SEK,1877306,1877306,False
41771778,Kingston,Kingston 32gb Sdhc Clas10 Uhs? Sds2/32gb,,44.66,TRY,1980656,1980656,False
48124573,RAM Mounts,"RAP-B-201U-A - RAM Composite Short Double Socket Arm for 1"" Balls",,,,3656260,3656260,False
19078926,LaCie,LaCie 2TB Rugged Thunderbolt / USB-C Mobile HDD,,689.0,AED,114602,114602,False
84935968,HydroFlask,HydroFlask 21 oz. Standard Mouth Bottle w/ Flex Cap,Keep life moving with our 21 oz bottle and Standard Flex Cap. It stashes easily and holds enough ice cold goodness to keep you going for hours without weighing you down.,32.95,USD,1558854,1558854,False
86250508,,DDR3 HyperX Fury Blue - 4 Go 1600 MHz - CAS 10,M¨¦moire DDR3 - PC-12800 - Low-Profile,28.99,EUR,836466,836466,False
25138900,Ubiquiti,Ubiquiti UniFi AC In-Wall Access Point WiFi 5-Pack,"UAP-AC-IW - 5 Pack, Indoor, 802.11ac, 5GHz MIMO 2x2, 867Mbps, PoE, 3x 10/100/1000",526.95,EUR,1610496,1610496,False
4727942,,"Ubiquiti UniFi AP AC HD Wave 2 Access Point, Pack of 5","Ubiquiti UniFi AP AC HD Wave 2 Access Point, Pack of 5, 4x4 MU-MIMO, Up to 2333Mbps Total Throughput, 1733Mbps on 5Ghz Band, 800Mbps on 2.4Ghz Band, 4x 3dBi Antennas, Under Eave Installation for Outdoor Use",2639.00,AUD,980563,980563,False
17815464,QBP,SRAM NX Eagle PG-1230 Cassette,"The NX Eagle PG-1230 cassette gives riders every bit of the climbing range that the Eagle ecosystem affords with a simple upgrade to splined-drive body wheels. Designed to be durable enough to withstand the increased demands of E-MTB applications and a perfect solution to heavy-duty use and abuse.Eagle technology provides an expanded, optimum, gear range making you fast on the flats, giving you control on the climbs and unleashing your speed on the descentsThe PG-1230 Eagle cassette meets durability requirements for E-MTB applicationsWide 11-50t gear range - Compatible with a splined driver bodyDesigned to be used with Eagle 12-speed chainsColor:BlackCassette Body Type:Shimano/SRAM 8, 9, 10 SpeedDesigned for ebike:YesDrivetrain Speeds:12Defined Color:BlackCassette Cogs:11-13-15-17-19-22-25-28-32-36-42-50Weight:615 gRange:11-50",100.0,USD,70762,70762,False
91664569,,Double Socket Arm - Long - RAM-B-201U-C,"Long Arm is 6"" for applications requiring more reach.",23.49,USD,1366684,1366684,False
60950283,,Fujifilm Instax Square Instant Film - 10 Photos,The Fujifilm Instax Square Instant Film is for use with the Fuji Instax Square SQ10 Camera. This pack of Fuji Instax Square film contains 10 photos and will produce fantastic mini images at 62x62mm on a film size of 86x72mm. You can also write on the white border with non water based pens.,11.99,GBP,1457721,1457721,False
33918678,DANIEL WELLINGTON,Relgio DANIEL WELLINGTON Classic Sheffield,Relgio DANIEL WELLINGTON Classic Sheffield,169.00,EUR,48610,48610,False
70463691,,SSD SAMSUNG 1TB MZ-V7E1T0BW 970 EVO,,878.00,PLN,106914,106914,False
15662668,,Samsung nGff/m.2 250g 970 EvoP,Samsung nGff/m.2 250g 970 EvoP,1.819E3,ZAR,993500,993500,False
88641225,,"8GB (2x4GB) HyperX Fury Blue DDR3, 1600MHz, CL10, 1.5V, 240-pin DIMM, kit of 2","8GB (2x4GB) HyperX Fury Blue DDR3, 1600MHz, CL10, 1.5V, 240-pin DIMM, kit of 2",74.99,CAD,288081,288081,False
11247447,,Hibiscus 32oz. Wide Mouth Water Bottle,"Big enough for all-day hydration and easy sipping, Hydro Flask's32 oz Wide Mouth Bottle with Straw Lid is made with professional-grade stainless steel and a wider opening for faster fill. We couldn¡¯t think of a bottle more deserving of a refresh, so we¡¯ve elevated the silhouette and simplified design without compromising one degree of performance. And Hydro Flask'sColor Last? powder coat is dishwasher safe for even more convenience. Cold stays ice cold for 24 hours, and hot stays wickedly hot for 12 ¡ª just like always.TempShield?Hydro Flask's unique double-wall vacuum insulation protects temperature for hours. Cold drinks stay icy cold and hot drinks stay piping hot so you can stay refreshed for any adventure.Pro-GradeStainless SteelMade with 18/8 pro-grade stainless steel to ensure pure taste and no flavor transfer - and the durable construction stands up for whatever life brings.Proprietary Powder CoatHydro Flask'sproprietary powder coat means an easy-grip, sweat-free, and extra-durable bottle that you can take anywhere.Product BenefitsTempShield? insulation eliminates condensation and keeps beverages cold up to 24 hours and hot up to 12 hoursDurable 18/8 Pro-Grade Stainless Steel constructionHydro Flask'sWide Mouth refresh features a stainless-steel collar and curved radius at the bottom edge for an updated lookIdeal size for all-day hydrationFits most backcountry hydration filtersBPA-Free and Phthalate-FreeDishwasher safeCompatible with our Hydro Flip Lid and Wide Mouth Straw LidRegistered trademark symbol has been removed from logo and wordmarkLifetime Warranty",44.95,USD,929657,929657,False
59806836,,Standard Mouth Water Bottle with Flex Cap Lid,"Coffee and tea drinkers rejoice - lukewarm drinks are now a thing of the past! The Standard Mouth Hydro Flask withFlexcap Lid will keep your coffee and tea steaming hot for up to 12 hours, or your cold beverage icy cold for up to 24 hours.TheStandard Mouth features a water bottle opening at 1.91inches.Each Hydro Flask is hand cast from double wall vacuum insulated food grade 18/8 stainless steel, therefore they are BPA-Free and resistant to bacteria and odors.Double Wall Vacuum Insulated.Keeps beverages hot up to 12 hours.Keeps beverages cold up to 24 hours.BPA-Free.18/8 Stainless Steel.Signature Powder Coat Finish.Lifetime Warranty.",32.95,USD,1446023,1446023,False
37936289,,Samsung MZ-V7E500 M.2 500 GB PCI Express 3.0 V-NAND MLC NVMe,"SSD 970 EVO, 500GB, PCIe Gen 3.0 x4, NVMe 1.3, M.2 (2280), 8.0264 cm (3.16"") x 0.2286 cm (0.09"") x 2.2098 cm (0.87"")",134.63,EUR,1929047,1929047,False
48767054,,SanDisk USB 2.0 Flash Drive Cruzer Force 16 GB Metallic Black,"With its capacity of 16GB, this reliable flash drive offers enough storage space for even large files such as high-resolution pictures and HD videos. Supplied with the SanDisk SecureAccess software which creates a password protected folder, the Sandisk Cruzer Force memory stick gives your sensitive documents the protection they deserve.Its sturdy metal housing in silver colour looks stunning, while it is very durable and makes this pen drive a long-lasting device. It features the convenient hole so that the pen drive can be connected to a lanyard or key ring to be always close at hand and ready to use. Measuring 7.4 x 34.4 x 12 mm (H x W x D), the Cruzer Force by Sandisk fits every pocket.",6.95,GBP,199603,199603,False
38402834,,Sigma 35mm F1.4 DG HSM Nikon [ART],,4467.00,PLN,900968,900968,False
97348432,,Instax Mini Film Monochrome (10 Exposures),This single pack of Fujifilm instax mini Monochrome Instant Film contains 10 sheets of instant black & white film that is compatible for use with the Fujifilm instax mini series of cameras or instax SHARE printers. This film features neutral gray tonality and normal contrast with natural shadow and highlight response when used under daylight or electronic flash lighting conditions. A refined grain structure provides high image sharpness and clarity as well as a versatile ISO 800 film speed for use with a wide variety of subjects.SpecificationsFilm size : 54(W) x 86(H) mmPicture size : 46(W) x 62(H) mmNumber of prints : 10 per packFilm speed : ISO800,12.0,USD,165928,165928,False
61213908,,Hydro Flask Hydration 32oz 2.0 Wide Black,W32TS001Hydration 32oz Wide Black,5.995E1,AUD,36023,36023,False
44933260,,Blaze Professional 27-Inch 2 Burner Built-In Gas Grill With Rear Infrared Burner & Lights,"Blaze Grills offers an impressive Lifetime Warranty!2 commercial quality 304 cast stainless steel H burners18,000 BTUs of cooking power per burner, for a total of 36,000 BTUs10,000 BTU infrared rear rotisserie burnerRotisserie kit includes a waterproof motorHeavy 12mm stainless steel hexagon cooking rods maximize durability630 square inches of total cooking spacePush and turn flame-thrower primary ignition system delivers a fast start every timeIndividual flash tube secondary ignitionRemovable warming rackHeat zone separators divide the cooking surface into individual temperature zonesFlame stabilizing grids minimize flare-ups while adding a grilled flavorFull-width drip tray and removable baffles for quick clean upDouble-lined grill hood protects outer layer from heat discoloration and maintains more heatIlluminated control knobs for evening gatherings creates a sophisticated appearanceInterior lights help navigate the grilling surface at nightDescriptionBlaze presents the Blaze Professional Grill as a leader in the industry regarding the thickness of its components resulting in irrefutable durability while providing an effective cooking system. By the precision mixing of fuel and oxygen, Blaze Professional achieves extraordinary searing temperatures while maintaining low gas consumption per burner when compared to the top performing grill brands. The Professional Illumination system compliments its unmistakable style giving an appearance to catch every admiring eye! As of March 15, 2016 Blaze gas grills have a lifetime warranty that warrants against any defects in the manufacturing and workmanship of the main burners, cooking grids, body, flame tamers, heat zone separators, warming rack, and control valves. While ignition, electronic, and lighting systems are covered for one (1) year after the date of purchase. Grills must be registered within thirty days for the warranty to apply.Additional informationDIMENSIONS24 1/8"" H x 26 5/8"" W x 28 3/8"" DCUTOUT DIMENSIONS10 1/2"" H x 24 7/8"" W x 23 5/8"" DTOTAL COOKING AREA630 sq.in.NUMBER OF MAIN BURNERS2 BurnersMAIN BURNER CONFIGURATIONAll ConventionalGRILLING SURFACE BTUS36000 BTUROTISSERIE BURNERYesINFRARED MAIN BURNEROptional AccessorySMOKEROptional AccessoryEXTERNAL MATERIAL304 Stainless SteelCOOKING GRID MATERIAL304 Stainless SteelCOOKING GRID DIMENSIONS24 1/2"" W x 19 15/16"" DWARRANTYWARRANTY ON PARTS EFFECTIVE 3-15-16 :Main Burners Lifetime (Parts Only)Cooking Grids Lifetime (Parts Only)Body Lifetime (Parts Only)Flame Tamers + Heat Zone Separators Lifetime (Parts Only)Warming Rack Lifetime (Parts Only)Valves Lifetime (Parts Only)Ignition, Electronics, and Lighting systems 1 year (Parts Only)CONNECTION SIZESNatural Gas (NG): 1/2""Propane (LP): 3/8""",2.49999E3,USD,6766905,6766905,False
95721809,,"DYMO Black on Yellow Label Printer Tape, 24 mm Width, 7 m Length","Machine suitability:- Dymo LabelManager 300, LabelManager PC & Labelwriter duo",67.740,AUD,103881,103881,False
22216118,,RAM? Double Socket Arm B-201-U-A,RAM?Double Socket Arm,,,394619,394619,False
15413783,,Sigma 50mm F1.4 DG HSM Art Lens [Nikon],"The Nikon F mount Sigma 50mm f/1.4 DG HSM Lens is a fast standard-length prime designed to achieve high optical performance through the incorporation of both three Special Low Dispersion glass elements and one molded glass aspherical element. These elements, coupled with an advanced optical design, work to minimize sagittal coma flare and chromatic aberrations in order to provide high image sharpness and clarity. The lens' large diameter and floating system also help to correct for vignetting to ensure maintained peripheral brightness. A Super Multi Coating has been applied to lens elements, too, to reduce flare and ghosting for higher contrast and color fidelity.A Hyper Sonic AF Motor, along with an optimized AF algorithm, produces quiet, smooth, and fast autofocus performance that benefits this lens' use in a wide variety of situations. This AF motor also permits full-time manual focusing control for refined precision by simply turning the focus ring at any time.Sigma Global Vision - ArtAs part of the Art line within Sigma's Global Vision series, this lens' is designed to achieve truly notable optical performance and is ideally suited for creative and artistic applications.Molded Glass Aspherical ElementThis lens has been designed using an advanced optical structure to achieve both high resolution and sharpness along with an aesthetic out-of-focus quality for greater subject separation. A molded glass aspherical element corrects for sagittal coma flare and enables full use of the fast f/1.4 maximum aperture with maintained sharpness and clarity. This design also works to minimize vignetting, color blur, and other distortions help to produce natural and pleasing bokeh for selective focus and shallow depth of field techniques. By reducing these aberrations, this lens is also well-suited to astrophotography or other situations with point-light sources due to its ability to suppress blur near the edges of the frame.Special Low Dispersion Glass ElementsThree SLD (Special Low Dispersion) glass elements have been incorporated within the lens design to correct for axial chromatic aberration throughout the entire focusing range. This helps to ensure maintained image sharpness, clarity, and contrast regardless of focus point or aperture setting.Large Diameter LensIn designing the lens with a large 85.4mm diameter, and placing the widest elements within the front group, greater peripheral brightness is more easily attained when working with larger apertures. This design also lends itself to minimizing vignetting throughout the aperture range for greater clarity and detail across the image frame.Super Multi-Layer CoatingA Super Multi-Layer Coating has been applied to lens elements in order to minimize lens flare and ghosting and contribute to producing contrast-rich and color-neutral imagery, even in backlit conditions.Floating SystemBy employing a floating system, the distance between glass elements is adjusted during focusing in order to limit the amount of lens movement required when shooting. This floating system helps to realize a minimum focusing distance of 1.3' with a maximum magnification of 1:5.6. Additionally, this design also contributes to high detail rendering capabilities throughout the entire focusing range.Hyper Sonic AF MotorThe integrated HSM (Hyper Sonic Motor) realizes quick and quiet autofocusing, which is further complemented by an optimized AF algorithm to produce smoother focusing performance. The HSM also permits full-time manual focus control simply by rotating the focus ring at any time.Other Lens FeaturesA rounded nine-blade diaphragm helps to produce an attractive out-of-focus quality.The lens is constructed using a Thermally Stable Composite (TSC) material, along with traditional metals, for greater precision and use in wide temperature variations.The outside of the lens barrel is also engraved with the year of production.The bayonet mount is constructed from brass for ensured accuracy and durability.The included lens hood is fitted with a rubber connection for a secure fit.This lens is compatible with the optional Sigma USB Dock for fine-tuning different lens characteristics and updating its firmware.",9.49E2,USD,393711,393711,False
96925124,,"Kingston HX316C10FBK2/8 (DDR3, 2x 4 Gb, 1600 , CL10-10-10, DIMM)",,3670,RUB,702149,702149,False
46276597,Blaze Outdoor Products,Blaze 2 Burner Professional Built-In Propane Gas Grill,"Blaze presents the Blaze Professional Grill as a leader in the industry regarding the thickness of its components resulting in irrefutable durability while providing an effective cooking system. By the precision mixing of fuel and oxygen, Blaze Professional achieves extraordinary searing temperatures while maintaining low gas consumption per burner when compared to the top performing grill brands. The Professional¡¯s Illumination system compliments its unmistakable style giving an appearance to catch every admiring eye!Dimensions: 24-1/8"" H x 26-5/8"" W x 28-3/8"" D",2499.99,USD,6766905,6766905,False
1970599,RAM Mounts,"RAM Short Double Socket Arm 1"" Balls",,24.95,AUD,394619,394619,False
81178964,Sandisk,Pendrive 3.0 Sandisk Ultra Flair 32 GB,,8395,CLP,292826,292826,False
6002122,,LOGITECH - STEREO HEADSET H151 ANALOG - EMEAIN ACCS,LOGITECH STEREO HEADSET H151 ANALOG - EMEAIN ACCS (981-000589) - TYPE: Wired Headset,,,122031,122031,False
92734144,,Kingston DDR3 4GB 1600MHz HX316C10F/4,,21.5,EUR,836466,836466,False
11533001,,Kingston 32GB microSDHC Canvas Select 80MB/s C10 UHS-I,,22,PLN,595102,595102,False
98066391,,ASUS Scheda Madre ROG STRIX X570-F GAMING AMD,," 336,00",EUR,80156,80156,False
65825803,,Blaze 32-Inch 4-Burner LTE Built-In Natural Gas Grill With Rear Infrared Burner & Grill Lights,"Blaze presents to you an affordable way to upgrade your BBQ desires and your outdoor kitchen experience into another level with this Blaze LTE Gas Grill with Rear Burner and Built-in Lighting System. Itfeatures precision cut and is made with304 stainless steel components which bring the promise of lasting durability to your outdoor BBQ. Each burnerdelivers 14,000 BTUs of cooking power, for a total cooking surface of 56,000 BTUs plus10,000 BTU infrared rear rotisserie burner which enhances your cooking in a different way and you will surely reach the temperature you need for your BBQ.It hasPush and turn flame-thrower primary ignition and itsFlash tube ignition and crossovers provide an alternate ignition option.Heat zone separators divide the cooking surface into individual temperature zones with a removable warming rack.OVERVIEW:4 commercial quality 304 cast stainless steel burnersTotal grill BTUs equal 66,000Heavy 9mm triangular stainless steel cooking rods740 square inches of total cooking spacePush and turn flame-thrower primary ignition systemFlash tube ignition and crossoversRemovable warming rackHeat zone separatorsFull-width drip trayIlluminated control knobsInterior lightsDouble-lined grill hoodDIMENSIONS: Overall Dimensions: Width:32.50 Inch Depth:25.75 Inch Height:21.25 Inch Cut-Out Dimensions: Width:30.63 Inch Depth:21.25 Inch Height:08.50 InchMANUFACTURER'S DOWNLOADS Blaze LTE Grill Manual Blaze Cutout Specifications Blaze Infrared Searing Burner Instructions",1.84999E3,USD,1435805,1435805,False
54361651,,Ultra Flair 32GB USB 3.0,"The SanDisk Ultra Flair USB 3.0 flash drive moves your files fast. Spend less time waiting to transfer files and enjoy high-speed USB 3.0 performance of up to 150MB/s1. Its durable and sleek metal casing is tough enough to handle knocks with style. And, with password protection, you can rest assured that your private files stay private2. Store your files in style with the SanDisk Ultra Flair USB 3.0 flash drive.",12.39,EUR,292826,292826,False
42042734,,5 Pack: UniFi AC PRO In/Out 3x3 2.4 & 5GHz 802.3af-at PoE+ not incl (UAP-AC-PRO-5),5 Pack avUBI-UAP-AC-PRO,7585.00,SEK,68127,68127,False
65301145,,32oz (946mL) Wide Mouth 2.0,"Fresh look for a fan favourite. Big enough for a whole day on the water or in the trails, our 32oz (946mL) Wide Mouth Bottle is made with professional-grade stainless steel and a wider opening for faster fill. We couldn¡¯t think of a bottle more deserving of a refresh, so we¡¯ve elevated the silhouette and simplified design without compromising one degree of performance. And our Color Last? powder coat is dishwasher safe for even more convenience. Cold stays ice cold for 24 hours, and hot stayssteaming for 12 ¡ª just like always. Product Benefits Ideal size for all-day hydration Fits...",79.99,NZD,489587,489587,False
67549983,,HyperX Fury Black Series 4GB 1600MHz DDR3 CL10 DIMM Desktop Memory,"Easy to install - features plug-and-play functionality, Automatic overclocking - reach faster speeds and higher capacities by installing the..., Reliable - 100% factory tested",17.98,GBP,1824443,1824443,False
45676063,,"Kingston 32GB microSD Canvas Select, Class 10 + SD adapter","Kingston¡¯s Canvas Select? microSD card is designed to be reliable, making it ideal for filming in HD and shooting high-resolution photos. You can be confident that your memories will be safe when documenting life¡¯s adventures on your Android? smartphone or point-and-shoot camera. It¡¯s available in multiple capacities up to 256GB*, to provide plenty of space to capture an entire trip. Kingston Canvas cards are tested to be durable, so you can take them anywhere with the confidence that your photos, videos and other data will be protected, even in harsh or unstable conditions.**Class 10 UHS-I speeds up to 80MB/s read***Multiple capacities up to 256GB*Built and tested to withstand harsh environments* Some of the listed capacity on a Flash storage device is used for formatting and other functions and is thus not available for data storage.As such, the actual available capacity for data storage is less than what is listed on the products. For more information, go to Kingston¡¯s Flash Guide at kingston.com/flashguide.** IEC/EN 60529 IPX7 certified for protection against continual water submersion for up to 30 min. and a depth of up to 1m. Withstands temperature range from -25 ¡ãC to 85 ¡ãC. Based on MIL-STD-883H, METHOD 2002.5 military standard test method. Protected against X-ray exposure based on ISO7816-1 guidelines.*** Speed may vary due to host and device configuration.spesifikasjoner:Capacity32 GBFlash card typeMicroSDFlash memory classClass 10Read speed80 MB/sWrite speed10 MB/sInternal memory typeUHS-IUHS Speed ClassClass 1 (U1)Write protection switchYesOther operating systems supportedAndroidColour of productBlackProtection featuresShock resistant, Temperature proof, Vibration proof, Water resistant, X-ray-prooCertificationCE, VCCI, FCCMemory voltage3.3 VOperating temperature range (T-T)-25 - 85 ¡ãCStorage temperature (T-T)-40 - 85 ¡ãCSD adapter dimensions (WxDxH)24 x 2.1 x 32 mmWidth11 mmDepth1 mmHeight15 mmQuantity per pack1Memory adapter includedSDPackaging typeBlisterSupported file systemsFAT32,exFAT",1.49E2,NOK,595102,595102,False
72393353,,Flash Memory 16GB SanDisk (Cruzer Force) Metal,Compact Design for Maximum Portability. Store more with capacities up to 16gb 2-year limited warranty. High-Capacity Drive Accommodates Your Favorite Media Files,69,EGP,199603,199603,False
94565040,Omega,Omega Seamaster Planet Ocean 600m Omega Co-Axial Master Chronometer Chronograph 45.5mm - 215.32.46.51.01.001,"An exquisite watch will always deliver sophistication and style- and this timepiece from Omega brings you just that. With a Rotating (diver time) bezel, this treasure represents thorough craftsmanship.",8350.00,USD,1476532,1476532,False
32212233,,Sigma 50mm f/1.4 DG HSM | Art - Nikon F Nikon Lenses (F mount) 311955,Sigma 50mm f/1.4 DG HSM | Art - Nikon F Nikon Lenses (F mount) 311955. The Sigma 50mm f/1.4 DG HSM (Art) prime lens delivers superb image quality and performs to a very high standard in most types of photographic styles.. Sigma. 311955. 085126311551,569,GBP,393711,393711,False
2563741,,Sig Sauer ROMEO Zero Reflex Sight 1X Power 6MOA Dot,"No one understands the need for uncompromising accuracy better than SIG SAUER. SIG has developed truly game-changing optics for all types of shooters: military, law enforcement, hunters and competitive shooters.Advanced electronic technologiesMilitary-inspired designsMaximum clarity, accuracy and performanceUPC798681618965ManufacturerSig SauerManufacturer Part #SOR01600ModelROMEO ZeroTypeRed DotPower1XObjectiveNAReticleRed DotColorBlackSize6MOASubcategoryRed Dot Sights & Non-Magnified Optics",199.99,USD,84284,84284,True
78329795,Flash Furniture,"Commercial Grade 30"" High Backless Yellow Metal Indoor-Outdoor Barstool with Square Seat","Let the clean lines and simple design of this square, industrial style barstool add a modern appearance to your home or business with this colorful bar height stool. This space-saving stool is stackable making it great for storing. This stool features a backless, lightweight design that is easy to move from your dining room to the patio or sidewalk. A cross brace underneath the seat adds extra stability and features plastic caps that prevent the finish from scratching when stacked. The lower support brace doubles as a footrest and protective floor glides prevent damage to flooring. This all-weather use stool is great for indoor and outdoor settings. For longevity, care should be taken to protect from long periods of wet weather. The unique design of this backless stool gives it the versatility to be used in multiple spaces.",38.49,USD,3812470,3812470,True
95595870,,Replica watch Replica Rolex Datejust 31 18 ct Everose gold M278275-0027,"Are you looking for the AAA qualitywith low price replica Replica Rolex Datejust 31 18 ct Everose gold M278275-0027 watch? Watchesyoga.co will be your good choice,We can offer Grand choice 1:1 Replica watches include almost all luxury brands,Offer the best replicas with a reasonable price,It is the best Choice below $300.Basic information for Genuine watchSpecificationsReference: 278275Model case: Oyster, 31 mm, Everose goldOyster architecture: Monobloc middle case, screw-down case back and winding crownDiameter: 31 mmMaterial: 18 ct Everose goldBezel: FlutedWinding crown: Screw-down, Twinlock double waterproofness systemCrystal: Scratch-resistant sapphire, Cyclops lens over the dateWater-resistance: Waterproof to 100 metres/330 feetMovement: Perpetual, mechanical, self-windingCalibre: 2236, Manufacture RolexPrecision: -2/+2 sec/day, after casingFunctions: Centre hour, minute and seconds hands. Instantaneous date with rapid setting. Stop-seconds for precise time settingOscillator: Syloxi hairspring in silicon with patented geometry. High-performance Paraflex shock absorbersWinding: Bidirectional self-winding via Perpetual rotorPower reserve: Approximately 55 hoursBracelet: President, semi-circular three-piece linksBracelet material: 18 ct Everose goldClasp: Concealed folding CrownclaspDial: Dark rhodiumCertification: Superlative Chronometer (COSC + Rolex certification after casing)Buy High quality Replica Tag Heuer Carrera Calibre 16 Chronograph 41mm Mens Watch CBM2110.BA0651 From China with low Price,Cheap 1:1 fake tag heuer Carrera CBM2110.BA0651 perfect functions.",122.4,USD,29785216,29785216,True
60354976,,CH-31320-30-YL-GG 30 High Backless Yellow Metal Indoor-Outdoor Barstool with Square Seat by Flash Furniture,,67.67,USD,3812470,3812470,True
36173989,Flash Furniture,"Commercial Grade 30"" High Backless Black-Antique Gold Metal Indoor-Outdoor Barstool with Square Seat","Let the clean lines and simple design of this square, industrial style barstool add a modern appearance to your home or business with this colorful bar height stool. This space-saving stool is stackable making it great for storing. This stool features a backless, lightweight design that is easy to move from your dining room to the patio or sidewalk. A cross brace underneath the seat adds extra stability and features plastic caps that prevent the finish from scratching when stacked. The lower support brace doubles as a footrest and protective floor glides prevent damage to flooring. This all-weather use stool is great for indoor and outdoor settings. For longevity, care should be taken to protect from long periods of wet weather. The unique design of this backless stool gives it the versatility to be used in multiple spaces.",41.99,USD,6041456,6041456,True
31519425,,"Flash Furniture 30'' High Backless Metal Indoor/Outdoor Barstool w/Square Seat, Black/Antique Gold (CH3132030BQ)","Staples.com: Flash Furniture 30'' High Backless Metal Indoor/Outdoor Barstool, Black/Antique Gold with Square Seat (CH3132030BQ) with fast and free shipping on select orders.",60.99,USD,6041456,6041456,True
17954127,,CH-31320-30-BK-GG 30 High Backless Black Metal Indoor-Outdoor Barstool with Square Seat by Flash Furniture,,67.67,USD,1001541,1001541,True
19692352,Flash Furniture,"Commercial Grade 30"" High Backless Black Metal Indoor-Outdoor Barstool with Square Seat","Let the clean lines and simple design of this square, industrial style barstool add a modern appearance to your home or business with this colorful bar height stool. This space-saving stool is stackable making it great for storing. This stool features a backless, lightweight design that is easy to move from your dining room to the patio or sidewalk. A cross brace underneath the seat adds extra stability and features plastic caps that prevent the finish from scratching when stacked. The lower support brace doubles as a footrest and protective floor glides prevent damage to flooring. This all-weather use stool is great for indoor and outdoor settings. For longevity, care should be taken to protect from long periods of wet weather. The unique design of this backless stool gives it the versatility to be used in multiple spaces.",38.49,USD,1001541,1001541,True
73410434,,Copy Rolex Datejust 31 Oystersteel 18 ct yellow gold M278343RBR-0019 Silver set with diamonds Dial,"Buy Copy Rolex Datejust 31 Oystersteel 18 ct yellow gold M278343RBR-0019 Silver set with diamonds Dial OnlineSpecificationsReference: 278343RBRModel case: Oyster, 31 mm, Oystersteel, yellow gold and diamondsOyster architecture: Monobloc middle case, screw-down case back and winding crownDiameter: 31 mmMaterial: Yellow Rolesor - combination of Oystersteel and 18 ct yellow goldBezel: Domed, set with diamondsWinding crown: Screw-down, Twinlock double waterproofness systemCrystal: Scratch-resistant sapphire, Cyclops lens over the dateWater-resistance: Waterproof to 100 metres / 330 feetMovement: Perpetual, mechanical, self-windingCalibre: 2236, Manufacture RolexPrecision: -2/+2 sec/day, after casingFunctions: Centre hour, minute and seconds hands. Instantaneous date with rapid setting. Stop-seconds for precise time settingOscillator: Syloxi hairspring in silicon with patented geometry. High-performance Paraflex shock absorbersWinding: Bidirectional self-winding via Perpetual rotorPower reserve: Approximately 55 hoursBracelet: Oyster, flat three-piece linksBracelet material: Yellow Rolesor - combination of Oystersteel and 18 ct yellow goldClasp: Folding Oysterclasp with Easylink 5 mm comfort extension linkDial: Silver set with diamondsGem-setting: Diamonds in 18 ct gold settingsCertification: Superlative Chronometer (COSC + Rolex certification after casing)Our watches are in a price range between $100 to $500. Of course, we carry the latest models of well-known manufacturers such as Rolex, Omega, Cartier, TAG Heuer, Breitling. The latest models such as the Rolex replicas are offered here directly as a replica watch when the original appear in the bontique. We are just as up to date as your watches concessionaire around the corner. That's why we recommend you to visit our website regularly. Here in our online store, Swiss Replica Rolex Datejust 31 Oystersteel 18 ct yellow gold M278343RBR-0019 Silver set with diamonds Dial at cheap discount.",135,USD,65412764,65412764,True
80693528,,Copy Rolex Datejust 31 Oystersteel 18 ct white gold M178274-0043 Pink mother-of-pearl set with diamonds Dial,"Buy Copy Rolex Datejust 31 Oystersteel 18 ct white gold M178274-0043 Pink mother-of-pearl set with diamonds Dial OnlineSpecificationsReference: 178274Model case: Oyster, 31 mm, Oystersteel and white goldOyster architecture: Monobloc middle case, screw-down case back and winding crownDiameter: 31 mmMaterial: White Rolesor - combination of Oystersteel and 18 ct white goldBezel: FlutedWinding crown: Screw-down, Twinlock double waterproofness systemCrystal: Scratch-resistant sapphire, Cyclops lens over the dateWater-resistance: Waterproof to 100 metres / 330 feetMovement: Perpetual, mechanical, self-windingCalibre: 2235, Manufacture RolexPrecision: -2/+2 sec/day, after casingFunctions: Centre hour, minute and seconds hands. Instantaneous date with rapid setting. Stop-seconds for precise time settingWinding: Bidirectional self-winding via Perpetual rotorPower reserve: Approximately 48 hoursBracelet: Jubilee, five-piece linksBracelet material: OystersteelClasp: Concealed folding CrownclaspDial: Pink mother-of-pearl set with diamondsGem-setting: Diamonds in 18 ct gold settingsCertification: Superlative Chronometer (COSC + Rolex certification after casing)Purchasing a genuine luxury watch will cost you more than $5,000. Nevertheless, you can buy the best replica watches that have the exact same Swiss accuracy timekeeping mechanisms and classic styling for around $150. The reproduction at the really top of the industry appearance and run therefore much like their much more expensive counterparts that unless you are an expert watchmaker, you will never be in a position to inform the distinction. This makes them one of the absolute most extremely tried after luxury things of the period. Here in our online store, Swiss Replica Rolex Datejust 31 Oystersteel 18 ct white gold M178274-0043 Pink mother-of-pearl set with diamonds Dial at cheap discount.",135,USD,42668736,42668736,True
14625144,,SIG Sauer ROMEO Zero Reflex Sight - 6 MOA,"DetailsThe SIG Sauer ROMEO Zero red dot sight features an ultra-compact, lightweight, and durable design optimized for compact and sub compact concealed carry pistols. Unlike other pistol red dot sights, the ROMEO Zero is fully made from reinforced polymer including the lens which has been teste to withstand up to 10 times the impact force that a traditional glass lens can withstand. It features a highly efficient LED emitter that is 8 times more efficient than other red dots and can last up to 10 years on a single CR1632 battery. Additionally, the MOTAC motion activated system will turn off the 6 MOA red dot when sitting still and will automatically turn on the moment your pistol begins to move. An integrated rear sight is compatible with the standard front sight on the SIG P365 handguns allowing you to use your iron sights as an indexing point to quickly find the red dot.Compatible Mounts:Shield RMS-cJ-PointNot compatible with ROMEO1 mountsFeatures:6 MOA dot reticlePolymer body and lensSpectraCoat HD lens coatingOptimized for slim or sub compact pistols8 brightness adjustment settingsMOTAC motion activated LED10 year 20,000 hour battery lifeSig Sauer is a world-renowned firearms manufacturer with a rich history of innovation and design leadership. No other firearms manufacturer is so highly regarded and so universally respected for the quality, reliability, and safety of its products. Since 1864 they have expanded their product line to include suppressors, optics, ammo, and airguns to provide customers with a greater range of firearms and equipment.See More",$199.99,USD,84284,84284,True
46111013,,Flash Furniture CH-31320-30-SIL-GG 30'' High Backless Silver Metal Indoor-Outdoor Barstool with Square Seat,"The clean lines and simple design of this square, industrial style barstool will look great on your outdoor patio or inside your bar/restaurant.This stylish metal stool has a cross brace under the seat for added support and stability. Plastic bumpers on the cross brace protect the stool's finish when stacking these stools. A drain hole in the center of the seat allows water to drain, preventing rust. The lower support brace doubles as a footrest, and plastic floor glides protect your floor by sliding smoothly when moving it. Galvanized steel construction and a powder coat finish ensure durability and easy maintenance.Designed for both commercial and residential use, this trend-setting barstool is a great choice for your restaurant's outdoor dining area or your home bar. [CH-31320-30-SIL-GG] Product Features Stackable Industrial Style Modern Stool 500 lb. Weight Capacity Stacks 4 to 8 High Backless Design Drain Hole in Seat Seat Size: 12''W Silver Powder Coat Finish Galvanized Steel Construction Cross Brace under seat provides extra stability Plastic Caps on cross brace protect finish when stacked Footrest Protective Plastic Floor Glides Lightweight Design Designed for Indoor and Outdoor Use Designed for Commercial and Residential Use Arms: Big and Tall: Finish:: Silver Powder Coat Material: Galvanized Steel, Metal, Plastic Frame Material: Metal Seat Material: Metal Returnable: Yes Frame Color: Gray Seat Color: Gray Product Dimensions: Seat-Size: 12""W x 12""D Seat Height: 30""H Overall Dimension: 17""W x 17""D x 30""H",3.799E1,USD,5779737,5779737,True
93561637,,Rolex Datejust 31 Oystersteel 18 ct yellow gold M278243-0013 Champagne-colour Dial,"We offer you all world famous best replica watches, with same appearance, same quality and same material, you cannot tell which one is a replica just with your eyes at all. We own coadjutant factory and professional artisan. We are professional in manufacturing world top-ranking wristwatches of Rolex, Omega, Patek Philippe, IWC, Breitling, TAG Heuer, Hublot, Jaeger-Lecoulter, Panerai, Chopard, Cartier. Here in our online store, Purchase top quality replica Rolex Datejust 31 Oystersteel 18 ct yellow gold M278243-0013 Champagne-colour Dial watches at Cloudwatches.co.Replica Watch DetailsSpecificationsReference: 278243Model case: Oyster, 31 mm, Oystersteel and yellow goldOyster architecture: Monobloc middle case, screw-down case back and winding crownDiameter: 31 mmMaterial: Yellow Rolesor combination of Oystersteel and 18 ct yellow goldBezel: DomedWinding crown: Screw-down, Twinlock double waterproofness systemCrystal: Scratch-resistant sapphire, Cyclops lens over the dateWater-resistance: Waterproof to 100 metres / 330 feetMovement: Perpetual, mechanical, self-windingCalibre: 2236, Manufacture RolexPrecision: -2/+2 sec/day, after casingFunctions: Centre hour, minute and seconds hands. Instantaneous date with rapid setting. Stop-seconds for precise time settingOscillator: Syloxi hairspring in silicon with patented geometry. High-performance Paraflex shock absorbersWinding: Bidirectional self-winding via Perpetual rotorPower reserve: Approximately 55 hoursBracelet: Oyster, flat three-piece linksBracelet material: Yellow Rolesor combination of Oystersteel and 18 ct yellow goldClasp: Folding Oysterclasp with Easylink 5 mm comfort extension linkDial: Champagne-colourCertification: Superlative Chronometer (COSC + Rolex certification after casing)",152,USD,10390905,10390905,True
83585474,,Copy Rolex Datejust 31 18 ct Everose gold M278275-0027 Dark rhodium Dial,"Buy Copy Rolex Datejust 31 18 ct Everose gold M278275-0027 Dark rhodium Dial OnlineSpecificationsReference: 278275Model case: Oyster, 31 mm, Everose goldOyster architecture: Monobloc middle case, screw-down case back and winding crownDiameter: 31 mmMaterial: 18 ct Everose goldBezel: FlutedWinding crown: Screw-down, Twinlock double waterproofness systemCrystal: Scratch-resistant sapphire, Cyclops lens over the dateWater-resistance: Waterproof to 100 metres / 330 feetMovement: Perpetual, mechanical, self-windingCalibre: 2236, Manufacture RolexPrecision: -2/+2 sec/day, after casingFunctions: Centre hour, minute and seconds hands. Instantaneous date with rapid setting. Stop-seconds for precise time settingOscillator: Syloxi hairspring in silicon with patented geometry. High-performance Paraflex shock absorbersWinding: Bidirectional self-winding via Perpetual rotorPower reserve: Approximately 55 hoursBracelet: President, semi-circular three-piece linksBracelet material: 18 ct Everose goldClasp: Concealed folding CrownclaspDial: Dark rhodiumCertification: Superlative Chronometer (COSC + Rolex certification after casing)Are you looking for the cheap and best quality replica watches? bestrepwatch is here to serve you. Purchasing tremendous quality replica watches never ever been easier. Trustworthy vendors provide them, that can prompt you to feel like a VIP superstar. And do you understand exactly what the best component is? They're therefore affordable which you can have more than one. Each luxury thing provides you the capability to make a declaration about whom you are and where you are going in life. And you can get all of them without breaking the finances or having to have millions of bucks in the wallet. Now, wearing replica watch on your wrist, to informs men and women that you have actually made it! Here in our online store, Swiss Replica Rolex Datejust 31 18 ct Everose gold M278275-0027 Dark rhodium Dial at cheap discount.",135,USD,29785216,29785216,True
35807638,Flash Furniture,"Commercial Grade 30"" High Backless Silver Metal Indoor-Outdoor Barstool with Square Seat","Let the clean lines and simple design of this square, industrial style barstool add a modern appearance to your home or business with this colorful bar height stool. This space-saving stool is stackable making it great for storing. This stool features a backless, lightweight design that is easy to move from your dining room to the patio or sidewalk. A cross brace underneath the seat adds extra stability and features plastic caps that prevent the finish from scratching when stacked. The lower support brace doubles as a footrest and protective floor glides prevent damage to flooring. This all-weather use stool is great for indoor and outdoor settings. For longevity, care should be taken to protect from long periods of wet weather. The unique design of this backless stool gives it the versatility to be used in multiple spaces.",36.98,USD,5779737,5779737,True
20940811,,Replica watch Replica Rolex Datejust 31 Oystersteel 18 ct yellow gold M278273-0003,"Buy a High quality fake Replica Rolex Datejust 31 Oystersteel 18 ct yellow gold M278273-0003 I think is the best choice when you have no enough budget to buy a Genuine watch,We only offer AAA 1:1 replica watch,perfect functions,1:1 look and only cost you about $150.Basic information for Genuine watchSpecificationsReference: 278273Model case: Oyster, 31 mm, Oystersteel and yellow goldOyster architecture: Monobloc middle case, screw-down case back and winding crownDiameter: 31 mmMaterial: Yellow Rolesor - combination of Oystersteel and 18 ct yellow goldBezel: FlutedWinding crown: Screw-down, Twinlock double waterproofness systemCrystal: Scratch-resistant sapphire, Cyclops lens over the dateWater-resistance: Waterproof to 100 metres/330 feetMovement: Perpetual, mechanical, self-windingCalibre: 2236, Manufacture RolexPrecision: -2/+2 sec/day, after casingFunctions: Centre hour, minute and seconds hands. Instantaneous date with rapid setting. Stop-seconds for precise time settingOscillator: Syloxi hairspring in silicon with patented geometry. High-performance Paraflex shock absorbersWinding: Bidirectional self-winding via Perpetual rotorPower reserve: Approximately 55 hoursBracelet: Oyster, flat three-piece linksBracelet material: Yellow Rolesor - combination of Oystersteel and 18 ct yellow goldClasp: Folding Oysterclasp with Easylink 5 mm comfort extension linkDial: Silver set with diamondsGem-setting: Large VI set with diamondsCertification: Superlative Chronometer (COSC + Rolex certification after casing)1:1 quality fake TAG Heuer Carrera Calibre 16 CBM2112.FC6455 on sale with low price,AAA replica tag heuer Carrera CBM2112.FC6455 with best service for you.",122.4,USD,72054429,72054429,True
75134238,Flash,"30"" High Silver Metal Barstool with Back and Wood Seat",Call VQV Interior Design Specialists Now 877-878-8770 to find the furniture and accessories you need... with Savings up to 70%.,83.65,USD,276201,276201,True
92349357,,Rolex Datejust 31 Oystersteel 18 ct yellow gold M278343RBR-0019 Replica,"To buy a Genuine Rolex Datejust 31 Oystersteel 18 ct yellow gold M278343RBR-0019 May cost Several thousands,Yes,It is a good idea to buy one,This Luxury watches is look so good,But if you just want try some other style,or you have no enough budget,I recommend our AAA 1:1 replica watch,perfect functions,1:1 look and only cost you about $150.Basic information for Genuine watchSpecificationsReference: 278343RBRModel case: Oyster, 31 mm, Oystersteel, yellow gold and diamondsOyster architecture: Monobloc middle case, screw-down case back and winding crownDiameter: 31 mmMaterial: Yellow Rolesor - combination of Oystersteel and 18 ct yellow goldBezel: Domed, set with diamondsWinding crown: Screw-down, Twinlock double waterproofness systemCrystal: Scratch-resistant sapphire, Cyclops lens over the dateWater-resistance: Waterproof to 100 metres/330 feetMovement: Perpetual, mechanical, self-windingCalibre: 2236, Manufacture RolexPrecision: -2/+2 sec/day, after casingFunctions: Centre hour, minute and seconds hands. Instantaneous date with rapid setting. Stop-seconds for precise time settingOscillator: Syloxi hairspring in silicon with patented geometry. High-performance Paraflex shock absorbersWinding: Bidirectional self-winding via Perpetual rotorPower reserve: Approximately 55 hoursBracelet: Oyster, flat three-piece linksBracelet material: Yellow Rolesor - combination of Oystersteel and 18 ct yellow goldClasp: Folding Oysterclasp with Easylink 5 mm comfort extension linkDial: Silver set with diamondsGem-setting: Diamonds in 18 ct gold settingsCertification: Superlative Chronometer (COSC + Rolex certification after casing)Notice: Thereplica Rolex Datejust m278343rbr-0019 is look perfect,inside the watch is Asian Movement,Automatic or Quartz(if the watch have Chronograph or Genuine is quartz).No Genuine Box and paper default,If you need,you can buy one on our site.",121.5,USD,65412764,65412764,True
20665199,,Replica watch Rolex Datejust 31 Oystersteel 18 ct yellow gold M278243-0013,"Are you looking for the AAA qualitywith low price replica Rolex Datejust 31 Oystersteel 18 ct yellow gold M278243-0013 watch? Watchesyoga.co will be your good choice,We can offer Grand choice 1:1 Replica watches include almost all luxury brands,Offer the best replicas with a reasonable price,It is the best Choice below $300.Basic information for Genuine watchSpecificationsReference: 278243Model case: Oyster, 31 mm, Oystersteel and yellow goldOyster architecture: Monobloc middle case, screw-down case back and winding crownDiameter: 31 mmMaterial: Yellow Rolesor - combination of Oystersteel and 18 ct yellow goldBezel: DomedWinding crown: Screw-down, Twinlock double waterproofness systemCrystal: Scratch-resistant sapphire, Cyclops lens over the dateWater-resistance: Waterproof to 100 metres/330 feetMovement: Perpetual, mechanical, self-windingCalibre: 2236, Manufacture RolexPrecision: -2/+2 sec/day, after casingFunctions: Centre hour, minute and seconds hands. Instantaneous date with rapid setting. Stop-seconds for precise time settingOscillator: Syloxi hairspring in silicon with patented geometry. High-performance Paraflex shock absorbersWinding: Bidirectional self-winding via Perpetual rotorPower reserve: Approximately 55 hoursBracelet: Oyster, flat three-piece linksBracelet material: Yellow Rolesor - combination of Oystersteel and 18 ct yellow goldClasp: Folding Oysterclasp with Easylink 5 mm comfort extension linkDial: Champagne-colourCertification: Superlative Chronometer (COSC + Rolex certification after casing)Buy High quality Replica Tag Heuer Carrera Calibre 16 Chronograph 41mm Mens Watch CBM2110.BA0651 From China with low Price,Cheap 1:1 fake tag heuer Carrera CBM2110.BA0651 perfect functions.",122.4,USD,10390905,10390905,True
49754990,,CH-31320-30-OR-GG 30 High Backless Orange Metal Indoor-Outdoor Barstool with Square Seat by Flash Furniture,,67.67,USD,276201,276201,True
95017941,,Copy Rolex Datejust 31 Oystersteel 18 ct yellow gold M278273-0003 Silver set with diamonds Dial,"Buy Copy Rolex Datejust 31 Oystersteel 18 ct yellow gold M278273-0003 Silver set with diamonds Dial OnlineSpecificationsReference: 278273Model case: Oyster, 31 mm, Oystersteel and yellow goldOyster architecture: Monobloc middle case, screw-down case back and winding crownDiameter: 31 mmMaterial: Yellow Rolesor - combination of Oystersteel and 18 ct yellow goldBezel: FlutedWinding crown: Screw-down, Twinlock double waterproofness systemCrystal: Scratch-resistant sapphire, Cyclops lens over the dateWater-resistance: Waterproof to 100 metres / 330 feetMovement: Perpetual, mechanical, self-windingCalibre: 2236, Manufacture RolexPrecision: -2/+2 sec/day, after casingFunctions: Centre hour, minute and seconds hands. Instantaneous date with rapid setting. Stop-seconds for precise time settingOscillator: Syloxi hairspring in silicon with patented geometry. High-performance Paraflex shock absorbersWinding: Bidirectional self-winding via Perpetual rotorPower reserve: Approximately 55 hoursBracelet: Oyster, flat three-piece linksBracelet material: Yellow Rolesor - combination of Oystersteel and 18 ct yellow goldClasp: Folding Oysterclasp with Easylink 5 mm comfort extension linkDial: Silver set with diamondsGem-setting: Large VI set with diamondsCertification: Superlative Chronometer (COSC + Rolex certification after casing)Purchasing a genuine luxury watch will cost you more than $5,000. Nevertheless, you can buy the best replica watches that have the exact same Swiss accuracy timekeeping mechanisms and classic styling for around $150. The reproduction at the really top of the industry appearance and run therefore much like their much more expensive counterparts that unless you are an expert watchmaker, you will never be in a position to inform the distinction. This makes them one of the absolute most extremely tried after luxury things of the period. Here in our online store, Swiss Replica Rolex Datejust 31 Oystersteel 18 ct yellow gold M278273-0003 Silver set with diamonds Dial at cheap discount.",150,USD,72054429,72054429,True
57698050,,Replica watch Copy Rolex Datejust 31 Oystersteel 18 ct white gold M178274-0043,"Buy a High quality fake Copy Rolex Datejust 31 Oystersteel 18 ct white gold M178274-0043 I think is the best choice when you have no enough budget to buy a Genuine watch,We only offer AAA 1:1 replica watch,perfect functions,1:1 look and only cost you about $150.Basic information for Genuine watchSpecificationsReference: 178274Model case: Oyster, 31 mm, Oystersteel and white goldOyster architecture: Monobloc middle case, screw-down case back and winding crownDiameter: 31 mmMaterial: White Rolesor - combination of Oystersteel and 18 ct white goldBezel: FlutedWinding crown: Screw-down, Twinlock double waterproofness systemCrystal: Scratch-resistant sapphire, Cyclops lens over the dateWater-resistance: Waterproof to 100 metres/330 feetMovement: Perpetual, mechanical, self-windingCalibre: 2235, Manufacture RolexPrecision: -2/+2 sec/day, after casingFunctions: Centre hour, minute and seconds hands. Instantaneous date with rapid setting. Stop-seconds for precise time settingWinding: Bidirectional self-winding via Perpetual rotorPower reserve: Approximately 48 hoursBracelet: Jubilee, five-piece linksBracelet material: OystersteelClasp: Concealed folding CrownclaspDial: Pink mother-of-pearl set with diamondsGem-setting: Diamonds in 18 ct gold settingsCertification: Superlative Chronometer (COSC + Rolex certification after casing)1:1 quality fake TAG Heuer Carrera Calibre 16 CBM2112.FC6455 on sale with low price,AAA replica tag heuer Carrera CBM2112.FC6455 with best service for you.",122.4,USD,42668736,42668736,True
83244081,,Optimum Nutrition Gold Standard 100% Whey 5 lbs 73 Servings FREE SHIPPING,"Optimum NutritionGold Standard 100% Whey 5 lbsWhey Protein Isolates (WPI) are the purest form of whey protein that currently exists. WPIs are costly to use, but the rate among the best proteins that money can buy. That's why they're the first ingredient you read on the Gold Standard 100% Whey label. By using WPI as the primary ingredient along with premium ultra-filtered whey protein concentrate (WPC), we're able to pack 24 grams of protein into every serving. ON's attention to detail also extends to mixability. This superior quality powder has been instant to mix easily using a shaker cup or just a glass and spoon. There's no doubt that this is the standard by which all other whey proteins are measured.Whey Protein Isolate (WPI) Main IngredientWhey Protein Microfractions from Whey Protein Isolates & Ultra-Filtered Whey Protein ConcentrateOver 4 Grams of Glutamine & Glutamic Acid in Each ServingMore Than 5 Grams of the Naturally Occurring Branched Chain Amino Acids (BCAAs) Leucine, Isoleucine, and Valine in Each ServingThe ""Gold Standard"" for Protein Quality",59.99,USD,5101831,5101831,True
45667657,Everpure,Everpure? - Replacement Filter Cartridge for i20002,"Maintain great tasting, clean, filtered water by replacing the filter in your i20002 drinking water system....",97.00,USD,73416,73416,True
57882906,,Optimum Nutrition Gold Standard 100% Whey Chocolate Coconut - 5 lbs,,2061.12,MXN,1731975,1731975,True
49891889,,Optimum Nutrition Gold Standard Whey Protein Powder,"From runners to rugby players and tennis players to triathletes, whenever any type of athlete trains or competes their muscles need preparing and repairing to put them in the best shape next time out.Help kick starts your muscle growth with Optimum Nutrition¡¯s Gold Standard 100% Whey. The world¡¯s #1 selling whey protein powder delivers24 grams of protein with low levels of fat and 120 calories.5.5 grams of naturally occurring BCAA in each serving4 g glutamine & glutamine acidIngredientsProtein Blend (Whey Protein Isolates*, [Contains Emulsifier: Soy Lecithin], Whey Protein Concentrate*, Whey Peptides*), Flavorings, Cookie Biscuit Crumbs, Wheat Flour, Sugar, All-Vegetable Shortening, Reduced Fat Cocoa Powder, Salt, Raising Agent [Sodium Bicarbonate]), Salt, Stabilizers (Carrageenan, Guar Gum), Sweeteners (Sucralose, Acesulfame Potassium), Enzyme Complex (Amylase, Protease, Cellulase, Beta-D-Galactosidase, Lipase).Ingredients and nutritional values mayvary slightly depending on flavour.NutritionCalories111 KCALProtein24 GCarbohydrate2.4GOf Which Sugars1.3 GFat0.8GOf WhichSaturates0.5 GFibre0.1 GIngredients and nutritional values mayvaryslightly depending on flavour.",54.99,GBP,2187037,2187037,True
76164350,Ubiquiti,"Ubiquiti UniFi Indoor, 2.4GHz/5GHz,","UAP-AC-LITE - Indoor, 2.4GHz/5GHz, 802.11 a/b/g/n/ac, 1x 10/100/1000, 24V Passive PoE",98.95,EUR,5394733,5394733,True
12577609,,AAA Replica Omega Seamaster Planet Ocean 600M Co-Axial 39.5 Master Chronometer Watch 215.33.40.20.03.001,AAA Replica Omega Seamaster Planet Ocean 600M Co-Axial 39.5 Master Chronometer Watch 215.33.40.20.03.001 for sale from China with good prices.,,,61434302,61434302,True
82364086,,Flash Furniture CH-31320-30-YL-GG 30'' High Backless Yellow Metal Indoor-Outdoor Barstool with Square Seat,"The clean lines and simple design of this square, industrial style barstool will look great on your outdoor patio or inside your bar/restaurant.This stylish metal stool has a cross brace under the seat for added support and stability. Plastic bumpers on the cross brace protect the stool's finish when stacking these stools. A drain hole in the center of the seat allows water to drain, preventing rust. The lower support brace doubles as a footrest, and plastic floor glides protect your floor by sliding smoothly when moving it. Galvanized steel construction and a powder coat finish ensure durability and easy maintenance.Designed for both commercial and residential use, this trend-setting barstool is a great choice for your restaurant's outdoor dining area or your home bar. [CH-31320-30-YL-GG] Product Features Stackable Industrial Style Modern Stool 500 lb. Weight Capacity Stacks 4 to 8 High Backless Design Drain Hole in Seat Seat Size: 12''W Yellow Powder Coat Finish Galvanized Steel Construction Cross Brace under seat provides extra stability Plastic Caps on cross brace protect finish when stacked Footrest Protective Plastic Floor Glides Lightweight Design Designed for Indoor and Outdoor Use Designed for Commercial and Residential Use Arms: Big and Tall: Material: Galvanized Steel, Metal, Plastic Frame Material: Metal Seat Material: Metal Returnable: Yes Frame Color: Yellow Seat Color: Yellow Product Dimensions: Seat-Size: 12""W x 12""D Seat Height: 30""H Overall Dimension: 17""W x 17""D x 30""H",3.259E1,USD,3812470,3812470,True
92702787,,Everpure i2000 (2) EV9612-22 Replacement Cartridge,Everpure i2000 (2) EV9612-22 Replacement Cartridge,62.95,USD,73416,73416,True
18640012,,Uni Pc3M Posca Marker Gold,"Uni POSCA PC-3M water-based pigment ink marker. Writes on virtually any surface with no bleed through on paper. Polyester bullet-shaped nib writes a 0.9 - 1.3mm line. Uni POSCA markers use water-based pigment ink to produce poster-like vibrant colours. Writes on metal, glass, plastic, stone, etc. - virtually any surface. Non-bleed ink doesnt feather and doesnt bleed through paper, unlike alcohol-based markers. Writes on sketches, photographs and fabrics. Easily removed from glass - ideal for temporary signs on windows, windscreens, etc. Let dry after application and new ink can completely cover the previous colour.",2.94,GBP,86745,86745,True
13877575,,"Optimum Nutrition, Gold Standard 100% Whey, Delicious Strawberry, 5 lbs (2.27 kg)","For Muscle Support & Recovery24 g Protein - Helps Build and Maintain Muscles?5.5 g BCAAs** - Supports Endurance and RecoveryNaturally & Artificially FlavoredWhey Protein Isolates - Primary SourceBanned Substance Tested100% of the Protein from WheyProtein Powder Drink Mix73 ServingsNo Artifical Growth Hormones?Strength TrainingSports PerformanceActive LifestyleAuthentic Optimum Nutrition ProductGluten FreeInformed-Choice - Trusted by SportWhy GOLD STANDARD 100% WHEY? ?Packed with 24 grams of high-quality protein per serving to help build muscle?.Whey Protein Isolate (WPI) is the primary ingredient with further carbs and fat 'isolated' out.11 grams of naturally occurring Essential Amino Acids (EAAs) to support muscle recovery.The GOLD STANDARD? for protein quality, fueling over 2 billion workout recoveries worldwide since 1998.OPTIMUM? NUTRITION has been trusted to provide the highest quality in post-workout recovery, pre-workout energy, and on-the-go sports nutrition for over 30 years and in 90+ countries. After careful supplier selection, each ingredient is tested to assure exceptional purity, potency and composition. We hold ourselves to the highest production standards, all so you can unlock your body's full potential.**Naturally Occurring Amino Acids?When taken over time with regular resistance training?No significant difference has been shown between milk derived from rBST-treated and Non-rBST treated cows.Informed-Choice is a quality assurance program for sports nutrition products. The program certifies that nutritional supplements that bear the Informed-Choice logo had been tested for banned substances by the world class sports anti-doping lab, LGC Limited.",1456.36,MXN,1896117,1896117,True
93393039,,CLASSIC 10' CABLE WITH RIGHT ANGLE WHITE,"Ernie Ball instrument cables feature a high-quality design made with superior components that are built to last. Dual-conductors deliver reliably clear tone with crisp highs, tight mids, and rich harmonics. Multiple shielding materials preserve the signal with low handling noise, and the durable PVC jacket exterior ensures long-lasting performance. Cable length 10ft (3.05m).",4.395E1,AUD,75652795,75652795,True
12424092,,"Optimum Nutrition, Gold Standard, 100% Whey, White Chocolate, 5 lb (2.27 kg)","24 g Protein5.5 g BCAAs4 g Glutamine & Glutamic AcidNaturally & Artificially FlavoredWhey Protein Isolate - Primary SourceProtein Powder Drink Mix100% of The Protein From Whey73 ServingsTRUE STRENGTH?The True Strength of WheyWhey Protein Isolates (WPIs) are the purest form of whey protein that currently exists. WPIs are costly to use, but rate among the best protein that money can buy. That's why they're the first ingredient you read on the Gold Standard 100% Whey? label. By using WPI as the primary ingredient along with premium ultra-filtered whey protein concentrate (WPC), we're able to pack 24 grams of muscle-building protein into every serving. ON's attention to detail also extends to mixability. This superior quality powder has been instantized to mix easily using a shaker cup or just a glass and spoon. There's no doubt that this is the standard by which all other whey proteins are measured.Beyond The Basics77% Protein by Weight (24 g Protein per 31 Serving Size).Whey protein Isolates (WPI) Main Ingredient.Whey Protein Microfractions from Whey Protein Isolate and Ultra-Filtered Whey Protein Concentrate.Over 4 Grams of Glutamine & Glutamic Acid in Each Serving.More than 5 Grams of the Branched Chain Amino Acids (BCAAs) Leucine, Isoleucine, and Valine in Each Serving.The ""Gold Standard"" for Protein Quality.",235.74,ILS,1973003,1973003,True
94596740,,PELAGOS 42MM TITANIUM AND STEEL,"Five year Guarantee: Five-year transferable guarantee with no registration or periodic maintenance checks requiredCase: 42mm titanium and steel case with satin finishMovement:Manufacture Caliber MT5612 (COSC).Self-winding mechanical movement with bidirectional rotor systemPower Reserve: Power reserve of approximately 70 hoursWinding Crown: Titanium winding crown with TUDOR logo in relief. Helium escape valve at 9 o¡¯clockWaterproofness: Waterproof to 500m (1,640 ft)Bezel: Unidirectional rotatable bezel in titanium, graduated over 60 minutes with ceramic matte blue disc and graduations with white luminescent materialDial: Blue with white index. Date at 3 o¡¯clockCrystal: Sapphire crystalBracelet: Titanium bracelet with folding clasp and safety catch in steel with bracelet extension system developed and patented by TUDOR",4575.0,USD,5678886,5678886,True
84347869,,"Johnnie Walker, 12 Y - Black Label",,39.90,EUR,1387568,1387568,True
86039608,,Copy Rolex Datejust 31 Oystersteel 18 ct yellow gold M278243-0013 Champagne-colour Dial,"Buy Copy Rolex Datejust 31 Oystersteel 18 ct yellow gold M278243-0013 Champagne-colour Dial OnlineSpecificationsReference: 278243Model case: Oyster, 31 mm, Oystersteel and yellow goldOyster architecture: Monobloc middle case, screw-down case back and winding crownDiameter: 31 mmMaterial: Yellow Rolesor - combination of Oystersteel and 18 ct yellow goldBezel: DomedWinding crown: Screw-down, Twinlock double waterproofness systemCrystal: Scratch-resistant sapphire, Cyclops lens over the dateWater-resistance: Waterproof to 100 metres / 330 feetMovement: Perpetual, mechanical, self-windingCalibre: 2236, Manufacture RolexPrecision: -2/+2 sec/day, after casingFunctions: Centre hour, minute and seconds hands. Instantaneous date with rapid setting. Stop-seconds for precise time settingOscillator: Syloxi hairspring in silicon with patented geometry. High-performance Paraflex shock absorbersWinding: Bidirectional self-winding via Perpetual rotorPower reserve: Approximately 55 hoursBracelet: Oyster, flat three-piece linksBracelet material: Yellow Rolesor - combination of Oystersteel and 18 ct yellow goldClasp: Folding Oysterclasp with Easylink 5 mm comfort extension linkDial: Champagne-colourCertification: Superlative Chronometer (COSC + Rolex certification after casing)Our watches are in a price range between $100 to $500. Of course, we carry the latest models of well-known manufacturers such as Rolex, Omega, Cartier, TAG Heuer, Breitling. The latest models such as the Rolex replicas are offered here directly as a replica watch when the original appear in the bontique. We are just as up to date as your watches concessionaire around the corner. That's why we recommend you to visit our website regularly. Here in our online store, Swiss Replica Rolex Datejust 31 Oystersteel 18 ct yellow gold M278243-0013 Champagne-colour Dial at cheap discount.",135,USD,10390905,10390905,True
13514352,,Ubiquiti Networks UAP-AC-LITE Access point - Wit,AC Access Point UniFi WiFi AC1200 PoEincl. PoE adapter and bracket,8.349E1,EUR,5394733,5394733,True
43618988,Ernie Ball,"Ernie Ball Instrument Cable, iled, Black, 30ft"", ""Size: Cab","Ernie Ball Instrument Cables feature a high-end design made with superior components that are built to last.Instrument Cables transmit a clean transparent signal that is superbly quiet while accurately and faithfully delivering all the frequencies your instrument produces.These cables feature a dual-shielded, dual-conductor design and custom shell casing resulting in a tangle-resistant cable with clear sound, low handling noise, and roadworthy durability. 99.99% oxygen-free copper to resist corrosion. Flexible, tangle resistant construction. Dual-shielded, dual-conductor design for durability and low noise. Voiced for a natural, transparent sound with balanced frequency response. Durable shell casing for lasting performance.EB6049 EB6048 EB6047 EB6046 EB6045 EB6044",33.99,GBP,2487496,2487496,True
18688923,,TUDOR Black Bay 32 Steel & Gold (M79583-0001),"Case: 32-mm steel case with polished and satin finish Bezel: Yellow gold bezel with satin finish Movement: Self-winding mechanical movement, Caliber 2824 Dial: Black Winding Crown: Yellow gold screw-down winding crown with the TUDOR rose Crystal: Sapphire crystal Waterproof: Waterproof to 150 m (500 ft) Bracelet: Steel and gold bracelet, 5 links, polished and satin-brushed finish, with folding clasp and safety catch",4000.00,USD,3427240,3427240,True
19210924,,TUDOR Black Bay Steel & Gold (M79733N-0008),"Case: 41-mm steel case with polished and satin finish Bezel: Unidirectional rotating bezel in yellow gold with 60-minute graduated matte black anodized aluminum disk, gold markings Movement: Manufacture Caliber MT5612 (COSC) Self-winding mechanical movement with bidirectional rotor system Dial: Black, domed Winding Crown: Yellow gold screw-down winding crown, with the TUDOR rose engraved and lacquered in black, with black anodized aluminum winding crown tube Crystal: Domed sapphire crystal Waterproof: Waterproof to 200 m (660 ft) Bracelet: Steel and gold bracelet with folding clasp and safety catch",5200.00,USD,6999051,6999051,True
92798993,,"OPTIMUM NUTRITION GOLD STANDARD 100% WHEY ROCKY ROAD 5 LBS (2,273 G)","Optimum Nutrition100% Whey Protein - Gold Standard Rocky Road - 5 lbs is a great-tasting whey protein that uses Whey Protein Isolates, the purest and most expensive form of whey protein. It also contains HYDROWHEY whey peptides for quick digestion and utilization. This premium protein supplement has a fast-acting formula that contains over 5 grams of BCAAs and 4 grams of Glutamine & Precursors. It is specially designed to deliver maximum results in terms of muscle growth and repair.Optimum Nutrition100% Whey Protein - Gold Standard Rocky Road - 5 lbsunlike other whey protein powders, is instantized and can be easily mixed with a spoon. It also comes in a wide variety of flavors that are sure to tickle your taste buds.",89.66,USD,2187037,2187037,True
98456180,UbiQuiti,UbiQuiti Unfi UAP-AC-Lite Drahtlose Basisstation,,96.84,EUR,287570,287570,True
95577039,,TUDOR BLACK BAY H AUT ACE PEPSI TELA,,80600,MXN,46866501,46866501,True
12057738,,Canon EF 70-200mm f/2.8L USM Lens,A professional photographer¡¯s telephoto zoom lens with Canon L-series construction,1719.99,EUR,17986,17986,True
3129229,,"Ernie Ball 20ft'Ultraflex' Straight-Straight Instrument Cable,Black P/N P06046","Untitled Document Ernie Ball 20ft Straight-Straight Instrument CableBlackP/N P06046A strong and tangle free cable. You can rely on the Ernie Ball 20ft Straight-Straight Instrument Cable, Black to last. It's durable and flexible, perfect for gigging musicians that need a reliable cable.It's also tangle resistant so you'll be able to leave it packed away without worrying about it getting tangled up. You'll get clear tones too. Enjoy low handling noise, and a reliably clear sound thanks to its dual shielding. The Ernie Ball Instrument Cable is a classic style cable you can rely on.FeaturesUltra durable, reliable and flexibleTangle resistant - PVC exteriorDual-shielded protection for durability and noise free designDelivers clear tone with crisp highs, tight mids, and rich harmonicsRoadworthy construction99.95 percent oxygen-free copper to resist corrosion20ft cableSpecificationsLength: 20ft (6.09m)Colour: Black We Accept The Following Payment Types:- We Use The Following Delivery Methods: PLEASE NOTE FREE DELIVERY IS TO UK MAINLAND ONLY WHERE APPLICABLE.ALL ORDERS FOR ISLES OR OFFSHORE WILL INCUR DELIVERY CHARGES AT INTERNATIONAL RATES.",23.95,GBP,1868885,1868885,True
4150044,,JOHNNIE WALKER Green Label Blended Malt Scotch Whisky,"Indulge all of your senses with a smooth glass of Johnnie Walker Green Label Blended Malt Scotch Whisky. Crafted from a palette of Speyside, Highland, Lowland and Island malts and matured for at least 15 years, it delivers all the character of a single malt whisky, but with a greater depth of flavor. A Gold Medal Winner at the 2019 San Francisco World Spirits Competition, this spirit is a truly unique blend to savor while you sit back and unwind. Simply pour over ice in a whisky tumbler for an elegantly simple drink. Includes one 86 proof 750 mL bottle of Green Label Blended Malt Scotch Whisky. Please drink responsibly.",,,1480832,1480832,True
70600300,,2.27KG - 5.0LB / Strawberry,"OPTIMUM NUTRITION 100% WHEY GOLD STANDARD100% Whey Gold Standard is a lean protein blend from Optimum Nutrition.It uses a blend of whey protein isolate, whey protein concentrate and whey peptides to produce a product that is a high protein, low carbohydrate and low fat.Each scoop packs 24g protein,5.5g BCAA¡¯s and over 4g of glutamine for a very versatile protein powder.Whey protein is naturally high in amino acids, in particular, leucine. This is a key amino acid for triggering protein synthesis.Whey is also very similar to human tissue making it very easy for us to utilise.This mixes with ease, tastes fantastic and offers excellent value for money. With 4 sizes and 17 flavours to choose from, there is something for everyone.Optimum also went the extra mile adding digestive enzymes to every scoop to ensure it breaks down and absorbs without any upset stomachs.Whole food is still the king when it comes to nutrient intake. That being said there are times throughout the day a faster-digesting source can be of benefit. First thing in the morning and post-workout are times when protein intake is very important. Demand is very high and a fast-acting protein source is required. Whey protein is ideal at this time. High in amino acids and easily digested this speeds up the recovery process.HOW DO I USE 100% WHEY GOLD STANDARD?Mix 1 serving of Gold Standard 100% Whey in 300ml water in the morning with breakfast and again post-workout. These are times our bodies require a faster acting protein source.HOW MUCH DOES IT COST?100% Whey Gold Standard is $99.95 and has 74 serves making it $1.35/serve. This is for the 5lb/2.27kg size of the product. The bigger size offers even better value for money!SHOULD I USE ANYTHING ELSE WITH THIS FOR BEST RESULTS?If your goal is to increase muscle size and strength we¡¯d recommend taking creatine aswell. Simply add 10gm to your post-workout shake",9.995E1,AUD,1896117,1896117,True
37931146,,Flash Furniture CH-31320-30-OR-GG 30'' High Backless Orange Metal Indoor-Outdoor Barstool with Square Seat,"The clean lines and simple design of this square, industrial style barstool will look great on your outdoor patio or inside your bar/restaurant.This stylish metal stool has a cross brace under the seat for added support and stability. Plastic bumpers on the cross brace protect the stool's finish when stacking these stools. A drain hole in the center of the seat allows water to drain, preventing rust. The lower support brace doubles as a footrest, and plastic floor glides protect your floor by sliding smoothly when moving it. Galvanized steel construction and a powder coat finish ensure durability and easy maintenance.Designed for both commercial and residential use, this trend-setting barstool is a great choice for your restaurant's outdoor dining area or your home bar. [CH-31320-30-OR-GG] Product Features Stackable Industrial Style Modern Stool500 lb. Weight CapacityStacks 4 to 8 HighBackless DesignDrain Hole in SeatSeat Size: 12''WOrange Powder Coat FinishGalvanized Steel ConstructionCross Brace under seat provides extra stabilityPlastic Caps on cross brace protect finish when stackedFootrestProtective Plastic Floor GlidesLightweight DesignDesigned for Indoor and Outdoor UseDesigned for Commercial and Residential UseArms:Big and Tall:Material: Galvanized Steel, Metal, PlasticFrame Material: MetalSeat Material: MetalReturnable: YesFrame Color: OrangeSeat Color: Orange Product Dimensions: Seat-Size: 12""W x 12""DSeat Height: 30""HOverall Dimension: 17""W x 17""D x 30""H",47.99,USD,276201,276201,True
95552183,,Johnnie Walker Gold-Label Reserve Whisky 40o 100 Cl,Johnnie Walker Gold-Label Reserve Whisky 40o 100 Cl,52.9,EUR,473796,473796,True
18968441,Johnnie Walker,Johnnie Walker Black Label 1 Liter 40%vol.,,28.50,EUR,1387568,1387568,True
13205686,Johnnie Walker,Johnnie Walker Blue Label Blended Scotch Whisky 750ml Bottle,"Johnnie Walker Blue Label is the epitome of blending. Designed to reflect the style of whiskies in the early 19th century, Blue Label is created using some of Johnnie Walker's rarest casks.A blend of both grain and malt whiskeys from different distilleries, Blue Label has legions of avid supporters and detractors alike.¡­",192.97,USD,44982,44982,True
85641193,,TUDOR Pelagos with Ceramic Matte Blue Bezel and Titanium Bracelet,,4575.00,USD,5678886,5678886,True
89714881,,Rolex Datejust 31 18 ct Everose gold M278275-0027 Dark rhodium Dial,"If you're looking for a brand of new fashion replica watch, you've come to the right place. We always keep an eye out for anything new on the replica watch scene. So, keep coming back or else you might miss out on some amazing deals and unbelievable watch news. And remember, if it's a watch replica, then we've got it covered. Here in our online store, Purchase top quality replica Rolex Datejust 31 18 ct Everose gold M278275-0027 Dark rhodium Dial watches at Cloudwatches.co.Replica Watch DetailsSpecificationsReference: 278275Model case: Oyster, 31 mm, Everose goldOyster architecture: Monobloc middle case, screw-down case back and winding crownDiameter: 31 mmMaterial: 18 ct Everose goldBezel: FlutedWinding crown: Screw-down, Twinlock double waterproofness systemCrystal: Scratch-resistant sapphire, Cyclops lens over the dateWater-resistance: Waterproof to 100 metres / 330 feetMovement: Perpetual, mechanical, self-windingCalibre: 2236, Manufacture RolexPrecision: -2/+2 sec/day, after casingFunctions: Centre hour, minute and seconds hands. Instantaneous date with rapid setting. Stop-seconds for precise time settingOscillator: Syloxi hairspring in silicon with patented geometry. High-performance Paraflex shock absorbersWinding: Bidirectional self-winding via Perpetual rotorPower reserve: Approximately 55 hoursBracelet: President, semi-circular three-piece linksBracelet material: 18 ct Everose goldClasp: Concealed folding CrownclaspDial: Dark rhodiumCertification: Superlative Chronometer (COSC + Rolex certification after casing)",145,USD,29785216,29785216,True
97281594,Ernie Ball,Ernie Ball Ernie Ball -Instrument Cable - 20ft - ST/RA - White,,35.00,USD,2702997,2702997,True
35823397,,"POSCA Pigment Marker PC-3M, goldBullet Tip, 0,9 - 1,3 mm","POSCA Pigment Marker PC-3M, goldBullet Tip, 0,9 - 1,3 mmProduct InformationThe Posca pigment marker with its fine polyester tip is ideal for precise working on a small scale. Different stroke widths available. Details:replaceable polyester tipdoes not bleed through papereven and firm strokesalcohol- and solvent-free, odorlesswater-based inkwrites and removable on glass",2.49,EUR,86745,86745,True
19506949,,JOHNNIE WALKER GOLD BLENDED SCOTCH 1 Litre,,268.33,XCD,473796,473796,True
90516613,,CH-31320-30-BQ-GG 30 High Backless Black-Antique Gold Metal Indoor-Outdoor Barstool with Square Seat by Flash Furniture,,71.71,USD,6041456,6041456,True
50948610,,Ernie Ball Braided Instrument Cable 10' - Black/ Green,"Ernie Ball instrument cables feature a high-quality design made with superior components that are built to last. Dual-conductors deliver reliably clear tone with crisp highs, tight mids, and rich harmonics. Multiple shielding materials preserve the signal with low handling noise, and the braided jacket exterior provides a tangle-resistant experience. Cable length 10ft (3.05m).",2.199E1,USD,72639794,72639794,True
40470567,,Ernie Ball Standard Instrument Cable - 10' Straight/Straight,Ernie Ball Standard Instrument Cable - 10' Straight/Straight,19.99,USD,75652795,75652795,True
37652517,Ubiquiti Networks,Ubiquiti Unifi Ap-AC Lite - Wireless Access Point - 802.11 B/A/G/n/AC (UAPACLITEUS),Ubiquiti Networks networks Unifi AC Lite AP Wi-Fi 802.22Ubiquiti Networks networks Unifi AC Lite AP Wi-Fi 802.22.,77.95,USD,287570,287570,True
10997532,,Ernie Ball Instrument Cable 20'- Black,"Ernie Ball instrument cables feature a high-quality design made with superior components that are built to last. Dual-conductors deliver reliably clear tone with crisp highs, tight mids, and rich harmonics. Multiple shielding materials preserve the signal with low handling noise, and the durable PVC jacket exterior ensures long-lasting performance. Cable length 10ft (3.05m). Straight - Straight.",3.299E1,USD,1868885,1868885,True
88596856,Ernie Ball - Best Seller,"Ernie Ball 20' 1/4"" Straight/Angle Ultraflex Instrument Cable - White","Ernie Ball 20' 1/4"" Straight/Angle Straight Ultraflex Instrument Cable - White Ernie Ball Instrument Cables are constructed of high-end superior components that are built to last. Ernie Ball Instrument Cables transmit a clean transparent signal that is super quiet while accurately representing all the frequencies your instrument produces. Ernie Ball cables are dual-shielded with a dual-conductor design and custom shell casing that is tangle resistant with low handling noise that is durable enough to be taken on the road. Ernie Ball Cables Feature:1 x Straight End1 x 90-Degree Angled EndDual-ShieldedDual-Conductor DesignFlexible Tangle-Resistant Custom Shell Casing99.99% Oxygen-Free Copper to resist corrosionErnie Ball products are not available for I\international shipping. We apologize for any inconvenience this may cause. Please select from one of our many other string manufacturers for international shipping!",29.99,USD,2702997,2702997,True
80185739,,Johnnie WalkerGREEN 750ML 15 year old,,58.99,USD,1480832,1480832,True
12204925,,Black Bay S&G Automatic Men¡¯s Watch,,3070,GBP,2314198,2314198,True
34090287,,Black Bay GMT 41mm Steel,"Five year Guarantee: Five-year transferable guarantee with no registration or periodic maintenance checks requiredCase: 41-mm steel case with polished and satin finishMovement: Manufacture Caliber MT5652 (COSC) Self-winding mechanical movement with bidirectional rotor system Built-in architecturePower Reserve: Power reserve of approximately 38 hoursWinding Crown: Steel screw-down winding crown, with the TUDOR rose, with circular satin-brushed steel winding crown tubeWaterproofness: Waterproof to 200m (660 ft)Bezel: Bidirectional rotatable 48-notches bezel in steel with 24-hour graduated anodized aluminum disk in matte burgundy and blueDial: Black, domedCrystal: Domed sapphire crystalBracelet: Black fabric strap with burgundy band and buckle",3270.0,USD,46866501,46866501,True
50118951,,Black Bay 32 S&G Automatic Ladies Watch,,2990,GBP,3427240,3427240,True
63117104,Filter Pure,Everpure 7OF EV9607-03 Replacement Cartridge,The?Everpure 7OF EV9607-03 Replacement Cartridge reduces metallic stains and tastes in drinking water. Contact FilterPure for additional information.,137.88,USD,53473,53473,True
10723708,,Ernie Ball 10' Straight to Angle Braided Instrument Cable Black and Green,"Ernie Ball instrument straight to angle braided cables feature a high-quality design made with superior components that are built to last. Dual-conductors deliver reliably clear tone with crisp highs, tight mids, and rich harmonics. Multiple shielding materials preserve the signal with low handling noise, and the braided jacket exterior provides a tangle-resistant experience.All you have to do is choose a color that fits your style.FEATURESConnectors: Straight/Angle99.95% oxygen-free copper to resist corrosionFlexible, tangle-resistant performanceDual-shielded design for durability and low noiseClear tone with crisp highs, tight mids and rich harmonicsRoadworthy constructionLimited lifetime warranty",21.99,USD,72639794,72639794,True
59226089,,Replica Rolex Datejust 31 Oystersteel 18 ct yellow gold M278273-0003 Replica,"Are you looking for the cheap and best quality replica Replica Rolex Datejust 31 Oystersteel 18 ct yellow gold M278273-0003 watch? Replicawatchreport will be your good choice,We can offer Grand choice 1:1 Replica watches include almost all luxury brands,Offer the best replicas with a reasonable price,It is the best Choice below $300.Basic information for Genuine watchSpecificationsReference: 278273Model case: Oyster, 31 mm, Oystersteel and yellow goldOyster architecture: Monobloc middle case, screw-down case back and winding crownDiameter: 31 mmMaterial: Yellow Rolesor - combination of Oystersteel and 18 ct yellow goldBezel: FlutedWinding crown: Screw-down, Twinlock double waterproofness systemCrystal: Scratch-resistant sapphire, Cyclops lens over the dateWater-resistance: Waterproof to 100 metres/330 feetMovement: Perpetual, mechanical, self-windingCalibre: 2236, Manufacture RolexPrecision: -2/+2 sec/day, after casingFunctions: Centre hour, minute and seconds hands. Instantaneous date with rapid setting. Stop-seconds for precise time settingOscillator: Syloxi hairspring in silicon with patented geometry. High-performance Paraflex shock absorbersWinding: Bidirectional self-winding via Perpetual rotorPower reserve: Approximately 55 hoursBracelet: Oyster, flat three-piece linksBracelet material: Yellow Rolesor - combination of Oystersteel and 18 ct yellow goldClasp: Folding Oysterclasp with Easylink 5 mm comfort extension linkDial: Silver set with diamondsGem-setting: Large VI set with diamondsCertification: Superlative Chronometer (COSC + Rolex certification after casing)Notice: Thereplica Rolex Datejust m278273-0003 Is 1:1 look,with similar material,We use the Asian Movement(China or Japanese) which also work stable.Base on the cose,to make sure all functions work stable,some Chronograph model may use the Quartz movement even the Genuine watch was autoamtic.No Genuine Box and paper default,If you need,you can buy one on our site.",121.5,USD,72054429,72054429,True
60743541,,Johnnie Walker Blue Label Scotch,"Johnnie Walker Blue Label Scotch whisky, Blue Label is made from a few exceptional whiskies with powerful flavours. Each bottle is precious to us and is individually numbered.",149.49,GBP,44982,44982,True
26217615,,30'' HIGH BACKLESS BLACK-ANTIQUE GOLD METAL INDOOR-OUTDOOR BARSTOOL,Shipping Weight: 15 lbs. Seat Size: 12''W x 12''D Seat Height: 30''H Overall Width: 17''W Overall Depth: 17''D Overall Height: 30''H Weight Capacity: 500.000 lbs. Outbound Shipping: **4 Per Box**Additional Info: Stackable Industrial Style Modern Stool 500 lb. Weight Capacity Stacks 4 to 8 High Backless Design Drain Hole in Seat Seat Size: 12''W Black-Antique Gold Powder Coat Finish Galvanized Steel Construction Cross Brace under seat provides extra stability Plastic Caps on cross brace protect finish when stacked Footrest Protective Plastic Floor Glides Lightweight Design Designed for Indoor and Outdoor Use Designed for Commercial and Residential Use,45.15,USD,6041456,6041456,True
50968746,,Ernie Ball P06044 Black Coiled Straight to Straight Instrument Cable - 9 Metre,"Ernie Ball instrument cables feature a high-quality design made with superior components that are built to last. Dual-conductors deliver reliably clear tone with crisp highs, tight mids, and rich harmonics. Multiple shielding materials preserve the signal with low handling noise, and the durable PVC jacket exterior ensures long-lasting performance. Cable length 30ft (9.14m).FeaturesAhigh-quality design made with superior componentsDual-conductors deliver reliably clear tone with crisp highs, tight mids, and rich harmonicsMultiple shielding materials preserve the signal with low handling noiseDurable PVC jacket exterior ensures long-lasting performanceWarranty:12Months",57.50,AUD,2487496,2487496,True
70600274,,2.27KG - 5.0LB / Choc Coconut,"OPTIMUM NUTRITION 100% WHEY GOLD STANDARD100% Whey Gold Standard is a lean protein blend from Optimum Nutrition.It uses a blend of whey protein isolate, whey protein concentrate and whey peptides to produce a product that is a high protein, low carbohydrate and low fat.Each scoop packs 24g protein,5.5g BCAA¡¯s and over 4g of glutamine for a very versatile protein powder.Whey protein is naturally high in amino acids, in particular, leucine. This is a key amino acid for triggering protein synthesis.Whey is also very similar to human tissue making it very easy for us to utilise.This mixes with ease, tastes fantastic and offers excellent value for money. With 4 sizes and 17 flavours to choose from, there is something for everyone.Optimum also went the extra mile adding digestive enzymes to every scoop to ensure it breaks down and absorbs without any upset stomachs.Whole food is still the king when it comes to nutrient intake. That being said there are times throughout the day a faster-digesting source can be of benefit. First thing in the morning and post-workout are times when protein intake is very important. Demand is very high and a fast-acting protein source is required. Whey protein is ideal at this time. High in amino acids and easily digested this speeds up the recovery process.HOW DO I USE 100% WHEY GOLD STANDARD?Mix 1 serving of Gold Standard 100% Whey in 300ml water in the morning with breakfast and again post-workout. These are times our bodies require a faster acting protein source.HOW MUCH DOES IT COST?100% Whey Gold Standard is $99.95 and has 74 serves making it $1.35/serve. This is for the 5lb/2.27kg size of the product. The bigger size offers even better value for money!SHOULD I USE ANYTHING ELSE WITH THIS FOR BEST RESULTS?If your goal is to increase muscle size and strength we¡¯d recommend taking creatine aswell. Simply add 10gm to your post-workout shake",9.995E1,AUD,1731975,1731975,True
70600296,,2.27KG - 5.0LB / Strawberry Banana,"OPTIMUM NUTRITION 100% WHEY GOLD STANDARD100% Whey Gold Standard is a lean protein blend from Optimum Nutrition.It uses a blend of whey protein isolate, whey protein concentrate and whey peptides to produce a product that is a high protein, low carbohydrate and low fat.Each scoop packs 24g protein,5.5g BCAA¡¯s and over 4g of glutamine for a very versatile protein powder.Whey protein is naturally high in amino acids, in particular, leucine. This is a key amino acid for triggering protein synthesis.Whey is also very similar to human tissue making it very easy for us to utilise.This mixes with ease, tastes fantastic and offers excellent value for money. With 4 sizes and 17 flavours to choose from, there is something for everyone.Optimum also went the extra mile adding digestive enzymes to every scoop to ensure it breaks down and absorbs without any upset stomachs.Whole food is still the king when it comes to nutrient intake. That being said there are times throughout the day a faster-digesting source can be of benefit. First thing in the morning and post-workout are times when protein intake is very important. Demand is very high and a fast-acting protein source is required. Whey protein is ideal at this time. High in amino acids and easily digested this speeds up the recovery process.HOW DO I USE 100% WHEY GOLD STANDARD?Mix 1 serving of Gold Standard 100% Whey in 300ml water in the morning with breakfast and again post-workout. These are times our bodies require a faster acting protein source.HOW MUCH DOES IT COST?100% Whey Gold Standard is $99.95 and has 74 serves making it $1.35/serve. This is for the 5lb/2.27kg size of the product. The bigger size offers even better value for money!SHOULD I USE ANYTHING ELSE WITH THIS FOR BEST RESULTS?If your goal is to increase muscle size and strength we¡¯d recommend taking creatine aswell. Simply add 10gm to your post-workout shake",9.995E1,AUD,5101831,5101831,True
97360314,,Black Bay S&G 36mm Steel and Gold,"Five year Guarantee: Five-year transferable guarantee with no registration or periodic maintenance checks requiredCase: 36 mm steel case with polished satin finishMovement:Self-winding mechanical movement, Caliber 2824Power Reserve: Power reserve of approximately 38 hoursWinding Crown: Yellow gold screw-down winding crown with the TUDOR roseWaterproofness: Waterproof to 150m (500 ft)Bezel:Yellow gold bezel with satin finishDial:Champagne-colorCrystal: Sapphire crystalBracelet: Steel and gold bracelet, 5 links, polished and satin-brushed finish, with folding clasp and safety catch",4100.0,USD,2314198,2314198,True
70600261,,2.27KG - 5.0LB / White Chocolate,"OPTIMUM NUTRITION 100% WHEY GOLD STANDARD100% Whey Gold Standard is a lean protein blend from Optimum Nutrition.It uses a blend of whey protein isolate, whey protein concentrate and whey peptides to produce a product that is a high protein, low carbohydrate and low fat.Each scoop packs 24g protein,5.5g BCAA¡¯s and over 4g of glutamine for a very versatile protein powder.Whey protein is naturally high in amino acids, in particular, leucine. This is a key amino acid for triggering protein synthesis.Whey is also very similar to human tissue making it very easy for us to utilise.This mixes with ease, tastes fantastic and offers excellent value for money. With 4 sizes and 17 flavours to choose from, there is something for everyone.Optimum also went the extra mile adding digestive enzymes to every scoop to ensure it breaks down and absorbs without any upset stomachs.Whole food is still the king when it comes to nutrient intake. That being said there are times throughout the day a faster-digesting source can be of benefit. First thing in the morning and post-workout are times when protein intake is very important. Demand is very high and a fast-acting protein source is required. Whey protein is ideal at this time. High in amino acids and easily digested this speeds up the recovery process.HOW DO I USE 100% WHEY GOLD STANDARD?Mix 1 serving of Gold Standard 100% Whey in 300ml water in the morning with breakfast and again post-workout. These are times our bodies require a faster acting protein source.HOW MUCH DOES IT COST?100% Whey Gold Standard is $99.95 and has 74 serves making it $1.35/serve. This is for the 5lb/2.27kg size of the product. The bigger size offers even better value for money!SHOULD I USE ANYTHING ELSE WITH THIS FOR BEST RESULTS?If your goal is to increase muscle size and strength we¡¯d recommend taking creatine aswell. Simply add 10gm to your post-workout shake",8.995E1,AUD,1973003,1973003,True
1748964,,Canon EF 70200mm f28L USM Telephoto Lens,"The EF 70 200mm f2.8 L USM is a professionally quality, fast aperture telephoto zoom lens popular with wildlife and sports photographers, as well as those shooting weddings and portraiture.",,,17986,17986,True
65761443,,Rolex Datejust 31 Oystersteel 18 ct yellow gold M278343RBR-0019 Silver set with diamonds Dial,"Cloudwatches is a best replica watches online store, we have diversified service provider dedicating to supply our loyal and dependable customers with all replica watches online across the world. As an established company with a sound prestige in selling replica watches, we provide a wide array of replica watches and professional customer service. We are more than ready to show our unique prowess and speciality to gain our foundation, and we also provide fast delivery service. Here in our online store, Purchase top quality replica Rolex Datejust 31 Oystersteel 18 ct yellow gold M278343RBR-0019 Silver set with diamonds Dial watches at Cloudwatches.co.Replica Watch DetailsSpecificationsReference: 278343RBRModel case: Oyster, 31 mm, Oystersteel, yellow gold and diamondsOyster architecture: Monobloc middle case, screw-down case back and winding crownDiameter: 31 mmMaterial: Yellow Rolesor combination of Oystersteel and 18 ct yellow goldBezel: Domed, set with diamondsWinding crown: Screw-down, Twinlock double waterproofness systemCrystal: Scratch-resistant sapphire, Cyclops lens over the dateWater-resistance: Waterproof to 100 metres / 330 feetMovement: Perpetual, mechanical, self-windingCalibre: 2236, Manufacture RolexPrecision: -2/+2 sec/day, after casingFunctions: Centre hour, minute and seconds hands. Instantaneous date with rapid setting. Stop-seconds for precise time settingOscillator: Syloxi hairspring in silicon with patented geometry. High-performance Paraflex shock absorbersWinding: Bidirectional self-winding via Perpetual rotorPower reserve: Approximately 55 hoursBracelet: Oyster, flat three-piece linksBracelet material: Yellow Rolesor combination of Oystersteel and 18 ct yellow goldClasp: Folding Oysterclasp with Easylink 5 mm comfort extension linkDial: Silver set with diamondsGem-setting: Diamonds in 18 ct gold settingsCertification: Superlative Chronometer (COSC + Rolex certification after casing)",153,USD,65412764,65412764,True
77300355,,"FILTER, 7-OF, METALS/SULFUR/T&O REDUCTION CARTRIDGE, 1 PK",,121.66,USD,53473,53473,True
10171935,Omega,"Omega Seamaster Planet Ocean 600 M Co-Axial Master Chronometer 39,5mm",,4025.862069,EUR,61434302,61434302,True
41505583,,CH-31320-30-SIL-GG 30 High Backless Silver Metal Indoor-Outdoor Barstool with Square Seat by Flash Furniture,,67.67,USD,5779737,5779737,True
78273504,,TUDOR BLACK BAY H AUT 2T,,121150,MXN,6999051,6999051,True
11874069,,30'' HIGH BACKLESS METAL INDOOR-OUTDOOR BARSTOOL WITH SQUARE SEAT,Shipping Weight: 15 lbs. Seat Size: 12''W x 12''D Seat Height: 30''H Overall Width: 17''W Overall Depth: 17''D Overall Height: 30''H Weight Capacity: 500.000 lbs. Outbound Shipping: **4 Per Box** Additional Info: Stackable Industrial Style Modern Stool 500 lb. Weight Capacity Stacks 4 to 8 High Backless Design Drain Hole in Seat Seat Size: 12''W Powder Coat Finish Galvanized Steel Construction Cross Brace under seat provides extra stability Plastic Caps on cross brace protect finish when stacked Footrest Protective Plastic Floor Glides Lightweight Design Designed for Indoor and Outdoor Use Designed for Commercial and Residential Use,41.65,USD,1001541,1001541,True
